Customer ID,Frequency,Monetary,Last_Order,Order_Num,Recency,R,F,M,Segment
CUST1000,10,5449,ORD098210,98210,1790,5,2,2,New Customers
CUST1001,17,9378,ORD099672,99672,328,5,5,5,Champions
CUST1002,12,6764,ORD099107,99107,893,5,3,3,Loyal
CUST1003,7,4177,ORD085551,85551,14449,2,1,1,Promising
CUST1004,11,6763,ORD095609,95609,4391,4,3,3,Loyal
CUST1005,7,5716,ORD093810,93810,6190,3,1,2,Promising
CUST1006,9,5199,ORD087681,87681,12319,2,2,2,Promising
CUST1007,11,6350,ORD092099,92099,7901,3,3,3,Loyal
CUST1008,11,6406,ORD079692,79692,20308,1,3,3,At Risk
CUST1009,9,5590,ORD080117,80117,19883,1,2,2,Promising
CUST1010,9,4600,ORD097007,97007,2993,4,2,2,New Customers
CUST1011,13,7361,ORD082723,82723,17277,1,4,4,At Risk
CUST1012,7,4098,ORD086103,86103,13897,2,1,1,Promising
CUST1013,10,4317,ORD098967,98967,1033,5,2,1,New Customers
CUST1014,9,4668,ORD088677,88677,11323,2,2,2,Promising
CUST1015,10,7352,ORD094029,94029,5971,3,2,4,Potential Loyalists
CUST1016,10,6134,ORD093379,93379,6621,3,2,3,Potential Loyalists
CUST1017,12,5672,ORD097528,97528,2472,4,3,2,Loyal
CUST1018,8,4698,ORD092454,92454,7546,3,1,2,Promising
CUST1019,15,9354,ORD098950,98950,1050,5,5,5,Champions
CUST1020,14,10355,ORD084254,84254,15746,1,4,5,At Risk
CUST1021,9,4802,ORD094719,94719,5281,3,2,2,Promising
CUST1022,6,5105,ORD084560,84560,15440,1,1,2,Lost
CUST1023,14,6742,ORD073633,73633,26367,1,4,3,At Risk
CUST1024,14,8502,ORD098045,98045,1955,5,4,4,Champions
CUST1025,13,6727,ORD096281,96281,3719,4,4,3,Loyal
CUST1026,9,4104,ORD058565,58565,41435,1,2,1,Promising
CUST1027,9,8297,ORD097330,97330,2670,4,2,4,New Customers
CUST1028,5,5223,ORD098820,98820,1180,5,1,2,New Customers
CUST1029,8,2916,ORD099848,99848,152,5,1,1,New Customers
CUST1030,14,8190,ORD098473,98473,1527,5,4,4,Champions
CUST1031,11,7689,ORD082956,82956,17044,1,3,4,At Risk
CUST1032,13,6805,ORD096954,96954,3046,4,4,3,Loyal
CUST1033,13,9301,ORD099362,99362,638,5,4,5,Champions
CUST1034,14,9621,ORD094327,94327,5673,3,4,5,Loyal
CUST1035,10,5204,ORD085943,85943,14057,2,2,2,Promising
CUST1036,12,6770,ORD098393,98393,1607,5,3,3,Loyal
CUST1037,9,4669,ORD086697,86697,13303,2,2,2,Promising
CUST1038,6,4677,ORD096284,96284,3716,4,1,2,New Customers
CUST1039,10,7077,ORD095604,95604,4396,4,2,4,New Customers
CUST1040,9,5480,ORD093500,93500,6500,3,2,2,Promising
CUST1041,13,6634,ORD098955,98955,1045,5,4,3,Loyal
CUST1042,13,5482,ORD089225,89225,10775,2,4,2,At Risk
CUST1043,16,12076,ORD096834,96834,3166,4,5,5,Champions
CUST1044,13,9723,ORD081039,81039,18961,1,4,5,At Risk
CUST1045,12,4128,ORD096315,96315,3685,4,3,1,Loyal
CUST1046,13,8214,ORD097757,97757,2243,4,4,4,Champions
CUST1047,7,4591,ORD056535,56535,43465,1,1,2,Lost
CUST1048,9,4389,ORD095404,95404,4596,4,2,1,New Customers
CUST1049,12,5604,ORD093992,93992,6008,3,3,2,Loyal
CUST1050,17,6952,ORD090513,90513,9487,2,5,3,At Risk
CUST1051,6,3212,ORD081453,81453,18547,1,1,1,Lost
CUST1052,18,11338,ORD092737,92737,7263,3,5,5,Loyal
CUST1053,10,5850,ORD072372,72372,27628,1,2,3,Hibernating
CUST1054,17,9416,ORD091067,91067,8933,2,5,5,At Risk
CUST1055,8,4494,ORD097287,97287,2713,4,1,2,New Customers
CUST1056,7,4887,ORD047225,47225,52775,1,1,2,Lost
CUST1057,14,7280,ORD099828,99828,172,5,4,4,Champions
CUST1058,13,11465,ORD095403,95403,4597,4,4,5,Champions
CUST1059,9,5410,ORD091703,91703,8297,2,2,2,Promising
CUST1060,12,7628,ORD084566,84566,15434,1,3,4,At Risk
CUST1061,14,8202,ORD095119,95119,4881,3,4,4,Loyal
CUST1062,12,8001,ORD094977,94977,5023,3,3,4,Loyal
CUST1063,7,3831,ORD084023,84023,15977,1,1,1,Lost
CUST1064,12,8329,ORD095304,95304,4696,3,3,4,Loyal
CUST1065,5,3487,ORD067761,67761,32239,1,1,1,Lost
CUST1066,10,5921,ORD082720,82720,17280,1,2,3,Hibernating
CUST1067,10,4402,ORD085983,85983,14017,2,2,1,Promising
CUST1068,7,3414,ORD054412,54412,45588,1,1,1,Lost
CUST1069,16,11874,ORD097878,97878,2122,4,5,5,Champions
CUST1070,16,7463,ORD094568,94568,5432,3,5,4,Loyal
CUST1071,14,11738,ORD099700,99700,300,5,4,5,Champions
CUST1072,15,8544,ORD089041,89041,10959,2,5,4,At Risk
CUST1073,13,6633,ORD092945,92945,7055,3,4,3,Loyal
CUST1074,18,10646,ORD099536,99536,464,5,5,5,Champions
CUST1075,5,3265,ORD091620,91620,8380,2,1,1,Promising
CUST1076,12,6558,ORD089835,89835,10165,2,3,3,At Risk
CUST1077,8,4235,ORD086849,86849,13151,2,1,1,Promising
CUST1078,18,13782,ORD099465,99465,535,5,5,5,Champions
CUST1079,8,3580,ORD051161,51161,48839,1,1,1,Lost
CUST1080,12,8213,ORD089374,89374,10626,2,3,4,At Risk
CUST1081,12,6588,ORD099028,99028,972,5,3,3,Loyal
CUST1082,10,6320,ORD095300,95300,4700,3,2,3,Potential Loyalists
CUST1083,7,3873,ORD097414,97414,2586,4,1,1,New Customers
CUST1084,14,7473,ORD096313,96313,3687,4,4,4,Champions
CUST1085,9,4844,ORD089393,89393,10607,2,2,2,Promising
CUST1086,9,6229,ORD077549,77549,22451,1,2,3,Hibernating
CUST1087,11,9692,ORD099476,99476,524,5,3,5,Loyal
CUST1088,10,5001,ORD094180,94180,5820,3,2,2,Promising
CUST1089,12,4704,ORD099910,99910,90,5,3,2,Loyal
CUST1090,8,4066,ORD098019,98019,1981,5,1,1,New Customers
CUST1091,11,6653,ORD099528,99528,472,5,3,3,Loyal
CUST1092,7,3045,ORD094446,94446,5554,3,1,1,Promising
CUST1093,14,7354,ORD068508,68508,31492,1,4,4,At Risk
CUST1094,13,7203,ORD094771,94771,5229,3,4,4,Loyal
CUST1095,11,5922,ORD097334,97334,2666,4,3,3,Loyal
CUST1096,14,8264,ORD097789,97789,2211,4,4,4,Champions
CUST1097,9,4914,ORD098431,98431,1569,5,2,2,New Customers
CUST1098,7,3079,ORD098454,98454,1546,5,1,1,New Customers
CUST1099,13,5577,ORD090388,90388,9612,2,4,2,At Risk
CUST1100,14,10036,ORD093258,93258,6742,3,4,5,Loyal
CUST1101,4,1080,ORD065862,65862,34138,1,1,1,Lost
CUST1102,10,4964,ORD072968,72968,27032,1,2,2,Promising
CUST1103,10,4619,ORD090111,90111,9889,2,2,2,Promising
CUST1104,18,10893,ORD097240,97240,2760,4,5,5,Champions
CUST1105,12,4131,ORD098642,98642,1358,5,3,1,Loyal
CUST1106,14,5329,ORD078609,78609,21391,1,4,2,At Risk
CUST1107,14,11467,ORD098509,98509,1491,5,4,5,Champions
CUST1108,13,6796,ORD089638,89638,10362,2,4,3,At Risk
CUST1109,9,7077,ORD089520,89520,10480,2,2,4,Hibernating
CUST1110,16,12701,ORD098949,98949,1051,5,5,5,Champions
CUST1111,6,6281,ORD095981,95981,4019,4,1,3,New Customers
CUST1112,16,8218,ORD096190,96190,3810,4,5,4,Champions
CUST1113,16,14134,ORD091662,91662,8338,2,5,5,At Risk
CUST1114,10,9412,ORD085316,85316,14684,1,2,5,Hibernating
CUST1115,13,8005,ORD094875,94875,5125,3,4,4,Loyal
CUST1116,12,6644,ORD097722,97722,2278,4,3,3,Loyal
CUST1117,11,5106,ORD090747,90747,9253,2,3,2,At Risk
CUST1118,18,12189,ORD099352,99352,648,5,5,5,Champions
CUST1119,14,5743,ORD092905,92905,7095,3,4,2,Loyal
CUST1120,12,6999,ORD093474,93474,6526,3,3,4,Loyal
CUST1121,17,9873,ORD099689,99689,311,5,5,5,Champions
CUST1122,8,3190,ORD097779,97779,2221,4,1,1,New Customers
CUST1123,2,1051,ORD058542,58542,41458,1,1,1,Lost
CUST1124,11,5083,ORD098840,98840,1160,5,3,2,Loyal
CUST1125,9,4782,ORD090684,90684,9316,2,2,2,Promising
CUST1126,7,3645,ORD094084,94084,5916,3,1,1,Promising
CUST1127,18,7278,ORD098800,98800,1200,5,5,4,Champions
CUST1128,15,9199,ORD096548,96548,3452,4,5,5,Champions
CUST1129,19,10875,ORD098928,98928,1072,5,5,5,Champions
CUST1130,18,12137,ORD099071,99071,929,5,5,5,Champions
CUST1131,11,5601,ORD088699,88699,11301,2,3,2,At Risk
CUST1132,13,10288,ORD098533,98533,1467,5,4,5,Champions
CUST1133,7,4196,ORD068144,68144,31856,1,1,1,Lost
CUST1134,8,3824,ORD094535,94535,5465,3,1,1,Promising
CUST1135,13,5441,ORD097986,97986,2014,5,4,2,Loyal
CUST1136,14,11076,ORD091973,91973,8027,3,4,5,Loyal
CUST1137,18,9381,ORD089390,89390,10610,2,5,5,At Risk
CUST1138,13,11572,ORD079427,79427,20573,1,4,5,At Risk
CUST1139,11,8007,ORD082967,82967,17033,1,3,4,At Risk
CUST1140,6,3539,ORD097108,97108,2892,4,1,1,New Customers
CUST1141,7,4338,ORD091710,91710,8290,2,1,1,Promising
CUST1142,14,8433,ORD098695,98695,1305,5,4,4,Champions
CUST1143,12,6600,ORD099776,99776,224,5,3,3,Loyal
CUST1144,9,5737,ORD088588,88588,11412,2,2,2,Promising
CUST1145,14,10163,ORD098158,98158,1842,5,4,5,Champions
CUST1146,10,4923,ORD094983,94983,5017,3,2,2,Promising
CUST1147,7,2683,ORD076394,76394,23606,1,1,1,Lost
CUST1148,13,6136,ORD091575,91575,8425,2,4,3,At Risk
CUST1149,13,10452,ORD095647,95647,4353,4,4,5,Champions
CUST1150,11,6384,ORD099668,99668,332,5,3,3,Loyal
CUST1151,15,10658,ORD093936,93936,6064,3,5,5,Loyal
CUST1152,13,8538,ORD095254,95254,4746,3,4,4,Loyal
CUST1153,11,8039,ORD088882,88882,11118,2,3,4,At Risk
CUST1154,9,9439,ORD099866,99866,134,5,2,5,New Customers
CUST1155,10,7057,ORD099583,99583,417,5,2,4,New Customers
CUST1156,11,7513,ORD089672,89672,10328,2,3,4,At Risk
CUST1157,14,7596,ORD084828,84828,15172,1,4,4,At Risk
CUST1158,15,8927,ORD096524,96524,3476,4,5,5,Champions
CUST1159,16,8463,ORD089774,89774,10226,2,5,4,At Risk
CUST1160,13,6506,ORD094933,94933,5067,3,4,3,Loyal
CUST1161,9,5586,ORD079604,79604,20396,1,2,2,Promising
CUST1162,13,6102,ORD079010,79010,20990,1,4,3,At Risk
CUST1163,7,4513,ORD098876,98876,1124,5,1,2,New Customers
CUST1164,13,9144,ORD099727,99727,273,5,4,5,Champions
CUST1165,4,1978,ORD090655,90655,9345,2,1,1,Promising
CUST1166,12,7131,ORD087639,87639,12361,2,3,4,At Risk
CUST1167,9,2622,ORD092674,92674,7326,3,2,1,Promising
CUST1168,11,6651,ORD096633,96633,3367,4,3,3,Loyal
CUST1169,8,5664,ORD092094,92094,7906,3,1,2,Promising
CUST1170,16,9093,ORD099440,99440,560,5,5,5,Champions
CUST1171,11,6534,ORD072514,72514,27486,1,3,3,At Risk
CUST1172,12,7718,ORD091452,91452,8548,2,3,4,At Risk
CUST1173,16,8733,ORD098011,98011,1989,5,5,5,Champions
CUST1174,11,5878,ORD094727,94727,5273,3,3,3,Loyal
CUST1175,12,12494,ORD097106,97106,2894,4,3,5,Loyal
CUST1176,17,10917,ORD099981,99981,19,5,5,5,Champions
CUST1177,8,4147,ORD094804,94804,5196,3,1,1,Promising
CUST1178,8,5152,ORD071712,71712,28288,1,1,2,Lost
CUST1179,8,3672,ORD088355,88355,11645,2,1,1,Promising
CUST1180,7,5326,ORD096938,96938,3062,4,1,2,New Customers
CUST1181,13,8445,ORD098207,98207,1793,5,4,4,Champions
CUST1182,16,9027,ORD096849,96849,3151,4,5,5,Champions
CUST1183,14,7619,ORD096191,96191,3809,4,4,4,Champions
CUST1184,11,6242,ORD094505,94505,5495,3,3,3,Loyal
CUST1185,10,7109,ORD073594,73594,26406,1,2,4,Hibernating
CUST1186,8,4629,ORD093880,93880,6120,3,1,2,Promising
CUST1187,15,8985,ORD091748,91748,8252,2,5,5,At Risk
CUST1188,10,5534,ORD098114,98114,1886,5,2,2,New Customers
CUST1189,11,9328,ORD097546,97546,2454,4,3,5,Loyal
CUST1190,7,3932,ORD074919,74919,25081,1,1,1,Lost
CUST1191,10,6371,ORD094402,94402,5598,3,2,3,Potential Loyalists
CUST1192,5,4776,ORD092633,92633,7367,3,1,2,Promising
CUST1193,10,5370,ORD085286,85286,14714,1,2,2,Promising
CUST1194,12,6894,ORD079430,79430,20570,1,3,3,At Risk
CUST1195,15,12255,ORD089195,89195,10805,2,5,5,At Risk
CUST1196,14,11171,ORD090253,90253,9747,2,4,5,At Risk
CUST1197,16,5983,ORD097940,97940,2060,4,5,3,Loyal
CUST1198,10,4421,ORD095787,95787,4213,4,2,1,New Customers
CUST1199,10,5403,ORD084952,84952,15048,1,2,2,Promising
CUST1200,10,6233,ORD098976,98976,1024,5,2,3,New Customers
CUST1201,11,9357,ORD084457,84457,15543,1,3,5,At Risk
CUST1202,14,8630,ORD095133,95133,4867,3,4,5,Loyal
CUST1203,11,6697,ORD099625,99625,375,5,3,3,Loyal
CUST1204,11,9228,ORD095947,95947,4053,4,3,5,Loyal
CUST1205,8,5538,ORD085228,85228,14772,1,1,2,Lost
CUST1206,18,9537,ORD096786,96786,3214,4,5,5,Champions
CUST1207,12,7398,ORD095278,95278,4722,3,3,4,Loyal
CUST1208,11,3954,ORD071755,71755,28245,1,3,1,At Risk
CUST1209,8,3763,ORD076530,76530,23470,1,1,1,Lost
CUST1210,14,7089,ORD098135,98135,1865,5,4,4,Champions
CUST1211,8,7878,ORD093944,93944,6056,3,1,4,Promising
CUST1212,9,7082,ORD071282,71282,28718,1,2,4,Hibernating
CUST1213,11,4765,ORD079216,79216,20784,1,3,2,At Risk
CUST1214,14,7787,ORD096350,96350,3650,4,4,4,Champions
CUST1215,11,5097,ORD070713,70713,29287,1,3,2,At Risk
CUST1216,10,5969,ORD097504,97504,2496,4,2,3,New Customers
CUST1217,13,7548,ORD094467,94467,5533,3,4,4,Loyal
CUST1218,10,6945,ORD090314,90314,9686,2,2,3,Hibernating
CUST1219,8,5257,ORD096477,96477,3523,4,1,2,New Customers
CUST1220,6,2703,ORD099632,99632,368,5,1,1,New Customers
CUST1221,11,7508,ORD097930,97930,2070,4,3,4,Loyal
CUST1222,11,7324,ORD096535,96535,3465,4,3,4,Loyal
CUST1223,12,7944,ORD087833,87833,12167,2,3,4,At Risk
CUST1224,10,4195,ORD095774,95774,4226,4,2,1,New Customers
CUST1225,17,14491,ORD097368,97368,2632,4,5,5,Champions
CUST1226,6,3410,ORD099973,99973,27,5,1,1,New Customers
CUST1227,15,9487,ORD084212,84212,15788,1,5,5,At Risk
CUST1228,11,9454,ORD092010,92010,7990,3,3,5,Loyal
CUST1229,17,11036,ORD086698,86698,13302,2,5,5,At Risk
CUST1230,9,7945,ORD078621,78621,21379,1,2,4,Hibernating
CUST1231,14,7517,ORD095618,95618,4382,4,4,4,Champions
CUST1232,16,9472,ORD080886,80886,19114,1,5,5,At Risk
CUST1233,10,4334,ORD095255,95255,4745,3,2,1,Promising
CUST1234,9,4859,ORD092394,92394,7606,3,2,2,Promising
CUST1235,14,6803,ORD098378,98378,1622,5,4,3,Loyal
CUST1236,7,5402,ORD091395,91395,8605,2,1,2,Promising
CUST1237,10,7103,ORD079833,79833,20167,1,2,4,Hibernating
CUST1238,17,9293,ORD098009,98009,1991,5,5,5,Champions
CUST1239,2,671,ORD066243,66243,33757,1,1,1,Lost
CUST1240,5,1820,ORD099688,99688,312,5,1,1,New Customers
CUST1241,14,7515,ORD097800,97800,2200,4,4,4,Champions
CUST1242,8,5031,ORD075585,75585,24415,1,1,2,Lost
CUST1243,16,7927,ORD097300,97300,2700,4,5,4,Champions
CUST1244,21,11126,ORD098117,98117,1883,5,5,5,Champions
CUST1245,9,3684,ORD099450,99450,550,5,2,1,New Customers
CUST1246,8,6107,ORD079375,79375,20625,1,1,3,Hibernating
CUST1247,10,5155,ORD091877,91877,8123,3,2,2,Promising
CUST1248,6,3663,ORD094643,94643,5357,3,1,1,Promising
CUST1249,8,4322,ORD093270,93270,6730,3,1,1,Promising
CUST1250,7,5650,ORD093888,93888,6112,3,1,2,Promising
CUST1251,7,2753,ORD088900,88900,11100,2,1,1,Promising
CUST1252,9,5323,ORD077097,77097,22903,1,2,2,Promising
CUST1253,10,5338,ORD096905,96905,3095,4,2,2,New Customers
CUST1254,10,5216,ORD093078,93078,6922,3,2,2,Promising
CUST1255,16,9679,ORD087548,87548,12452,2,5,5,At Risk
CUST1256,11,7280,ORD093010,93010,6990,3,3,4,Loyal
CUST1257,10,5002,ORD087348,87348,12652,2,2,2,Promising
CUST1258,7,2288,ORD086136,86136,13864,2,1,1,Promising
CUST1259,10,5921,ORD093585,93585,6415,3,2,3,Potential Loyalists
CUST1260,11,7841,ORD064583,64583,35417,1,3,4,At Risk
CUST1261,7,3334,ORD093427,93427,6573,3,1,1,Promising
CUST1262,9,5164,ORD092349,92349,7651,3,2,2,Promising
CUST1263,10,5147,ORD089383,89383,10617,2,2,2,Promising
CUST1264,16,10126,ORD099641,99641,359,5,5,5,Champions
CUST1265,10,6964,ORD089988,89988,10012,2,2,3,Hibernating
CUST1266,18,9370,ORD098925,98925,1075,5,5,5,Champions
CUST1267,8,3162,ORD096099,96099,3901,4,1,1,New Customers
CUST1268,14,8266,ORD091731,91731,8269,2,4,4,At Risk
CUST1269,15,7123,ORD097592,97592,2408,4,5,4,Champions
CUST1270,8,6227,ORD072362,72362,27638,1,1,3,Hibernating
CUST1271,14,9080,ORD099060,99060,940,5,4,5,Champions
CUST1272,16,7590,ORD095856,95856,4144,4,5,4,Champions
CUST1273,10,5202,ORD050494,50494,49506,1,2,2,Promising
CUST1274,7,3287,ORD085968,85968,14032,2,1,1,Promising
CUST1275,4,1848,ORD078399,78399,21601,1,1,1,Lost
CUST1276,16,11658,ORD096445,96445,3555,4,5,5,Champions
CUST1277,11,8529,ORD087729,87729,12271,2,3,4,At Risk
CUST1278,12,6593,ORD087904,87904,12096,2,3,3,At Risk
CUST1279,8,5408,ORD071438,71438,28562,1,1,2,Lost
CUST1280,12,7621,ORD097786,97786,2214,4,3,4,Loyal
CUST1281,13,7954,ORD087317,87317,12683,2,4,4,At Risk
CUST1282,8,3966,ORD086902,86902,13098,2,1,1,Promising
CUST1283,11,4335,ORD091704,91704,8296,2,3,1,At Risk
CUST1284,16,7368,ORD095467,95467,4533,4,5,4,Champions
CUST1285,9,5692,ORD098993,98993,1007,5,2,2,New Customers
CUST1286,10,5213,ORD098486,98486,1514,5,2,2,New Customers
CUST1287,7,4637,ORD090218,90218,9782,2,1,2,Promising
CUST1288,3,1951,ORD093259,93259,6741,3,1,1,Promising
CUST1289,11,7174,ORD099499,99499,501,5,3,4,Loyal
CUST1290,13,8324,ORD090993,90993,9007,2,4,4,At Risk
CUST1291,13,9488,ORD098361,98361,1639,5,4,5,Champions
CUST1292,15,9033,ORD099644,99644,356,5,5,5,Champions
CUST1293,13,8911,ORD097056,97056,2944,4,4,5,Champions
CUST1294,12,6853,ORD099330,99330,670,5,3,3,Loyal
CUST1295,11,5323,ORD095683,95683,4317,4,3,2,Loyal
CUST1296,12,6408,ORD098778,98778,1222,5,3,3,Loyal
CUST1297,14,12853,ORD099491,99491,509,5,4,5,Champions
CUST1298,12,9547,ORD087129,87129,12871,2,3,5,At Risk
CUST1299,16,8481,ORD097621,97621,2379,4,5,4,Champions
CUST1300,4,3461,ORD091389,91389,8611,2,1,1,Promising
CUST1301,11,6268,ORD095227,95227,4773,3,3,3,Loyal
CUST1302,14,8767,ORD095758,95758,4242,4,4,5,Champions
CUST1303,11,5905,ORD068849,68849,31151,1,3,3,At Risk
CUST1304,12,6813,ORD097107,97107,2893,4,3,3,Loyal
CUST1305,10,3827,ORD094932,94932,5068,3,2,1,Promising
CUST1306,9,7664,ORD098896,98896,1104,5,2,4,New Customers
CUST1307,10,5421,ORD095951,95951,4049,4,2,2,New Customers
CUST1308,6,2082,ORD077774,77774,22226,1,1,1,Lost
CUST1309,15,9182,ORD099103,99103,897,5,5,5,Champions
CUST1310,13,5950,ORD093834,93834,6166,3,4,3,Loyal
CUST1311,12,6617,ORD098036,98036,1964,5,3,3,Loyal
CUST1312,9,5704,ORD090650,90650,9350,2,2,2,Promising
CUST1313,8,4002,ORD099013,99013,987,5,1,1,New Customers
CUST1314,6,4282,ORD089555,89555,10445,2,1,1,Promising
CUST1315,12,5057,ORD096555,96555,3445,4,3,2,Loyal
CUST1316,11,9163,ORD092725,92725,7275,3,3,5,Loyal
CUST1317,8,4801,ORD095247,95247,4753,3,1,2,Promising
CUST1318,14,8777,ORD091091,91091,8909,2,4,5,At Risk
CUST1319,10,4109,ORD099563,99563,437,5,2,1,New Customers
CUST1320,10,8132,ORD091796,91796,8204,3,2,4,Potential Loyalists
CUST1321,9,5194,ORD082445,82445,17555,1,2,2,Promising
CUST1322,11,8126,ORD098984,98984,1016,5,3,4,Loyal
CUST1323,14,7974,ORD084537,84537,15463,1,4,4,At Risk
CUST1324,9,4892,ORD052406,52406,47594,1,2,2,Promising
CUST1325,15,11570,ORD095610,95610,4390,4,5,5,Champions
CUST1326,10,6702,ORD092743,92743,7257,3,2,3,Potential Loyalists
CUST1327,13,4724,ORD080025,80025,19975,1,4,2,At Risk
CUST1328,9,4843,ORD089636,89636,10364,2,2,2,Promising
CUST1329,8,4843,ORD092720,92720,7280,3,1,2,Promising
CUST1330,10,5663,ORD098440,98440,1560,5,2,2,New Customers
CUST1331,9,7092,ORD092079,92079,7921,3,2,4,Potential Loyalists
CUST1332,15,7370,ORD096988,96988,3012,4,5,4,Champions
CUST1333,8,4078,ORD092959,92959,7041,3,1,1,Promising
CUST1334,13,8727,ORD075188,75188,24812,1,4,5,At Risk
CUST1335,9,4879,ORD092893,92893,7107,3,2,2,Promising
CUST1336,8,4040,ORD099925,99925,75,5,1,1,New Customers
CUST1337,8,4326,ORD090713,90713,9287,2,1,1,Promising
CUST1338,10,5072,ORD091209,91209,8791,2,2,2,Promising
CUST1339,17,11502,ORD094479,94479,5521,3,5,5,Loyal
CUST1340,7,3450,ORD093262,93262,6738,3,1,1,Promising
CUST1341,15,8670,ORD094578,94578,5422,3,5,5,Loyal
CUST1342,12,5207,ORD089872,89872,10128,2,3,2,At Risk
CUST1343,10,7915,ORD095861,95861,4139,4,2,4,New Customers
CUST1344,11,7831,ORD080576,80576,19424,1,3,4,At Risk
CUST1345,10,7298,ORD093972,93972,6028,3,2,4,Potential Loyalists
CUST1346,9,4652,ORD095960,95960,4040,4,2,2,New Customers
CUST1347,5,3420,ORD090369,90369,9631,2,1,1,Promising
CUST1348,17,9697,ORD089935,89935,10065,2,5,5,At Risk
CUST1349,17,8808,ORD093014,93014,6986,3,5,5,Loyal
CUST1350,5,1469,ORD069691,69691,30309,1,1,1,Lost
CUST1351,17,11012,ORD097994,97994,2006,5,5,5,Champions
CUST1352,14,9197,ORD098100,98100,1900,5,4,5,Champions
CUST1353,10,7331,ORD099227,99227,773,5,2,4,New Customers
CUST1354,14,7747,ORD093525,93525,6475,3,4,4,Loyal
CUST1355,16,7376,ORD095463,95463,4537,4,5,4,Champions
CUST1356,14,10882,ORD093706,93706,6294,3,4,5,Loyal
CUST1357,7,3892,ORD093263,93263,6737,3,1,1,Promising
CUST1358,13,8204,ORD083204,83204,16796,1,4,4,At Risk
CUST1359,13,7101,ORD091251,91251,8749,2,4,4,At Risk
CUST1360,7,4081,ORD080011,80011,19989,1,1,1,Lost
CUST1361,11,4866,ORD079014,79014,20986,1,3,2,At Risk
CUST1362,10,4682,ORD085918,85918,14082,2,2,2,Promising
CUST1363,9,4114,ORD076463,76463,23537,1,2,1,Promising
CUST1364,8,2608,ORD074557,74557,25443,1,1,1,Lost
CUST1365,3,2030,ORD077093,77093,22907,1,1,1,Lost
CUST1366,11,6322,ORD097607,97607,2393,4,3,3,Loyal
CUST1367,8,3775,ORD095201,95201,4799,3,1,1,Promising
CUST1368,14,6990,ORD099790,99790,210,5,4,3,Loyal
CUST1369,10,6683,ORD070427,70427,29573,1,2,3,Hibernating
CUST1370,10,5815,ORD077246,77246,22754,1,2,3,Hibernating
CUST1371,11,6421,ORD099255,99255,745,5,3,3,Loyal
CUST1372,12,7202,ORD096852,96852,3148,4,3,4,Loyal
CUST1373,4,2098,ORD098620,98620,1380,5,1,1,New Customers
CUST1374,10,7276,ORD071633,71633,28367,1,2,4,Hibernating
CUST1375,14,10665,ORD094367,94367,5633,3,4,5,Loyal
CUST1376,18,9436,ORD099885,99885,115,5,5,5,Champions
CUST1377,14,9526,ORD093234,93234,6766,3,4,5,Loyal
CUST1378,15,10485,ORD095631,95631,4369,4,5,5,Champions
CUST1379,16,10277,ORD090060,90060,9940,2,5,5,At Risk
CUST1380,17,10042,ORD089632,89632,10368,2,5,5,At Risk
CUST1381,11,6167,ORD097353,97353,2647,4,3,3,Loyal
CUST1382,11,5635,ORD098235,98235,1765,5,3,2,Loyal
CUST1383,12,6282,ORD092972,92972,7028,3,3,3,Loyal
CUST1384,10,5608,ORD097921,97921,2079,4,2,2,New Customers
CUST1385,15,8400,ORD094878,94878,5122,3,5,4,Loyal
CUST1386,9,5603,ORD092985,92985,7015,3,2,2,Promising
CUST1387,13,8824,ORD096188,96188,3812,4,4,5,Champions
CUST1388,14,6321,ORD097289,97289,2711,4,4,3,Loyal
CUST1389,7,4651,ORD074709,74709,25291,1,1,2,Lost
CUST1390,8,3609,ORD092670,92670,7330,3,1,1,Promising
CUST1391,10,6388,ORD095687,95687,4313,4,2,3,New Customers
CUST1392,9,3696,ORD063320,63320,36680,1,2,1,Promising
CUST1393,15,12888,ORD093170,93170,6830,3,5,5,Loyal
CUST1394,12,5448,ORD090585,90585,9415,2,3,2,At Risk
CUST1395,9,6574,ORD084701,84701,15299,1,2,3,Hibernating
CUST1396,13,8461,ORD088539,88539,11461,2,4,4,At Risk
CUST1397,11,9519,ORD094184,94184,5816,3,3,5,Loyal
CUST1398,6,4683,ORD089820,89820,10180,2,1,2,Promising
CUST1399,10,4518,ORD080729,80729,19271,1,2,2,Promising
CUST1400,11,5657,ORD096428,96428,3572,4,3,2,Loyal
CUST1401,19,12495,ORD099075,99075,925,5,5,5,Champions
CUST1402,11,5422,ORD081112,81112,18888,1,3,2,At Risk
CUST1403,10,5406,ORD089246,89246,10754,2,2,2,Promising
CUST1404,9,5525,ORD091802,91802,8198,3,2,2,Promising
CUST1405,8,5010,ORD080819,80819,19181,1,1,2,Lost
CUST1406,13,9893,ORD086782,86782,13218,2,4,5,At Risk
CUST1407,14,7193,ORD095382,95382,4618,4,4,4,Champions
CUST1408,15,9054,ORD090864,90864,9136,2,5,5,At Risk
CUST1409,10,5740,ORD093999,93999,6001,3,2,2,Promising
CUST1410,8,4604,ORD093924,93924,6076,3,1,2,Promising
CUST1411,7,2006,ORD097656,97656,2344,4,1,1,New Customers
CUST1412,10,7944,ORD096654,96654,3346,4,2,4,New Customers
CUST1413,6,3429,ORD070740,70740,29260,1,1,1,Lost
CUST1414,13,7274,ORD097467,97467,2533,4,4,4,Champions
CUST1415,9,4803,ORD091568,91568,8432,2,2,2,Promising
CUST1416,12,8996,ORD092380,92380,7620,3,3,5,Loyal
CUST1417,14,8435,ORD088741,88741,11259,2,4,4,At Risk
CUST1418,10,7547,ORD095054,95054,4946,3,2,4,Potential Loyalists
CUST1419,11,6760,ORD093681,93681,6319,3,3,3,Loyal
CUST1420,16,11420,ORD093991,93991,6009,3,5,5,Loyal
CUST1421,10,7808,ORD092763,92763,7237,3,2,4,Potential Loyalists
CUST1422,12,8421,ORD092672,92672,7328,3,3,4,Loyal
CUST1423,14,8693,ORD093605,93605,6395,3,4,5,Loyal
CUST1424,11,6965,ORD092212,92212,7788,3,3,3,Loyal
CUST1425,11,4542,ORD082745,82745,17255,1,3,2,At Risk
CUST1426,9,6434,ORD091945,91945,8055,3,2,3,Potential Loyalists
CUST1427,9,6552,ORD090931,90931,9069,2,2,3,Hibernating
CUST1428,17,13840,ORD095341,95341,4659,4,5,5,Champions
CUST1429,7,3951,ORD097067,97067,2933,4,1,1,New Customers
CUST1430,17,9916,ORD075127,75127,24873,1,5,5,At Risk
CUST1431,17,9475,ORD078632,78632,21368,1,5,5,At Risk
CUST1432,11,7176,ORD073643,73643,26357,1,3,4,At Risk
CUST1433,5,2784,ORD077668,77668,22332,1,1,1,Lost
CUST1434,9,4786,ORD093807,93807,6193,3,2,2,Promising
CUST1435,12,6780,ORD099302,99302,698,5,3,3,Loyal
CUST1436,7,4376,ORD099937,99937,63,5,1,1,New Customers
CUST1437,6,3740,ORD093570,93570,6430,3,1,1,Promising
CUST1438,10,6476,ORD051172,51172,48828,1,2,3,Hibernating
CUST1439,15,7056,ORD096485,96485,3515,4,5,4,Champions
CUST1440,13,6341,ORD081545,81545,18455,1,4,3,At Risk
CUST1441,8,3140,ORD097437,97437,2563,4,1,1,New Customers
CUST1442,7,6340,ORD093806,93806,6194,3,1,3,Promising
CUST1443,12,7680,ORD079899,79899,20101,1,3,4,At Risk
CUST1444,10,6009,ORD098760,98760,1240,5,2,3,New Customers
CUST1445,8,5543,ORD095137,95137,4863,3,1,2,Promising
CUST1446,12,7756,ORD085881,85881,14119,2,3,4,At Risk
CUST1447,13,11317,ORD096494,96494,3506,4,4,5,Champions
CUST1448,14,9229,ORD098890,98890,1110,5,4,5,Champions
CUST1449,12,7030,ORD099843,99843,157,5,3,4,Loyal
CUST1450,12,6390,ORD093993,93993,6007,3,3,3,Loyal
CUST1451,13,7894,ORD083475,83475,16525,1,4,4,At Risk
CUST1452,7,4096,ORD066438,66438,33562,1,1,1,Lost
CUST1453,13,7662,ORD088420,88420,11580,2,4,4,At Risk
CUST1454,8,6979,ORD080196,80196,19804,1,1,3,Hibernating
CUST1455,13,6517,ORD097236,97236,2764,4,4,3,Loyal
CUST1456,6,3525,ORD063763,63763,36237,1,1,1,Lost
CUST1457,13,7387,ORD097709,97709,2291,4,4,4,Champions
CUST1458,12,8986,ORD098601,98601,1399,5,3,5,Loyal
CUST1459,12,7865,ORD099768,99768,232,5,3,4,Loyal
CUST1460,14,9270,ORD097822,97822,2178,4,4,5,Champions
CUST1461,15,8454,ORD095180,95180,4820,3,5,4,Loyal
CUST1462,11,6856,ORD097859,97859,2141,4,3,3,Loyal
CUST1463,11,6430,ORD099336,99336,664,5,3,3,Loyal
CUST1464,5,4188,ORD050044,50044,49956,1,1,1,Lost
CUST1465,5,2264,ORD097780,97780,2220,4,1,1,New Customers
CUST1466,14,6965,ORD098233,98233,1767,5,4,3,Loyal
CUST1467,8,4621,ORD097552,97552,2448,4,1,2,New Customers
CUST1468,8,5159,ORD084209,84209,15791,1,1,2,Lost
CUST1469,12,4805,ORD098150,98150,1850,5,3,2,Loyal
CUST1470,12,5944,ORD093690,93690,6310,3,3,3,Loyal
CUST1471,15,8446,ORD097700,97700,2300,4,5,4,Champions
CUST1472,15,9390,ORD074856,74856,25144,1,5,5,At Risk
CUST1473,11,6563,ORD099114,99114,886,5,3,3,Loyal
CUST1474,17,6497,ORD098370,98370,1630,5,5,3,Loyal
CUST1475,13,7058,ORD097423,97423,2577,4,4,4,Champions
CUST1476,14,7806,ORD095276,95276,4724,3,4,4,Loyal
CUST1477,14,10430,ORD090673,90673,9327,2,4,5,At Risk
CUST1478,16,8783,ORD099497,99497,503,5,5,5,Champions
CUST1479,12,6618,ORD083043,83043,16957,1,3,3,At Risk
CUST1480,18,12617,ORD095611,95611,4389,4,5,5,Champions
CUST1481,12,9721,ORD092254,92254,7746,3,3,5,Loyal
CUST1482,8,3911,ORD084475,84475,15525,1,1,1,Lost
CUST1483,15,9521,ORD096198,96198,3802,4,5,5,Champions
CUST1484,12,5910,ORD086668,86668,13332,2,3,3,At Risk
CUST1485,9,7671,ORD079786,79786,20214,1,2,4,Hibernating
CUST1486,15,8116,ORD096319,96319,3681,4,5,4,Champions
CUST1487,9,5124,ORD099088,99088,912,5,2,2,New Customers
CUST1488,12,7160,ORD099467,99467,533,5,3,4,Loyal
CUST1489,12,6383,ORD096015,96015,3985,4,3,3,Loyal
CUST1490,13,8711,ORD091980,91980,8020,3,4,5,Loyal
CUST1491,15,10023,ORD096858,96858,3142,4,5,5,Champions
CUST1492,5,2039,ORD099245,99245,755,5,1,1,New Customers
CUST1493,13,8436,ORD092777,92777,7223,3,4,4,Loyal
CUST1494,18,10300,ORD084097,84097,15903,1,5,5,At Risk
CUST1495,4,2110,ORD071156,71156,28844,1,1,1,Lost
CUST1496,16,9692,ORD096537,96537,3463,4,5,5,Champions
CUST1497,8,7005,ORD082949,82949,17051,1,1,4,Hibernating
CUST1498,13,8361,ORD096794,96794,3206,4,4,4,Champions
CUST1499,8,2472,ORD085553,85553,14447,2,1,1,Promising
CUST1500,15,8992,ORD089734,89734,10266,2,5,5,At Risk
CUST1501,12,6858,ORD079768,79768,20232,1,3,3,At Risk
CUST1502,9,5469,ORD093420,93420,6580,3,2,2,Promising
CUST1503,4,1778,ORD083914,83914,16086,1,1,1,Lost
CUST1504,10,7706,ORD094615,94615,5385,3,2,4,Potential Loyalists
CUST1505,12,6181,ORD097565,97565,2435,4,3,3,Loyal
CUST1506,9,6090,ORD090687,90687,9313,2,2,3,Hibernating
CUST1507,14,7874,ORD099643,99643,357,5,4,4,Champions
CUST1508,14,6812,ORD097549,97549,2451,4,4,3,Loyal
CUST1509,9,6264,ORD083469,83469,16531,1,2,3,Hibernating
CUST1510,17,9152,ORD094738,94738,5262,3,5,5,Loyal
CUST1511,12,6792,ORD099043,99043,957,5,3,3,Loyal
CUST1512,9,6336,ORD079531,79531,20469,1,2,3,Hibernating
CUST1513,9,5198,ORD084512,84512,15488,1,2,2,Promising
CUST1514,12,6600,ORD098054,98054,1946,5,3,3,Loyal
CUST1515,14,7710,ORD099890,99890,110,5,4,4,Champions
CUST1516,7,3640,ORD095940,95940,4060,4,1,1,New Customers
CUST1517,15,9176,ORD087831,87831,12169,2,5,5,At Risk
CUST1518,8,8095,ORD092574,92574,7426,3,1,4,Promising
CUST1519,13,5543,ORD095405,95405,4595,4,4,2,Loyal
CUST1520,6,4235,ORD088162,88162,11838,2,1,1,Promising
CUST1521,7,3114,ORD090034,90034,9966,2,1,1,Promising
CUST1522,12,6326,ORD098751,98751,1249,5,3,3,Loyal
CUST1523,7,3819,ORD083772,83772,16228,1,1,1,Lost
CUST1524,15,5441,ORD086955,86955,13045,2,5,2,At Risk
CUST1525,18,12866,ORD098246,98246,1754,5,5,5,Champions
CUST1526,10,6077,ORD099475,99475,525,5,2,3,New Customers
CUST1527,8,4416,ORD094852,94852,5148,3,1,1,Promising
CUST1528,12,6734,ORD081900,81900,18100,1,3,3,At Risk
CUST1529,10,6144,ORD087219,87219,12781,2,2,3,Hibernating
CUST1530,11,7695,ORD074755,74755,25245,1,3,4,At Risk
CUST1531,10,6603,ORD087121,87121,12879,2,2,3,Hibernating
CUST1532,14,6777,ORD094866,94866,5134,3,4,3,Loyal
CUST1533,11,7789,ORD091201,91201,8799,2,3,4,At Risk
CUST1534,10,6616,ORD080956,80956,19044,1,2,3,Hibernating
CUST1535,16,9763,ORD099756,99756,244,5,5,5,Champions
CUST1536,5,1070,ORD048898,48898,51102,1,1,1,Lost
CUST1537,8,3756,ORD094373,94373,5627,3,1,1,Promising
CUST1538,9,5475,ORD098527,98527,1473,5,2,2,New Customers
CUST1539,11,7138,ORD086397,86397,13603,2,3,4,At Risk
CUST1540,14,9419,ORD096719,96719,3281,4,4,5,Champions
CUST1541,9,5193,ORD093813,93813,6187,3,2,2,Promising
CUST1542,10,4409,ORD092028,92028,7972,3,2,1,Promising
CUST1543,17,9136,ORD097839,97839,2161,4,5,5,Champions
CUST1544,10,6801,ORD097620,97620,2380,4,2,3,New Customers
CUST1545,12,8353,ORD092640,92640,7360,3,3,4,Loyal
CUST1546,16,9591,ORD099830,99830,170,5,5,5,Champions
CUST1547,9,7613,ORD095967,95967,4033,4,2,4,New Customers
CUST1548,11,4924,ORD081342,81342,18658,1,3,2,At Risk
CUST1549,17,8203,ORD099722,99722,278,5,5,4,Champions
CUST1550,17,8453,ORD095706,95706,4294,4,5,4,Champions
CUST1551,8,6581,ORD090143,90143,9857,2,1,3,Hibernating
CUST1552,8,5145,ORD084191,84191,15809,1,1,2,Lost
CUST1553,10,6114,ORD084648,84648,15352,1,2,3,Hibernating
CUST1554,12,5229,ORD098584,98584,1416,5,3,2,Loyal
CUST1555,14,10784,ORD090958,90958,9042,2,4,5,At Risk
CUST1556,8,3774,ORD058223,58223,41777,1,1,1,Lost
CUST1557,9,4373,ORD099974,99974,26,5,2,1,New Customers
CUST1558,9,3321,ORD077321,77321,22679,1,2,1,Promising
CUST1559,5,3423,ORD096010,96010,3990,4,1,1,New Customers
CUST1560,8,5389,ORD077304,77304,22696,1,1,2,Lost
CUST1561,4,3325,ORD069206,69206,30794,1,1,1,Lost
CUST1562,9,5115,ORD098996,98996,1004,5,2,2,New Customers
CUST1563,7,3345,ORD074962,74962,25038,1,1,1,Lost
CUST1564,11,8640,ORD099391,99391,609,5,3,5,Loyal
CUST1565,7,3605,ORD091654,91654,8346,2,1,1,Promising
CUST1566,12,7391,ORD095550,95550,4450,4,3,4,Loyal
CUST1567,9,6306,ORD091122,91122,8878,2,2,3,Hibernating
CUST1568,7,3985,ORD099116,99116,884,5,1,1,New Customers
CUST1569,12,6855,ORD095680,95680,4320,4,3,3,Loyal
CUST1570,10,5292,ORD094597,94597,5403,3,2,2,Promising
CUST1571,11,4701,ORD098490,98490,1510,5,3,2,Loyal
CUST1572,15,10893,ORD088140,88140,11860,2,5,5,At Risk
CUST1573,9,6335,ORD094214,94214,5786,3,2,3,Potential Loyalists
CUST1574,8,5275,ORD099383,99383,617,5,1,2,New Customers
CUST1575,10,6268,ORD084811,84811,15189,1,2,3,Hibernating
CUST1576,13,7172,ORD094858,94858,5142,3,4,4,Loyal
CUST1577,13,7785,ORD095920,95920,4080,4,4,4,Champions
CUST1578,8,5426,ORD099137,99137,863,5,1,2,New Customers
CUST1579,8,4308,ORD084710,84710,15290,1,1,1,Lost
CUST1580,8,5878,ORD099065,99065,935,5,1,3,New Customers
CUST1581,12,4148,ORD098313,98313,1687,5,3,1,Loyal
CUST1582,7,4078,ORD081548,81548,18452,1,1,1,Lost
CUST1583,9,4502,ORD074933,74933,25067,1,2,2,Promising
CUST1584,9,5790,ORD076128,76128,23872,1,2,3,Hibernating
CUST1585,15,8762,ORD096642,96642,3358,4,5,5,Champions
CUST1586,12,7656,ORD096609,96609,3391,4,3,4,Loyal
CUST1587,12,8929,ORD095216,95216,4784,3,3,5,Loyal
CUST1588,8,5493,ORD092910,92910,7090,3,1,2,Promising
CUST1589,9,4239,ORD096652,96652,3348,4,2,1,New Customers
CUST1590,14,9332,ORD098076,98076,1924,5,4,5,Champions
CUST1591,15,10150,ORD098894,98894,1106,5,5,5,Champions
CUST1592,7,5114,ORD093342,93342,6658,3,1,2,Promising
CUST1593,10,5170,ORD090089,90089,9911,2,2,2,Promising
CUST1594,10,8056,ORD097647,97647,2353,4,2,4,New Customers
CUST1595,12,5367,ORD091886,91886,8114,3,3,2,Loyal
CUST1596,15,10264,ORD098559,98559,1441,5,5,5,Champions
CUST1597,7,2386,ORD093269,93269,6731,3,1,1,Promising
CUST1598,8,4832,ORD065844,65844,34156,1,1,2,Lost
CUST1599,10,7623,ORD094060,94060,5940,3,2,4,Potential Loyalists
CUST1600,11,4545,ORD094400,94400,5600,3,3,2,Loyal
CUST1601,10,5880,ORD090907,90907,9093,2,2,3,Hibernating
CUST1602,7,3678,ORD091564,91564,8436,2,1,1,Promising
CUST1603,10,3700,ORD091851,91851,8149,3,2,1,Promising
CUST1604,6,4579,ORD094604,94604,5396,3,1,2,Promising
CUST1605,20,16185,ORD096878,96878,3122,4,5,5,Champions
CUST1606,15,9298,ORD075890,75890,24110,1,5,5,At Risk
CUST1607,12,8156,ORD099622,99622,378,5,3,4,Loyal
CUST1608,10,5221,ORD084602,84602,15398,1,2,2,Promising
CUST1609,16,8476,ORD095450,95450,4550,4,5,4,Champions
CUST1610,12,8379,ORD096059,96059,3941,4,3,4,Loyal
CUST1611,9,8692,ORD094300,94300,5700,3,2,5,Potential Loyalists
CUST1612,15,5876,ORD088625,88625,11375,2,5,3,At Risk
CUST1613,17,10803,ORD098451,98451,1549,5,5,5,Champions
CUST1614,10,3910,ORD098501,98501,1499,5,2,1,New Customers
CUST1615,13,9602,ORD091759,91759,8241,3,4,5,Loyal
CUST1616,11,5728,ORD097367,97367,2633,4,3,2,Loyal
CUST1617,10,5294,ORD090549,90549,9451,2,2,2,Promising
CUST1618,13,7682,ORD083252,83252,16748,1,4,4,At Risk
CUST1619,9,6486,ORD088695,88695,11305,2,2,3,Hibernating
CUST1620,10,5925,ORD094002,94002,5998,3,2,3,Potential Loyalists
CUST1621,9,3881,ORD097726,97726,2274,4,2,1,New Customers
CUST1622,6,3414,ORD087166,87166,12834,2,1,1,Promising
CUST1623,14,8345,ORD094924,94924,5076,3,4,4,Loyal
CUST1624,5,2687,ORD072445,72445,27555,1,1,1,Lost
CUST1625,11,7428,ORD080935,80935,19065,1,3,4,At Risk
CUST1626,6,3685,ORD096889,96889,3111,4,1,1,New Customers
CUST1627,11,6730,ORD096680,96680,3320,4,3,3,Loyal
CUST1628,5,2084,ORD072357,72357,27643,1,1,1,Lost
CUST1629,6,3446,ORD089305,89305,10695,2,1,1,Promising
CUST1630,11,7593,ORD091413,91413,8587,2,3,4,At Risk
CUST1631,4,3644,ORD077540,77540,22460,1,1,1,Lost
CUST1632,10,5562,ORD085516,85516,14484,2,2,2,Promising
CUST1633,8,3336,ORD093480,93480,6520,3,1,1,Promising
CUST1634,11,5938,ORD088665,88665,11335,2,3,3,At Risk
CUST1635,8,5597,ORD089287,89287,10713,2,1,2,Promising
CUST1636,6,3017,ORD097383,97383,2617,4,1,1,New Customers
CUST1637,12,8364,ORD098241,98241,1759,5,3,4,Loyal
CUST1638,17,9792,ORD094459,94459,5541,3,5,5,Loyal
CUST1639,10,5598,ORD097817,97817,2183,4,2,2,New Customers
CUST1640,15,9021,ORD096635,96635,3365,4,5,5,Champions
CUST1641,7,5326,ORD091240,91240,8760,2,1,2,Promising
CUST1642,10,7138,ORD090251,90251,9749,2,2,4,Hibernating
CUST1643,9,5295,ORD099178,99178,822,5,2,2,New Customers
CUST1644,15,8269,ORD084243,84243,15757,1,5,4,At Risk
CUST1645,16,9489,ORD092163,92163,7837,3,5,5,Loyal
CUST1646,15,5694,ORD096155,96155,3845,4,5,2,Loyal
CUST1647,12,5169,ORD095476,95476,4524,4,3,2,Loyal
CUST1648,10,6335,ORD095373,95373,4627,4,2,3,New Customers
CUST1649,11,7109,ORD099341,99341,659,5,3,4,Loyal
CUST1650,9,4580,ORD095322,95322,4678,4,2,2,New Customers
CUST1651,14,8622,ORD092330,92330,7670,3,4,5,Loyal
CUST1652,12,5376,ORD099846,99846,154,5,3,2,Loyal
CUST1653,12,6351,ORD094833,94833,5167,3,3,3,Loyal
CUST1654,10,6408,ORD091514,91514,8486,2,2,3,Hibernating
CUST1655,11,6470,ORD097774,97774,2226,4,3,3,Loyal
CUST1656,8,5178,ORD068123,68123,31877,1,1,2,Lost
CUST1657,16,8647,ORD090975,90975,9025,2,5,5,At Risk
CUST1658,10,6487,ORD098838,98838,1162,5,2,3,New Customers
CUST1659,14,9051,ORD092784,92784,7216,3,4,5,Loyal
CUST1660,7,3334,ORD057818,57818,42182,1,1,1,Lost
CUST1661,10,4496,ORD091641,91641,8359,2,2,2,Promising
CUST1662,11,7311,ORD086953,86953,13047,2,3,4,At Risk
CUST1663,8,4977,ORD094389,94389,5611,3,1,2,Promising
CUST1664,10,5644,ORD080433,80433,19567,1,2,2,Promising
CUST1665,14,8787,ORD092834,92834,7166,3,4,5,Loyal
CUST1666,8,5070,ORD088205,88205,11795,2,1,2,Promising
CUST1667,13,7264,ORD097717,97717,2283,4,4,4,Champions
CUST1668,11,9678,ORD087714,87714,12286,2,3,5,At Risk
CUST1669,11,4762,ORD098228,98228,1772,5,3,2,Loyal
CUST1670,11,6228,ORD081191,81191,18809,1,3,3,At Risk
CUST1671,7,5578,ORD098645,98645,1355,5,1,2,New Customers
CUST1672,19,10410,ORD083278,83278,16722,1,5,5,At Risk
CUST1673,7,3886,ORD098070,98070,1930,5,1,1,New Customers
CUST1674,12,7331,ORD097037,97037,2963,4,3,4,Loyal
CUST1675,8,5482,ORD089056,89056,10944,2,1,2,Promising
CUST1676,6,1802,ORD099967,99967,33,5,1,1,New Customers
CUST1677,6,2870,ORD099997,99997,3,5,1,1,New Customers
CUST1678,6,1827,ORD093932,93932,6068,3,1,1,Promising
CUST1679,12,5728,ORD090194,90194,9806,2,3,2,At Risk
CUST1680,17,9924,ORD099792,99792,208,5,5,5,Champions
CUST1681,10,5570,ORD094632,94632,5368,3,2,2,Promising
CUST1682,12,9487,ORD082306,82306,17694,1,3,5,At Risk
CUST1683,9,5327,ORD084929,84929,15071,1,2,2,Promising
CUST1684,13,8389,ORD098589,98589,1411,5,4,4,Champions
CUST1685,14,6921,ORD083016,83016,16984,1,4,3,At Risk
CUST1686,13,7120,ORD090455,90455,9545,2,4,4,At Risk
CUST1687,13,8152,ORD089789,89789,10211,2,4,4,At Risk
CUST1688,13,7016,ORD084951,84951,15049,1,4,4,At Risk
CUST1689,10,4887,ORD098184,98184,1816,5,2,2,New Customers
CUST1690,14,8795,ORD097275,97275,2725,4,4,5,Champions
CUST1691,8,2718,ORD085221,85221,14779,1,1,1,Lost
CUST1692,11,6728,ORD095499,95499,4501,4,3,3,Loyal
CUST1693,11,5651,ORD077203,77203,22797,1,3,2,At Risk
CUST1694,7,3597,ORD082828,82828,17172,1,1,1,Lost
CUST1695,8,4488,ORD077264,77264,22736,1,1,1,Lost
CUST1696,9,6633,ORD086969,86969,13031,2,2,3,Hibernating
CUST1697,12,5744,ORD098489,98489,1511,5,3,2,Loyal
CUST1698,12,6993,ORD098914,98914,1086,5,3,3,Loyal
CUST1699,13,9279,ORD098632,98632,1368,5,4,5,Champions
CUST1700,6,5192,ORD092210,92210,7790,3,1,2,Promising
CUST1701,10,10503,ORD093842,93842,6158,3,2,5,Potential Loyalists
CUST1702,13,10257,ORD099831,99831,169,5,4,5,Champions
CUST1703,10,7560,ORD095571,95571,4429,4,2,4,New Customers
CUST1704,8,4322,ORD090012,90012,9988,2,1,1,Promising
CUST1705,10,4410,ORD092474,92474,7526,3,2,1,Promising
CUST1706,10,5744,ORD058289,58289,41711,1,2,2,Promising
CUST1707,10,5545,ORD091797,91797,8203,3,2,2,Promising
CUST1708,11,7876,ORD077840,77840,22160,1,3,4,At Risk
CUST1709,12,6939,ORD084015,84015,15985,1,3,3,At Risk
CUST1710,14,9693,ORD095191,95191,4809,3,4,5,Loyal
CUST1711,9,4216,ORD092676,92676,7324,3,2,1,Promising
CUST1712,9,5086,ORD091174,91174,8826,2,2,2,Promising
CUST1713,12,8110,ORD097578,97578,2422,4,3,4,Loyal
CUST1714,15,9087,ORD097306,97306,2694,4,5,5,Champions
CUST1715,14,6616,ORD094673,94673,5327,3,4,3,Loyal
CUST1716,13,8546,ORD086752,86752,13248,2,4,4,At Risk
CUST1717,11,7124,ORD086652,86652,13348,2,3,4,At Risk
CUST1718,15,10478,ORD096197,96197,3803,4,5,5,Champions
CUST1719,12,7817,ORD096176,96176,3824,4,3,4,Loyal
CUST1720,8,4955,ORD090450,90450,9550,2,1,2,Promising
CUST1721,12,6298,ORD091817,91817,8183,3,3,3,Loyal
CUST1722,10,5265,ORD081115,81115,18885,1,2,2,Promising
CUST1723,10,6957,ORD092031,92031,7969,3,2,3,Potential Loyalists
CUST1724,12,6152,ORD089025,89025,10975,2,3,3,At Risk
CUST1725,13,7933,ORD092643,92643,7357,3,4,4,Loyal
CUST1726,7,4778,ORD089426,89426,10574,2,1,2,Promising
CUST1727,12,5516,ORD099359,99359,641,5,3,2,Loyal
CUST1728,12,7811,ORD088783,88783,11217,2,3,4,At Risk
CUST1729,10,6062,ORD076624,76624,23376,1,2,3,Hibernating
CUST1730,8,4149,ORD091250,91250,8750,2,1,1,Promising
CUST1731,7,3804,ORD094375,94375,5625,3,1,1,Promising
CUST1732,14,5459,ORD089910,89910,10090,2,4,2,At Risk
CUST1733,11,6445,ORD097998,97998,2002,5,3,3,Loyal
CUST1734,14,7847,ORD097033,97033,2967,4,4,4,Champions
CUST1735,11,6824,ORD098402,98402,1598,5,3,3,Loyal
CUST1736,6,2764,ORD084041,84041,15959,1,1,1,Lost
CUST1737,10,7664,ORD080212,80212,19788,1,2,4,Hibernating
CUST1738,15,7575,ORD096054,96054,3946,4,5,4,Champions
CUST1739,12,8169,ORD099865,99865,135,5,3,4,Loyal
CUST1740,10,4784,ORD096967,96967,3033,4,2,2,New Customers
CUST1741,15,8070,ORD093359,93359,6641,3,5,4,Loyal
CUST1742,12,5708,ORD099847,99847,153,5,3,2,Loyal
CUST1743,12,6171,ORD099753,99753,247,5,3,3,Loyal
CUST1744,12,8785,ORD095086,95086,4914,3,3,5,Loyal
CUST1745,16,11312,ORD093255,93255,6745,3,5,5,Loyal
CUST1746,11,6119,ORD096251,96251,3749,4,3,3,Loyal
CUST1747,10,5626,ORD086820,86820,13180,2,2,2,Promising
CUST1748,12,7796,ORD082876,82876,17124,1,3,4,At Risk
CUST1749,12,9183,ORD091125,91125,8875,2,3,5,At Risk
CUST1750,10,4562,ORD098861,98861,1139,5,2,2,New Customers
CUST1751,10,5398,ORD094275,94275,5725,3,2,2,Promising
CUST1752,12,6699,ORD096026,96026,3974,4,3,3,Loyal
CUST1753,17,11083,ORD095778,95778,4222,4,5,5,Champions
CUST1754,8,2667,ORD092823,92823,7177,3,1,1,Promising
CUST1755,8,3308,ORD084662,84662,15338,1,1,1,Lost
CUST1756,13,8033,ORD080700,80700,19300,1,4,4,At Risk
CUST1757,12,5943,ORD099416,99416,584,5,3,3,Loyal
CUST1758,8,6865,ORD098552,98552,1448,5,1,3,New Customers
CUST1759,10,7438,ORD090208,90208,9792,2,2,4,Hibernating
CUST1760,13,8935,ORD082948,82948,17052,1,4,5,At Risk
CUST1761,12,9152,ORD095795,95795,4205,4,3,5,Loyal
CUST1762,10,8079,ORD086908,86908,13092,2,2,4,Hibernating
CUST1763,5,3728,ORD095812,95812,4188,4,1,1,New Customers
CUST1764,13,6736,ORD098271,98271,1729,5,4,3,Loyal
CUST1765,11,7935,ORD097711,97711,2289,4,3,4,Loyal
CUST1766,6,3854,ORD084946,84946,15054,1,1,1,Lost
CUST1767,7,4210,ORD097072,97072,2928,4,1,1,New Customers
CUST1768,15,8862,ORD091489,91489,8511,2,5,5,At Risk
CUST1769,15,7568,ORD088547,88547,11453,2,5,4,At Risk
CUST1770,13,8282,ORD095179,95179,4821,3,4,4,Loyal
CUST1771,13,8116,ORD086262,86262,13738,2,4,4,At Risk
CUST1772,12,7038,ORD097156,97156,2844,4,3,4,Loyal
CUST1773,15,11406,ORD095109,95109,4891,3,5,5,Loyal
CUST1774,11,6347,ORD083194,83194,16806,1,3,3,At Risk
CUST1775,12,5017,ORD094204,94204,5796,3,3,2,Loyal
CUST1776,8,4587,ORD095942,95942,4058,4,1,2,New Customers
CUST1777,15,7893,ORD093308,93308,6692,3,5,4,Loyal
CUST1778,8,4754,ORD097912,97912,2088,4,1,2,New Customers
CUST1779,10,7386,ORD091109,91109,8891,2,2,4,Hibernating
CUST1780,8,4061,ORD088366,88366,11634,2,1,1,Promising
CUST1781,13,11052,ORD092448,92448,7552,3,4,5,Loyal
CUST1782,16,9828,ORD089847,89847,10153,2,5,5,At Risk
CUST1783,12,7771,ORD093366,93366,6634,3,3,4,Loyal
CUST1784,6,3694,ORD082342,82342,17658,1,1,1,Lost
CUST1785,11,8348,ORD092455,92455,7545,3,3,4,Loyal
CUST1786,12,7703,ORD080801,80801,19199,1,3,4,At Risk
CUST1787,13,8990,ORD085437,85437,14563,1,4,5,At Risk
CUST1788,8,2177,ORD096529,96529,3471,4,1,1,New Customers
CUST1789,7,2769,ORD088019,88019,11981,2,1,1,Promising
CUST1790,8,3457,ORD089830,89830,10170,2,1,1,Promising
CUST1791,7,6169,ORD099109,99109,891,5,1,3,New Customers
CUST1792,3,3890,ORD065741,65741,34259,1,1,1,Lost
CUST1793,8,3650,ORD093387,93387,6613,3,1,1,Promising
CUST1794,11,5864,ORD096963,96963,3037,4,3,3,Loyal
CUST1795,13,10229,ORD084956,84956,15044,1,4,5,At Risk
CUST1796,8,3367,ORD070952,70952,29048,1,1,1,Lost
CUST1797,9,8468,ORD056043,56043,43957,1,2,4,Hibernating
CUST1798,11,7751,ORD099206,99206,794,5,3,4,Loyal
CUST1799,8,2866,ORD085474,85474,14526,2,1,1,Promising
CUST1800,12,5614,ORD095922,95922,4078,4,3,2,Loyal
CUST1801,8,6150,ORD098548,98548,1452,5,1,3,New Customers
CUST1802,13,6397,ORD079712,79712,20288,1,4,3,At Risk
CUST1803,7,4300,ORD089731,89731,10269,2,1,1,Promising
CUST1804,9,4840,ORD074808,74808,25192,1,2,2,Promising
CUST1805,13,7027,ORD096565,96565,3435,4,4,4,Champions
CUST1806,8,4944,ORD074441,74441,25559,1,1,2,Lost
CUST1807,19,12961,ORD095656,95656,4344,4,5,5,Champions
CUST1808,13,8105,ORD095554,95554,4446,4,4,4,Champions
CUST1809,7,3053,ORD083279,83279,16721,1,1,1,Lost
CUST1810,10,8619,ORD082051,82051,17949,1,2,5,Hibernating
CUST1811,9,7475,ORD098138,98138,1862,5,2,4,New Customers
CUST1812,9,5082,ORD094516,94516,5484,3,2,2,Promising
CUST1813,14,5442,ORD091023,91023,8977,2,4,2,At Risk
CUST1814,10,6485,ORD089620,89620,10380,2,2,3,Hibernating
CUST1815,8,4565,ORD098446,98446,1554,5,1,2,New Customers
CUST1816,9,3700,ORD089602,89602,10398,2,2,1,Promising
CUST1817,13,6860,ORD094359,94359,5641,3,4,3,Loyal
CUST1818,10,5028,ORD083198,83198,16802,1,2,2,Promising
CUST1819,17,9503,ORD096419,96419,3581,4,5,5,Champions
CUST1820,14,8652,ORD093371,93371,6629,3,4,5,Loyal
CUST1821,10,5357,ORD097006,97006,2994,4,2,2,New Customers
CUST1822,15,6044,ORD097946,97946,2054,4,5,3,Loyal
CUST1823,6,3755,ORD086400,86400,13600,2,1,1,Promising
CUST1824,14,9434,ORD099488,99488,512,5,4,5,Champions
CUST1825,15,7931,ORD099951,99951,49,5,5,4,Champions
CUST1826,12,9564,ORD088455,88455,11545,2,3,5,At Risk
CUST1827,12,7335,ORD099286,99286,714,5,3,4,Loyal
CUST1828,12,6077,ORD079435,79435,20565,1,3,3,At Risk
CUST1829,9,3345,ORD093647,93647,6353,3,2,1,Promising
CUST1830,7,3277,ORD097692,97692,2308,4,1,1,New Customers
CUST1831,10,4027,ORD091860,91860,8140,3,2,1,Promising
CUST1832,12,6578,ORD090798,90798,9202,2,3,3,At Risk
CUST1833,9,4926,ORD081064,81064,18936,1,2,2,Promising
CUST1834,16,11418,ORD097681,97681,2319,4,5,5,Champions
CUST1835,8,6376,ORD093375,93375,6625,3,1,3,Promising
CUST1836,8,4831,ORD093859,93859,6141,3,1,2,Promising
CUST1837,12,6330,ORD096784,96784,3216,4,3,3,Loyal
CUST1838,10,4620,ORD091277,91277,8723,2,2,2,Promising
CUST1839,15,12879,ORD099716,99716,284,5,5,5,Champions
CUST1840,12,7154,ORD096547,96547,3453,4,3,4,Loyal
CUST1841,13,8394,ORD090916,90916,9084,2,4,4,At Risk
CUST1842,11,2942,ORD090540,90540,9460,2,3,1,At Risk
CUST1843,12,3842,ORD097209,97209,2791,4,3,1,Loyal
CUST1844,13,9063,ORD098499,98499,1501,5,4,5,Champions
CUST1845,16,8821,ORD097316,97316,2684,4,5,5,Champions
CUST1846,8,4329,ORD099464,99464,536,5,1,1,New Customers
CUST1847,14,9564,ORD098901,98901,1099,5,4,5,Champions
CUST1848,25,14457,ORD099678,99678,322,5,5,5,Champions
CUST1849,13,8182,ORD089852,89852,10148,2,4,4,At Risk
CUST1850,3,950,ORD066548,66548,33452,1,1,1,Lost
CUST1851,9,6745,ORD095963,95963,4037,4,2,3,New Customers
CUST1852,11,6423,ORD089500,89500,10500,2,3,3,At Risk
CUST1853,12,8700,ORD098540,98540,1460,5,3,5,Loyal
CUST1854,17,10309,ORD094031,94031,5969,3,5,5,Loyal
CUST1855,18,10572,ORD099339,99339,661,5,5,5,Champions
CUST1856,11,6657,ORD093385,93385,6615,3,3,3,Loyal
CUST1857,13,5066,ORD093122,93122,6878,3,4,2,Loyal
CUST1858,11,4907,ORD088956,88956,11044,2,3,2,At Risk
CUST1859,13,8294,ORD097028,97028,2972,4,4,4,Champions
CUST1860,9,6180,ORD084801,84801,15199,1,2,3,Hibernating
CUST1861,9,5716,ORD073451,73451,26549,1,2,2,Promising
CUST1862,13,5792,ORD093863,93863,6137,3,4,3,Loyal
CUST1863,10,8328,ORD089462,89462,10538,2,2,4,Hibernating
CUST1864,13,9263,ORD091258,91258,8742,2,4,5,At Risk
CUST1865,7,4451,ORD095832,95832,4168,4,1,1,New Customers
CUST1866,12,6071,ORD098258,98258,1742,5,3,3,Loyal
CUST1867,9,5613,ORD092751,92751,7249,3,2,2,Promising
CUST1868,14,6022,ORD086295,86295,13705,2,4,3,At Risk
CUST1869,19,9847,ORD091378,91378,8622,2,5,5,At Risk
CUST1870,10,5218,ORD099895,99895,105,5,2,2,New Customers
CUST1871,12,7447,ORD091577,91577,8423,2,3,4,At Risk
CUST1872,10,5999,ORD093900,93900,6100,3,2,3,Potential Loyalists
CUST1873,13,6684,ORD096356,96356,3644,4,4,3,Loyal
CUST1874,8,5961,ORD099200,99200,800,5,1,3,New Customers
CUST1875,13,7198,ORD092709,92709,7291,3,4,4,Loyal
CUST1876,12,6243,ORD095364,95364,4636,4,3,3,Loyal
CUST1877,13,5985,ORD088196,88196,11804,2,4,3,At Risk
CUST1878,12,6212,ORD098273,98273,1727,5,3,3,Loyal
CUST1879,15,10877,ORD092350,92350,7650,3,5,5,Loyal
CUST1880,9,4704,ORD093970,93970,6030,3,2,2,Promising
CUST1881,18,12073,ORD095372,95372,4628,4,5,5,Champions
CUST1882,11,6122,ORD098202,98202,1798,5,3,3,Loyal
CUST1883,7,2468,ORD094384,94384,5616,3,1,1,Promising
CUST1884,8,5436,ORD072991,72991,27009,1,1,2,Lost
CUST1885,11,6160,ORD098777,98777,1223,5,3,3,Loyal
CUST1886,12,6249,ORD099407,99407,593,5,3,3,Loyal
CUST1887,15,8681,ORD091094,91094,8906,2,5,5,At Risk
CUST1888,15,8263,ORD091186,91186,8814,2,5,4,At Risk
CUST1889,6,4275,ORD083980,83980,16020,1,1,1,Lost
CUST1890,18,8665,ORD098253,98253,1747,5,5,5,Champions
CUST1891,11,6416,ORD092397,92397,7603,3,3,3,Loyal
CUST1892,8,3108,ORD095093,95093,4907,3,1,1,Promising
CUST1893,16,8931,ORD097741,97741,2259,4,5,5,Champions
CUST1894,14,6233,ORD092721,92721,7279,3,4,3,Loyal
CUST1895,11,8494,ORD070163,70163,29837,1,3,4,At Risk
CUST1896,8,4649,ORD086320,86320,13680,2,1,2,Promising
CUST1897,22,11299,ORD096398,96398,3602,4,5,5,Champions
CUST1898,15,9380,ORD097416,97416,2584,4,5,5,Champions
CUST1899,10,6551,ORD099036,99036,964,5,2,3,New Customers
CUST1900,12,7259,ORD097230,97230,2770,4,3,4,Loyal
CUST1901,10,6432,ORD093971,93971,6029,3,2,3,Potential Loyalists
CUST1902,10,8070,ORD096014,96014,3986,4,2,4,New Customers
CUST1903,15,6615,ORD099698,99698,302,5,5,3,Loyal
CUST1904,6,3716,ORD085318,85318,14682,1,1,1,Lost
CUST1905,8,3487,ORD080870,80870,19130,1,1,1,Lost
CUST1906,16,7524,ORD097055,97055,2945,4,5,4,Champions
CUST1907,15,7353,ORD081385,81385,18615,1,5,4,At Risk
CUST1908,9,5049,ORD061884,61884,38116,1,2,2,Promising
CUST1909,7,2939,ORD087492,87492,12508,2,1,1,Promising
CUST1910,12,7578,ORD098801,98801,1199,5,3,4,Loyal
CUST1911,14,9093,ORD094781,94781,5219,3,4,5,Loyal
CUST1912,8,6800,ORD094817,94817,5183,3,1,3,Promising
CUST1913,10,4902,ORD091328,91328,8672,2,2,2,Promising
CUST1914,10,7111,ORD065831,65831,34169,1,2,4,Hibernating
CUST1915,12,6558,ORD083939,83939,16061,1,3,3,At Risk
CUST1916,13,6477,ORD067178,67178,32822,1,4,3,At Risk
CUST1917,17,13049,ORD099655,99655,345,5,5,5,Champions
CUST1918,16,12455,ORD099139,99139,861,5,5,5,Champions
CUST1919,13,6420,ORD096734,96734,3266,4,4,3,Loyal
CUST1920,12,7165,ORD099161,99161,839,5,3,4,Loyal
CUST1921,8,3425,ORD097889,97889,2111,4,1,1,New Customers
CUST1922,6,2542,ORD082548,82548,17452,1,1,1,Lost
CUST1923,10,6365,ORD096086,96086,3914,4,2,3,New Customers
CUST1924,10,8184,ORD087854,87854,12146,2,2,4,Hibernating
CUST1925,13,10948,ORD091311,91311,8689,2,4,5,At Risk
CUST1926,7,5336,ORD097487,97487,2513,4,1,2,New Customers
CUST1927,14,7781,ORD098234,98234,1766,5,4,4,Champions
CUST1928,17,11612,ORD092901,92901,7099,3,5,5,Loyal
CUST1929,12,10964,ORD096809,96809,3191,4,3,5,Loyal
CUST1930,9,5154,ORD098397,98397,1603,5,2,2,New Customers
CUST1931,14,9513,ORD084922,84922,15078,1,4,5,At Risk
CUST1932,9,3724,ORD098259,98259,1741,5,2,1,New Customers
CUST1933,5,2620,ORD098842,98842,1158,5,1,1,New Customers
CUST1934,12,4230,ORD088398,88398,11602,2,3,1,At Risk
CUST1935,7,3057,ORD087458,87458,12542,2,1,1,Promising
CUST1936,6,4964,ORD061369,61369,38631,1,1,2,Lost
CUST1937,16,9939,ORD097175,97175,2825,4,5,5,Champions
CUST1938,9,5982,ORD091302,91302,8698,2,2,3,Hibernating
CUST1939,13,10540,ORD087289,87289,12711,2,4,5,At Risk
CUST1940,10,4774,ORD095483,95483,4517,4,2,2,New Customers
CUST1941,10,6456,ORD095187,95187,4813,3,2,3,Potential Loyalists
CUST1942,11,4664,ORD085144,85144,14856,1,3,2,At Risk
CUST1943,7,5967,ORD097138,97138,2862,4,1,3,New Customers
CUST1944,10,6184,ORD096129,96129,3871,4,2,3,New Customers
CUST1945,7,7102,ORD088017,88017,11983,2,1,4,Hibernating
CUST1946,6,2642,ORD099636,99636,364,5,1,1,New Customers
CUST1947,5,2573,ORD077402,77402,22598,1,1,1,Lost
CUST1948,9,4387,ORD087719,87719,12281,2,2,1,Promising
CUST1949,13,5147,ORD083663,83663,16337,1,4,2,At Risk
CUST1950,9,3515,ORD093038,93038,6962,3,2,1,Promising
CUST1951,8,5358,ORD079498,79498,20502,1,1,2,Lost
CUST1952,6,3825,ORD087787,87787,12213,2,1,1,Promising
CUST1953,13,7869,ORD090751,90751,9249,2,4,4,At Risk
CUST1954,9,5667,ORD098200,98200,1800,5,2,2,New Customers
CUST1955,9,6048,ORD092645,92645,7355,3,2,3,Potential Loyalists
CUST1956,9,5824,ORD089662,89662,10338,2,2,3,Hibernating
CUST1957,13,8636,ORD093711,93711,6289,3,4,5,Loyal
CUST1958,8,5058,ORD092453,92453,7547,3,1,2,Promising
CUST1959,11,6769,ORD099795,99795,205,5,3,3,Loyal
CUST1960,15,9151,ORD083314,83314,16686,1,5,5,At Risk
CUST1961,6,3164,ORD080665,80665,19335,1,1,1,Lost
CUST1962,8,4491,ORD093131,93131,6869,3,1,1,Promising
CUST1963,11,8695,ORD096829,96829,3171,4,3,5,Loyal
CUST1964,12,9703,ORD095020,95020,4980,3,3,5,Loyal
CUST1965,9,4469,ORD081185,81185,18815,1,2,1,Promising
CUST1966,12,8849,ORD095479,95479,4521,4,3,5,Loyal
CUST1967,9,3713,ORD095245,95245,4755,3,2,1,Promising
CUST1968,9,6140,ORD094580,94580,5420,3,2,3,Potential Loyalists
CUST1969,11,8389,ORD098692,98692,1308,5,3,4,Loyal
CUST1970,10,4488,ORD085330,85330,14670,1,2,1,Promising
CUST1971,20,11621,ORD098995,98995,1005,5,5,5,Champions
CUST1972,12,7442,ORD079381,79381,20619,1,3,4,At Risk
CUST1973,9,7174,ORD097102,97102,2898,4,2,4,New Customers
CUST1974,13,8174,ORD098133,98133,1867,5,4,4,Champions
CUST1975,12,5908,ORD090244,90244,9756,2,3,3,At Risk
CUST1976,11,6669,ORD091463,91463,8537,2,3,3,At Risk
CUST1977,10,6032,ORD091041,91041,8959,2,2,3,Hibernating
CUST1978,6,2265,ORD088982,88982,11018,2,1,1,Promising
CUST1979,11,6338,ORD091978,91978,8022,3,3,3,Loyal
CUST1980,6,4354,ORD093022,93022,6978,3,1,1,Promising
CUST1981,20,9074,ORD097293,97293,2707,4,5,5,Champions
CUST1982,11,5807,ORD074001,74001,25999,1,3,3,At Risk
CUST1983,10,5210,ORD082885,82885,17115,1,2,2,Promising
CUST1984,10,5466,ORD099995,99995,5,5,2,2,New Customers
CUST1985,16,8459,ORD098472,98472,1528,5,5,4,Champions
CUST1986,8,6038,ORD085890,85890,14110,2,1,3,Hibernating
CUST1987,9,6303,ORD087295,87295,12705,2,2,3,Hibernating
CUST1988,14,8151,ORD096242,96242,3758,4,4,4,Champions
CUST1989,11,6958,ORD088262,88262,11738,2,3,3,At Risk
CUST1990,17,11133,ORD097127,97127,2873,4,5,5,Champions
CUST1991,9,3194,ORD087667,87667,12333,2,2,1,Promising
CUST1992,10,5315,ORD097919,97919,2081,4,2,2,New Customers
CUST1993,12,6017,ORD084207,84207,15793,1,3,3,At Risk
CUST1994,10,6559,ORD090175,90175,9825,2,2,3,Hibernating
CUST1995,15,7229,ORD095221,95221,4779,3,5,4,Loyal
CUST1996,18,9918,ORD092771,92771,7229,3,5,5,Loyal
CUST1997,15,8265,ORD083867,83867,16133,1,5,4,At Risk
CUST1998,9,4995,ORD089654,89654,10346,2,2,2,Promising
CUST1999,13,6654,ORD098065,98065,1935,5,4,3,Loyal
CUST2000,9,5076,ORD098998,98998,1002,5,2,2,New Customers
CUST2001,15,9678,ORD098284,98284,1716,5,5,5,Champions
CUST2002,14,10026,ORD099620,99620,380,5,4,5,Champions
CUST2003,11,4569,ORD087660,87660,12340,2,3,2,At Risk
CUST2004,10,5965,ORD097639,97639,2361,4,2,3,New Customers
CUST2005,6,3625,ORD093244,93244,6756,3,1,1,Promising
CUST2006,20,11758,ORD095367,95367,4633,4,5,5,Champions
CUST2007,9,6364,ORD060345,60345,39655,1,2,3,Hibernating
CUST2008,13,6255,ORD097263,97263,2737,4,4,3,Loyal
CUST2009,11,6116,ORD099735,99735,265,5,3,3,Loyal
CUST2010,11,6619,ORD089310,89310,10690,2,3,3,At Risk
CUST2011,17,10902,ORD096324,96324,3676,4,5,5,Champions
CUST2012,9,3496,ORD084540,84540,15460,1,2,1,Promising
CUST2013,12,8179,ORD099733,99733,267,5,3,4,Loyal
CUST2014,10,8297,ORD090200,90200,9800,2,2,4,Hibernating
CUST2015,13,8189,ORD099956,99956,44,5,4,4,Champions
CUST2016,10,7162,ORD089386,89386,10614,2,2,4,Hibernating
CUST2017,17,12311,ORD099238,99238,762,5,5,5,Champions
CUST2018,10,7330,ORD094811,94811,5189,3,2,4,Potential Loyalists
CUST2019,6,2902,ORD098900,98900,1100,5,1,1,New Customers
CUST2020,11,8345,ORD092655,92655,7345,3,3,4,Loyal
CUST2021,11,6846,ORD091902,91902,8098,3,3,3,Loyal
CUST2022,11,7004,ORD070149,70149,29851,1,3,4,At Risk
CUST2023,8,3567,ORD091960,91960,8040,3,1,1,Promising
CUST2024,10,6271,ORD090259,90259,9741,2,2,3,Hibernating
CUST2025,10,6169,ORD098091,98091,1909,5,2,3,New Customers
CUST2026,7,4852,ORD096693,96693,3307,4,1,2,New Customers
CUST2027,4,3506,ORD098171,98171,1829,5,1,1,New Customers
CUST2028,12,9009,ORD077023,77023,22977,1,3,5,At Risk
CUST2029,8,4832,ORD094203,94203,5797,3,1,2,Promising
CUST2030,9,3822,ORD090632,90632,9368,2,2,1,Promising
CUST2031,12,6355,ORD087674,87674,12326,2,3,3,At Risk
CUST2032,17,10757,ORD091893,91893,8107,3,5,5,Loyal
CUST2033,10,8441,ORD093163,93163,6837,3,2,4,Potential Loyalists
CUST2034,14,6830,ORD095820,95820,4180,4,4,3,Loyal
CUST2035,13,4400,ORD095593,95593,4407,4,4,1,Loyal
CUST2036,12,11361,ORD093294,93294,6706,3,3,5,Loyal
CUST2037,13,5120,ORD099267,99267,733,5,4,2,Loyal
CUST2038,13,9256,ORD088326,88326,11674,2,4,5,At Risk
CUST2039,7,5005,ORD081286,81286,18714,1,1,2,Lost
CUST2040,19,11763,ORD098988,98988,1012,5,5,5,Champions
CUST2041,11,4168,ORD078956,78956,21044,1,3,1,At Risk
CUST2042,17,6842,ORD099914,99914,86,5,5,3,Loyal
CUST2043,9,5513,ORD096560,96560,3440,4,2,2,New Customers
CUST2044,9,9550,ORD082746,82746,17254,1,2,5,Hibernating
CUST2045,11,5318,ORD079073,79073,20927,1,3,2,At Risk
CUST2046,9,5515,ORD077180,77180,22820,1,2,2,Promising
CUST2047,16,10662,ORD099742,99742,258,5,5,5,Champions
CUST2048,9,3914,ORD099019,99019,981,5,2,1,New Customers
CUST2049,19,12927,ORD099814,99814,186,5,5,5,Champions
CUST2050,9,5768,ORD077943,77943,22057,1,2,3,Hibernating
CUST2051,6,3552,ORD097518,97518,2482,4,1,1,New Customers
CUST2052,16,8251,ORD080164,80164,19836,1,5,4,At Risk
CUST2053,12,6018,ORD089239,89239,10761,2,3,3,At Risk
CUST2054,11,8206,ORD092051,92051,7949,3,3,4,Loyal
CUST2055,7,3285,ORD044655,44655,55345,1,1,1,Lost
CUST2056,9,4489,ORD088027,88027,11973,2,2,1,Promising
CUST2057,6,3760,ORD096787,96787,3213,4,1,1,New Customers
CUST2058,14,6570,ORD096650,96650,3350,4,4,3,Loyal
CUST2059,14,11088,ORD095088,95088,4912,3,4,5,Loyal
CUST2060,6,4455,ORD098744,98744,1256,5,1,1,New Customers
CUST2061,16,8176,ORD095970,95970,4030,4,5,4,Champions
CUST2062,11,6700,ORD098433,98433,1567,5,3,3,Loyal
CUST2063,12,5041,ORD097435,97435,2565,4,3,2,Loyal
CUST2064,9,5387,ORD083870,83870,16130,1,2,2,Promising
CUST2065,13,8726,ORD096325,96325,3675,4,4,5,Champions
CUST2066,7,4022,ORD070490,70490,29510,1,1,1,Lost
CUST2067,14,9130,ORD095705,95705,4295,4,4,5,Champions
CUST2068,4,3010,ORD079751,79751,20249,1,1,1,Lost
CUST2069,6,3727,ORD076535,76535,23465,1,1,1,Lost
CUST2070,17,9566,ORD095080,95080,4920,3,5,5,Loyal
CUST2071,8,7147,ORD085719,85719,14281,2,1,4,Hibernating
CUST2072,11,8220,ORD089213,89213,10787,2,3,4,At Risk
CUST2073,11,6229,ORD083834,83834,16166,1,3,3,At Risk
CUST2074,9,4021,ORD076452,76452,23548,1,2,1,Promising
CUST2075,12,5766,ORD080914,80914,19086,1,3,3,At Risk
CUST2076,15,9314,ORD098236,98236,1764,5,5,5,Champions
CUST2077,11,5015,ORD099480,99480,520,5,3,2,Loyal
CUST2078,7,4191,ORD074769,74769,25231,1,1,1,Lost
CUST2079,11,9002,ORD098569,98569,1431,5,3,5,Loyal
CUST2080,7,4399,ORD045310,45310,54690,1,1,1,Lost
CUST2081,16,8183,ORD087055,87055,12945,2,5,4,At Risk
CUST2082,9,4375,ORD082838,82838,17162,1,2,1,Promising
CUST2083,13,8232,ORD096648,96648,3352,4,4,4,Champions
CUST2084,8,5010,ORD089470,89470,10530,2,1,2,Promising
CUST2085,14,10045,ORD095612,95612,4388,4,4,5,Champions
CUST2086,17,11022,ORD098018,98018,1982,5,5,5,Champions
CUST2087,9,5133,ORD072205,72205,27795,1,2,2,Promising
CUST2088,7,4842,ORD093770,93770,6230,3,1,2,Promising
CUST2089,8,6332,ORD084838,84838,15162,1,1,3,Hibernating
CUST2090,10,6913,ORD085666,85666,14334,2,2,3,Hibernating
CUST2091,9,5409,ORD099630,99630,370,5,2,2,New Customers
CUST2092,15,8832,ORD091488,91488,8512,2,5,5,At Risk
CUST2093,15,8521,ORD096084,96084,3916,4,5,4,Champions
CUST2094,12,7780,ORD098832,98832,1168,5,3,4,Loyal
CUST2095,7,4788,ORD094762,94762,5238,3,1,2,Promising
CUST2096,15,9562,ORD089135,89135,10865,2,5,5,At Risk
CUST2097,15,8476,ORD096009,96009,3991,4,5,4,Champions
CUST2098,17,6064,ORD098835,98835,1165,5,5,3,Loyal
CUST2099,10,4190,ORD073130,73130,26870,1,2,1,Promising
CUST2100,16,9360,ORD099451,99451,549,5,5,5,Champions
CUST2101,18,7867,ORD097202,97202,2798,4,5,4,Champions
CUST2102,12,8371,ORD098132,98132,1868,5,3,4,Loyal
CUST2103,19,10550,ORD084259,84259,15741,1,5,5,At Risk
CUST2104,11,7024,ORD092284,92284,7716,3,3,4,Loyal
CUST2105,11,7120,ORD095442,95442,4558,4,3,4,Loyal
CUST2106,16,10668,ORD096960,96960,3040,4,5,5,Champions
CUST2107,15,7066,ORD098657,98657,1343,5,5,4,Champions
CUST2108,12,6300,ORD093793,93793,6207,3,3,3,Loyal
CUST2109,14,5576,ORD096875,96875,3125,4,4,2,Loyal
CUST2110,13,8330,ORD099953,99953,47,5,4,4,Champions
CUST2111,15,8643,ORD098264,98264,1736,5,5,5,Champions
CUST2112,7,5159,ORD096841,96841,3159,4,1,2,New Customers
CUST2113,14,6691,ORD072281,72281,27719,1,4,3,At Risk
CUST2114,9,3856,ORD071153,71153,28847,1,2,1,Promising
CUST2115,8,6093,ORD095417,95417,4583,4,1,3,New Customers
CUST2116,11,6316,ORD095465,95465,4535,4,3,3,Loyal
CUST2117,9,7180,ORD092734,92734,7266,3,2,4,Potential Loyalists
CUST2118,14,6992,ORD093073,93073,6927,3,4,3,Loyal
CUST2119,6,2984,ORD099441,99441,559,5,1,1,New Customers
CUST2120,10,4879,ORD098326,98326,1674,5,2,2,New Customers
CUST2121,9,5776,ORD094345,94345,5655,3,2,3,Potential Loyalists
CUST2122,10,8527,ORD080767,80767,19233,1,2,4,Hibernating
CUST2123,15,5888,ORD098555,98555,1445,5,5,3,Loyal
CUST2124,10,7198,ORD098608,98608,1392,5,2,4,New Customers
CUST2125,10,6142,ORD088185,88185,11815,2,2,3,Hibernating
CUST2126,7,4000,ORD093621,93621,6379,3,1,1,Promising
CUST2127,11,7194,ORD094654,94654,5346,3,3,4,Loyal
CUST2128,7,4461,ORD084587,84587,15413,1,1,1,Lost
CUST2129,10,7456,ORD089387,89387,10613,2,2,4,Hibernating
CUST2130,7,2581,ORD087281,87281,12719,2,1,1,Promising
CUST2131,10,3790,ORD098352,98352,1648,5,2,1,New Customers
CUST2132,15,9488,ORD093267,93267,6733,3,5,5,Loyal
CUST2133,15,6207,ORD075911,75911,24089,1,5,3,At Risk
CUST2134,15,10275,ORD087822,87822,12178,2,5,5,At Risk
CUST2135,4,1453,ORD095677,95677,4323,4,1,1,New Customers
CUST2136,15,8506,ORD090530,90530,9470,2,5,4,At Risk
CUST2137,16,8701,ORD090677,90677,9323,2,5,5,At Risk
CUST2138,10,4990,ORD086437,86437,13563,2,2,2,Promising
CUST2139,9,5427,ORD091813,91813,8187,3,2,2,Promising
CUST2140,11,6875,ORD074593,74593,25407,1,3,3,At Risk
CUST2141,4,2604,ORD073171,73171,26829,1,1,1,Lost
CUST2142,13,8632,ORD089412,89412,10588,2,4,5,At Risk
CUST2143,5,2963,ORD078672,78672,21328,1,1,1,Lost
CUST2144,11,8056,ORD093560,93560,6440,3,3,4,Loyal
CUST2145,8,3749,ORD092897,92897,7103,3,1,1,Promising
CUST2146,11,6698,ORD080974,80974,19026,1,3,3,At Risk
CUST2147,8,3302,ORD095115,95115,4885,3,1,1,Promising
CUST2148,14,7471,ORD091211,91211,8789,2,4,4,At Risk
CUST2149,10,6843,ORD071713,71713,28287,1,2,3,Hibernating
CUST2150,7,4961,ORD081087,81087,18913,1,1,2,Lost
CUST2151,11,4696,ORD093101,93101,6899,3,3,2,Loyal
CUST2152,15,9535,ORD098726,98726,1274,5,5,5,Champions
CUST2153,10,7914,ORD098004,98004,1996,5,2,4,New Customers
CUST2154,11,7668,ORD096271,96271,3729,4,3,4,Loyal
CUST2155,11,7245,ORD095090,95090,4910,3,3,4,Loyal
CUST2156,16,10249,ORD099958,99958,42,5,5,5,Champions
CUST2157,9,6456,ORD097662,97662,2338,4,2,3,New Customers
CUST2158,13,9306,ORD099616,99616,384,5,4,5,Champions
CUST2159,14,5287,ORD098299,98299,1701,5,4,2,Loyal
CUST2160,19,9433,ORD096711,96711,3289,4,5,5,Champions
CUST2161,13,7517,ORD098676,98676,1324,5,4,4,Champions
CUST2162,13,10626,ORD093061,93061,6939,3,4,5,Loyal
CUST2163,16,13235,ORD071601,71601,28399,1,5,5,At Risk
CUST2164,5,4595,ORD091699,91699,8301,2,1,2,Promising
CUST2165,6,4318,ORD058938,58938,41062,1,1,1,Lost
CUST2166,10,4402,ORD082862,82862,17138,1,2,1,Promising
CUST2167,12,5048,ORD099889,99889,111,5,3,2,Loyal
CUST2168,18,10506,ORD095492,95492,4508,4,5,5,Champions
CUST2169,12,10336,ORD077526,77526,22474,1,3,5,At Risk
CUST2170,11,4283,ORD099438,99438,562,5,3,1,Loyal
CUST2171,9,4343,ORD099087,99087,913,5,2,1,New Customers
CUST2172,8,3598,ORD098293,98293,1707,5,1,1,New Customers
CUST2173,10,6207,ORD095266,95266,4734,3,2,3,Potential Loyalists
CUST2174,10,5737,ORD096070,96070,3930,4,2,2,New Customers
CUST2175,16,15209,ORD092334,92334,7666,3,5,5,Loyal
CUST2176,11,5179,ORD089172,89172,10828,2,3,2,At Risk
CUST2177,8,4568,ORD094906,94906,5094,3,1,2,Promising
CUST2178,12,6430,ORD095522,95522,4478,4,3,3,Loyal
CUST2179,12,4157,ORD096668,96668,3332,4,3,1,Loyal
CUST2180,7,5393,ORD085265,85265,14735,1,1,2,Lost
CUST2181,7,3901,ORD094843,94843,5157,3,1,1,Promising
CUST2182,10,9235,ORD089621,89621,10379,2,2,5,Hibernating
CUST2183,10,3008,ORD099381,99381,619,5,2,1,New Customers
CUST2184,7,4413,ORD095384,95384,4616,4,1,1,New Customers
CUST2185,12,8964,ORD095700,95700,4300,4,3,5,Loyal
CUST2186,7,4490,ORD097695,97695,2305,4,1,1,New Customers
CUST2187,5,2554,ORD048662,48662,51338,1,1,1,Lost
CUST2188,9,5556,ORD095576,95576,4424,4,2,2,New Customers
CUST2189,7,3514,ORD069934,69934,30066,1,1,1,Lost
CUST2190,14,6524,ORD095168,95168,4832,3,4,3,Loyal
CUST2191,13,4899,ORD092993,92993,7007,3,4,2,Loyal
CUST2192,8,3562,ORD098769,98769,1231,5,1,1,New Customers
CUST2193,10,5925,ORD093954,93954,6046,3,2,3,Potential Loyalists
CUST2194,13,5370,ORD099123,99123,877,5,4,2,Loyal
CUST2195,21,12028,ORD097328,97328,2672,4,5,5,Champions
CUST2196,11,8609,ORD073490,73490,26510,1,3,5,At Risk
CUST2197,6,3937,ORD094779,94779,5221,3,1,1,Promising
CUST2198,6,3639,ORD055297,55297,44703,1,1,1,Lost
CUST2199,11,6440,ORD092230,92230,7770,3,3,3,Loyal
CUST2200,14,7693,ORD069152,69152,30848,1,4,4,At Risk
CUST2201,5,5406,ORD094767,94767,5233,3,1,2,Promising
CUST2202,9,7082,ORD099030,99030,970,5,2,4,New Customers
CUST2203,12,5047,ORD098031,98031,1969,5,3,2,Loyal
CUST2204,10,6315,ORD087605,87605,12395,2,2,3,Hibernating
CUST2205,9,6965,ORD083132,83132,16868,1,2,3,Hibernating
CUST2206,11,6529,ORD095742,95742,4258,4,3,3,Loyal
CUST2207,19,11821,ORD092815,92815,7185,3,5,5,Loyal
CUST2208,8,3398,ORD099264,99264,736,5,1,1,New Customers
CUST2209,8,5544,ORD093353,93353,6647,3,1,2,Promising
CUST2210,12,9431,ORD099713,99713,287,5,3,5,Loyal
CUST2211,9,6439,ORD089968,89968,10032,2,2,3,Hibernating
CUST2212,12,8009,ORD075924,75924,24076,1,3,4,At Risk
CUST2213,9,4231,ORD099073,99073,927,5,2,1,New Customers
CUST2214,7,7797,ORD086804,86804,13196,2,1,4,Hibernating
CUST2215,12,6227,ORD099896,99896,104,5,3,3,Loyal
CUST2216,15,9624,ORD098057,98057,1943,5,5,5,Champions
CUST2217,9,3521,ORD090006,90006,9994,2,2,1,Promising
CUST2218,17,9299,ORD082673,82673,17327,1,5,5,At Risk
CUST2219,16,7803,ORD084208,84208,15792,1,5,4,At Risk
CUST2220,9,3201,ORD098946,98946,1054,5,2,1,New Customers
CUST2221,12,7212,ORD088568,88568,11432,2,3,4,At Risk
CUST2222,13,7071,ORD098641,98641,1359,5,4,4,Champions
CUST2223,9,6849,ORD092857,92857,7143,3,2,3,Potential Loyalists
CUST2224,6,1935,ORD089718,89718,10282,2,1,1,Promising
CUST2225,10,6970,ORD081735,81735,18265,1,2,3,Hibernating
CUST2226,9,3964,ORD074004,74004,25996,1,2,1,Promising
CUST2227,8,3565,ORD093559,93559,6441,3,1,1,Promising
CUST2228,15,9432,ORD095823,95823,4177,4,5,5,Champions
CUST2229,15,8847,ORD064337,64337,35663,1,5,5,At Risk
CUST2230,12,6775,ORD085565,85565,14435,2,3,3,At Risk
CUST2231,10,5476,ORD065907,65907,34093,1,2,2,Promising
CUST2232,11,4819,ORD078492,78492,21508,1,3,2,At Risk
CUST2233,11,7076,ORD092387,92387,7613,3,3,4,Loyal
CUST2234,13,8443,ORD097021,97021,2979,4,4,4,Champions
CUST2235,13,9818,ORD086405,86405,13595,2,4,5,At Risk
CUST2236,9,5874,ORD094985,94985,5015,3,2,3,Potential Loyalists
CUST2237,13,7275,ORD099585,99585,415,5,4,4,Champions
CUST2238,5,1387,ORD095798,95798,4202,4,1,1,New Customers
CUST2239,4,3308,ORD077389,77389,22611,1,1,1,Lost
CUST2240,8,4402,ORD073245,73245,26755,1,1,1,Lost
CUST2241,5,1819,ORD091307,91307,8693,2,1,1,Promising
CUST2242,7,3352,ORD067123,67123,32877,1,1,1,Lost
CUST2243,5,3671,ORD088962,88962,11038,2,1,1,Promising
CUST2244,13,8747,ORD093144,93144,6856,3,4,5,Loyal
CUST2245,18,12078,ORD092293,92293,7707,3,5,5,Loyal
CUST2246,10,8153,ORD096762,96762,3238,4,2,4,New Customers
CUST2247,12,7018,ORD089422,89422,10578,2,3,4,At Risk
CUST2248,9,6326,ORD066533,66533,33467,1,2,3,Hibernating
CUST2249,12,9163,ORD098822,98822,1178,5,3,5,Loyal
CUST2250,14,9233,ORD095897,95897,4103,4,4,5,Champions
CUST2251,13,6070,ORD085109,85109,14891,1,4,3,At Risk
CUST2252,7,2579,ORD072722,72722,27278,1,1,1,Lost
CUST2253,10,5940,ORD063103,63103,36897,1,2,3,Hibernating
CUST2254,13,10898,ORD098457,98457,1543,5,4,5,Champions
CUST2255,8,5256,ORD098206,98206,1794,5,1,2,New Customers
CUST2256,15,9097,ORD097278,97278,2722,4,5,5,Champions
CUST2257,14,9469,ORD095046,95046,4954,3,4,5,Loyal
CUST2258,14,10382,ORD071748,71748,28252,1,4,5,At Risk
CUST2259,12,5505,ORD096990,96990,3010,4,3,2,Loyal
CUST2260,14,6885,ORD096543,96543,3457,4,4,3,Loyal
CUST2261,8,3111,ORD090871,90871,9129,2,1,1,Promising
CUST2262,12,5624,ORD090043,90043,9957,2,3,2,At Risk
CUST2263,9,5409,ORD099426,99426,574,5,2,2,New Customers
CUST2264,12,6455,ORD091901,91901,8099,3,3,3,Loyal
CUST2265,8,3542,ORD095327,95327,4673,4,1,1,New Customers
CUST2266,6,4376,ORD089065,89065,10935,2,1,1,Promising
CUST2267,14,9147,ORD089973,89973,10027,2,4,5,At Risk
CUST2268,13,7106,ORD095099,95099,4901,3,4,4,Loyal
CUST2269,13,10465,ORD090834,90834,9166,2,4,5,At Risk
CUST2270,12,7737,ORD083068,83068,16932,1,3,4,At Risk
CUST2271,10,4391,ORD099609,99609,391,5,2,1,New Customers
CUST2272,12,9501,ORD097564,97564,2436,4,3,5,Loyal
CUST2273,8,5183,ORD094101,94101,5899,3,1,2,Promising
CUST2274,20,10127,ORD093021,93021,6979,3,5,5,Loyal
CUST2275,10,5801,ORD088092,88092,11908,2,2,3,Hibernating
CUST2276,13,6918,ORD099521,99521,479,5,4,3,Loyal
CUST2277,7,4814,ORD087344,87344,12656,2,1,2,Promising
CUST2278,9,9483,ORD088934,88934,11066,2,2,5,Hibernating
CUST2279,9,6404,ORD098815,98815,1185,5,2,3,New Customers
CUST2280,11,6698,ORD096969,96969,3031,4,3,3,Loyal
CUST2281,15,9335,ORD090505,90505,9495,2,5,5,At Risk
CUST2282,9,5602,ORD072391,72391,27609,1,2,2,Promising
CUST2283,7,5089,ORD096387,96387,3613,4,1,2,New Customers
CUST2284,11,7537,ORD092449,92449,7551,3,3,4,Loyal
CUST2285,9,5637,ORD098305,98305,1695,5,2,2,New Customers
CUST2286,11,6869,ORD091660,91660,8340,2,3,3,At Risk
CUST2287,17,8905,ORD093178,93178,6822,3,5,5,Loyal
CUST2288,15,8876,ORD088401,88401,11599,2,5,5,At Risk
CUST2289,9,4579,ORD067620,67620,32380,1,2,2,Promising
CUST2290,13,5506,ORD099966,99966,34,5,4,2,Loyal
CUST2291,10,5916,ORD088061,88061,11939,2,2,3,Hibernating
CUST2292,10,4294,ORD098634,98634,1366,5,2,1,New Customers
CUST2293,13,5533,ORD096326,96326,3674,4,4,2,Loyal
CUST2294,12,7382,ORD074611,74611,25389,1,3,4,At Risk
CUST2295,12,7085,ORD094559,94559,5441,3,3,4,Loyal
CUST2296,15,9942,ORD094791,94791,5209,3,5,5,Loyal
CUST2297,10,4007,ORD097791,97791,2209,4,2,1,New Customers
CUST2298,15,8048,ORD092391,92391,7609,3,5,4,Loyal
CUST2299,16,9670,ORD088179,88179,11821,2,5,5,At Risk
CUST2300,15,8573,ORD094844,94844,5156,3,5,5,Loyal
CUST2301,15,9108,ORD097562,97562,2438,4,5,5,Champions
CUST2302,14,8910,ORD096407,96407,3593,4,4,5,Champions
CUST2303,17,8208,ORD091130,91130,8870,2,5,4,At Risk
CUST2304,11,4971,ORD099037,99037,963,5,3,2,Loyal
CUST2305,15,6741,ORD097687,97687,2313,4,5,3,Loyal
CUST2306,9,6937,ORD099112,99112,888,5,2,3,New Customers
CUST2307,11,4767,ORD098714,98714,1286,5,3,2,Loyal
CUST2308,6,2774,ORD098189,98189,1811,5,1,1,New Customers
CUST2309,13,7754,ORD097888,97888,2112,4,4,4,Champions
CUST2310,17,11701,ORD095989,95989,4011,4,5,5,Champions
CUST2311,11,5365,ORD096766,96766,3234,4,3,2,Loyal
CUST2312,8,4623,ORD095625,95625,4375,4,1,2,New Customers
CUST2313,12,7271,ORD097453,97453,2547,4,3,4,Loyal
CUST2314,13,6376,ORD093012,93012,6988,3,4,3,Loyal
CUST2315,14,8271,ORD079909,79909,20091,1,4,4,At Risk
CUST2316,15,5607,ORD099819,99819,181,5,5,2,Loyal
CUST2317,7,2493,ORD080538,80538,19462,1,1,1,Lost
CUST2318,12,7700,ORD098280,98280,1720,5,3,4,Loyal
CUST2319,10,5648,ORD094498,94498,5502,3,2,2,Promising
CUST2320,12,8403,ORD092547,92547,7453,3,3,4,Loyal
CUST2321,11,4877,ORD091628,91628,8372,2,3,2,At Risk
CUST2322,12,8553,ORD092164,92164,7836,3,3,4,Loyal
CUST2323,11,6110,ORD085219,85219,14781,1,3,3,At Risk
CUST2324,12,7094,ORD095430,95430,4570,4,3,4,Loyal
CUST2325,13,10564,ORD097958,97958,2042,4,4,5,Champions
CUST2326,7,2966,ORD098121,98121,1879,5,1,1,New Customers
CUST2327,7,3742,ORD099048,99048,952,5,1,1,New Customers
CUST2328,17,13324,ORD089364,89364,10636,2,5,5,At Risk
CUST2329,9,3777,ORD043802,43802,56198,1,2,1,Promising
CUST2330,11,5479,ORD084200,84200,15800,1,3,2,At Risk
CUST2331,5,2969,ORD073588,73588,26412,1,1,1,Lost
CUST2332,14,7585,ORD096913,96913,3087,4,4,4,Champions
CUST2333,8,5436,ORD097098,97098,2902,4,1,2,New Customers
CUST2334,9,5748,ORD095547,95547,4453,4,2,2,New Customers
CUST2335,10,4712,ORD091095,91095,8905,2,2,2,Promising
CUST2336,10,6944,ORD091632,91632,8368,2,2,3,Hibernating
CUST2337,12,6974,ORD087144,87144,12856,2,3,3,At Risk
CUST2338,10,4289,ORD068229,68229,31771,1,2,1,Promising
CUST2339,9,4519,ORD097452,97452,2548,4,2,2,New Customers
CUST2340,10,6285,ORD098506,98506,1494,5,2,3,New Customers
CUST2341,17,14193,ORD092314,92314,7686,3,5,5,Loyal
CUST2342,8,4470,ORD072136,72136,27864,1,1,1,Lost
CUST2343,13,4681,ORD098085,98085,1915,5,4,2,Loyal
CUST2344,15,8721,ORD095039,95039,4961,3,5,5,Loyal
CUST2345,10,4111,ORD097770,97770,2230,4,2,1,New Customers
CUST2346,12,7981,ORD092804,92804,7196,3,3,4,Loyal
CUST2347,9,5802,ORD098351,98351,1649,5,2,3,New Customers
CUST2348,8,3473,ORD087644,87644,12356,2,1,1,Promising
CUST2349,16,8242,ORD097665,97665,2335,4,5,4,Champions
CUST2350,17,11147,ORD098017,98017,1983,5,5,5,Champions
CUST2351,7,3554,ORD088944,88944,11056,2,1,1,Promising
CUST2352,10,6540,ORD094495,94495,5505,3,2,3,Potential Loyalists
CUST2353,16,10533,ORD088945,88945,11055,2,5,5,At Risk
CUST2354,14,6465,ORD099943,99943,57,5,4,3,Loyal
CUST2355,10,7816,ORD099724,99724,276,5,2,4,New Customers
CUST2356,17,9972,ORD098505,98505,1495,5,5,5,Champions
CUST2357,6,2574,ORD085702,85702,14298,2,1,1,Promising
CUST2358,9,6708,ORD085529,85529,14471,2,2,3,Hibernating
CUST2359,13,8551,ORD095518,95518,4482,4,4,4,Champions
CUST2360,9,6308,ORD091826,91826,8174,3,2,3,Potential Loyalists
CUST2361,13,10575,ORD095974,95974,4026,4,4,5,Champions
CUST2362,9,2937,ORD090435,90435,9565,2,2,1,Promising
CUST2363,11,8350,ORD091638,91638,8362,2,3,4,At Risk
CUST2364,13,6249,ORD089057,89057,10943,2,4,3,At Risk
CUST2365,12,8479,ORD098879,98879,1121,5,3,4,Loyal
CUST2366,16,14218,ORD090408,90408,9592,2,5,5,At Risk
CUST2367,12,7367,ORD090598,90598,9402,2,3,4,At Risk
CUST2368,10,4926,ORD094131,94131,5869,3,2,2,Promising
CUST2369,20,13353,ORD093268,93268,6732,3,5,5,Loyal
CUST2370,12,6602,ORD096360,96360,3640,4,3,3,Loyal
CUST2371,13,6147,ORD099761,99761,239,5,4,3,Loyal
CUST2372,11,4501,ORD091907,91907,8093,3,3,2,Loyal
CUST2373,16,10263,ORD095842,95842,4158,4,5,5,Champions
CUST2374,11,9049,ORD093527,93527,6473,3,3,5,Loyal
CUST2375,8,2656,ORD073975,73975,26025,1,1,1,Lost
CUST2376,16,9046,ORD096640,96640,3360,4,5,5,Champions
CUST2377,10,10381,ORD097598,97598,2402,4,2,5,New Customers
CUST2378,2,884,ORD072190,72190,27810,1,1,1,Lost
CUST2379,3,2017,ORD096894,96894,3106,4,1,1,New Customers
CUST2380,14,8201,ORD097837,97837,2163,4,4,4,Champions
CUST2381,7,3273,ORD096562,96562,3438,4,1,1,New Customers
CUST2382,11,4633,ORD097418,97418,2582,4,3,2,Loyal
CUST2383,9,4419,ORD096334,96334,3666,4,2,1,New Customers
CUST2384,6,1808,ORD074991,74991,25009,1,1,1,Lost
CUST2385,12,8692,ORD088824,88824,11176,2,3,5,At Risk
CUST2386,16,8833,ORD098064,98064,1936,5,5,5,Champions
CUST2387,8,4301,ORD097797,97797,2203,4,1,1,New Customers
CUST2388,12,7862,ORD090737,90737,9263,2,3,4,At Risk
CUST2389,13,6358,ORD099841,99841,159,5,4,3,Loyal
CUST2390,14,12235,ORD095999,95999,4001,4,4,5,Champions
CUST2391,11,7798,ORD084944,84944,15056,1,3,4,At Risk
CUST2392,16,11796,ORD099011,99011,989,5,5,5,Champions
CUST2393,21,14401,ORD098226,98226,1774,5,5,5,Champions
CUST2394,14,7685,ORD097577,97577,2423,4,4,4,Champions
CUST2395,13,7709,ORD085159,85159,14841,1,4,4,At Risk
CUST2396,13,6697,ORD094831,94831,5169,3,4,3,Loyal
CUST2397,9,3570,ORD070610,70610,29390,1,2,1,Promising
CUST2398,13,5455,ORD091686,91686,8314,2,4,2,At Risk
CUST2399,17,8901,ORD097084,97084,2916,4,5,5,Champions
CUST2400,5,2243,ORD081369,81369,18631,1,1,1,Lost
CUST2401,8,5723,ORD074665,74665,25335,1,1,2,Lost
CUST2402,12,6413,ORD099513,99513,487,5,3,3,Loyal
CUST2403,8,3469,ORD096073,96073,3927,4,1,1,New Customers
CUST2404,16,6958,ORD098016,98016,1984,5,5,3,Loyal
CUST2405,11,5002,ORD085692,85692,14308,2,3,2,At Risk
CUST2406,15,9204,ORD099110,99110,890,5,5,5,Champions
CUST2407,10,3937,ORD093048,93048,6952,3,2,1,Promising
CUST2408,8,4507,ORD098985,98985,1015,5,1,2,New Customers
CUST2409,9,4192,ORD090425,90425,9575,2,2,1,Promising
CUST2410,7,6572,ORD097908,97908,2092,4,1,3,New Customers
CUST2411,6,1272,ORD095744,95744,4256,4,1,1,New Customers
CUST2412,10,7819,ORD085924,85924,14076,2,2,4,Hibernating
CUST2413,9,5065,ORD093753,93753,6247,3,2,2,Promising
CUST2414,10,5581,ORD070523,70523,29477,1,2,2,Promising
CUST2415,21,10583,ORD097124,97124,2876,4,5,5,Champions
CUST2416,14,7308,ORD091719,91719,8281,2,4,4,At Risk
CUST2417,14,7553,ORD093709,93709,6291,3,4,4,Loyal
CUST2418,10,5860,ORD095366,95366,4634,4,2,3,New Customers
CUST2419,14,9605,ORD089437,89437,10563,2,4,5,At Risk
CUST2420,8,4005,ORD087986,87986,12014,2,1,1,Promising
CUST2421,8,5150,ORD079600,79600,20400,1,1,2,Lost
CUST2422,14,10501,ORD096910,96910,3090,4,4,5,Champions
CUST2423,11,4461,ORD092049,92049,7951,3,3,1,Loyal
CUST2424,15,10607,ORD099350,99350,650,5,5,5,Champions
CUST2425,13,10021,ORD078369,78369,21631,1,4,5,At Risk
CUST2426,13,8907,ORD098186,98186,1814,5,4,5,Champions
CUST2427,14,7349,ORD092160,92160,7840,3,4,4,Loyal
CUST2428,10,5705,ORD096309,96309,3691,4,2,2,New Customers
CUST2429,14,9313,ORD097736,97736,2264,4,4,5,Champions
CUST2430,7,4439,ORD093196,93196,6804,3,1,1,Promising
CUST2431,12,8587,ORD098010,98010,1990,5,3,5,Loyal
CUST2432,10,5472,ORD099747,99747,253,5,2,2,New Customers
CUST2433,9,3670,ORD095239,95239,4761,3,2,1,Promising
CUST2434,12,6725,ORD096020,96020,3980,4,3,3,Loyal
CUST2435,13,6738,ORD070248,70248,29752,1,4,3,At Risk
CUST2436,16,6233,ORD094724,94724,5276,3,5,3,Loyal
CUST2437,10,9396,ORD056650,56650,43350,1,2,5,Hibernating
CUST2438,15,6558,ORD083960,83960,16040,1,5,3,At Risk
CUST2439,7,3363,ORD097216,97216,2784,4,1,1,New Customers
CUST2440,6,1899,ORD078440,78440,21560,1,1,1,Lost
CUST2441,10,6944,ORD093095,93095,6905,3,2,3,Potential Loyalists
CUST2442,14,7045,ORD098476,98476,1524,5,4,4,Champions
CUST2443,9,3613,ORD069748,69748,30252,1,2,1,Promising
CUST2444,13,8118,ORD080134,80134,19866,1,4,4,At Risk
CUST2445,10,3529,ORD087879,87879,12121,2,2,1,Promising
CUST2446,14,7313,ORD093588,93588,6412,3,4,4,Loyal
CUST2447,13,8757,ORD099985,99985,15,5,4,5,Champions
CUST2448,17,10604,ORD076272,76272,23728,1,5,5,At Risk
CUST2449,7,2368,ORD084612,84612,15388,1,1,1,Lost
CUST2450,11,7573,ORD096138,96138,3862,4,3,4,Loyal
CUST2451,8,4391,ORD075276,75276,24724,1,1,1,Lost
CUST2452,13,6316,ORD093779,93779,6221,3,4,3,Loyal
CUST2453,15,11325,ORD084367,84367,15633,1,5,5,At Risk
CUST2454,10,5208,ORD099015,99015,985,5,2,2,New Customers
CUST2455,6,3245,ORD089154,89154,10846,2,1,1,Promising
CUST2456,7,5008,ORD099239,99239,761,5,1,2,New Customers
CUST2457,10,5310,ORD079938,79938,20062,1,2,2,Promising
CUST2458,15,11483,ORD089441,89441,10559,2,5,5,At Risk
CUST2459,7,3727,ORD083732,83732,16268,1,1,1,Lost
CUST2460,10,4999,ORD091324,91324,8676,2,2,2,Promising
CUST2461,11,7366,ORD099072,99072,928,5,3,4,Loyal
CUST2462,14,5711,ORD079470,79470,20530,1,4,2,At Risk
CUST2463,13,5400,ORD099729,99729,271,5,4,2,Loyal
CUST2464,6,3091,ORD088696,88696,11304,2,1,1,Promising
CUST2465,16,7907,ORD087705,87705,12295,2,5,4,At Risk
CUST2466,6,2992,ORD091576,91576,8424,2,1,1,Promising
CUST2467,9,3013,ORD048494,48494,51506,1,2,1,Promising
CUST2468,15,7048,ORD088244,88244,11756,2,5,4,At Risk
CUST2469,7,4112,ORD088669,88669,11331,2,1,1,Promising
CUST2470,11,7565,ORD091405,91405,8595,2,3,4,At Risk
CUST2471,11,7201,ORD088906,88906,11094,2,3,4,At Risk
CUST2472,10,7045,ORD090000,90000,10000,2,2,4,Hibernating
CUST2473,3,1218,ORD079946,79946,20054,1,1,1,Lost
CUST2474,12,5287,ORD095275,95275,4725,3,3,2,Loyal
CUST2475,13,6666,ORD091756,91756,8244,3,4,3,Loyal
CUST2476,13,7537,ORD089549,89549,10451,2,4,4,At Risk
CUST2477,12,7435,ORD092499,92499,7501,3,3,4,Loyal
CUST2478,14,11219,ORD095185,95185,4815,3,4,5,Loyal
CUST2479,17,10347,ORD092002,92002,7998,3,5,5,Loyal
CUST2480,13,4753,ORD092332,92332,7668,3,4,2,Loyal
CUST2481,16,8937,ORD085661,85661,14339,2,5,5,At Risk
CUST2482,12,4919,ORD084319,84319,15681,1,3,2,At Risk
CUST2483,12,7319,ORD092979,92979,7021,3,3,4,Loyal
CUST2484,10,5980,ORD093260,93260,6740,3,2,3,Potential Loyalists
CUST2485,11,6634,ORD089098,89098,10902,2,3,3,At Risk
CUST2486,8,2817,ORD097574,97574,2426,4,1,1,New Customers
CUST2487,8,3795,ORD097943,97943,2057,4,1,1,New Customers
CUST2488,7,4022,ORD096249,96249,3751,4,1,1,New Customers
CUST2489,9,3448,ORD085058,85058,14942,1,2,1,Promising
CUST2490,7,4272,ORD094946,94946,5054,3,1,1,Promising
CUST2491,9,3240,ORD097444,97444,2556,4,2,1,New Customers
CUST2492,10,6225,ORD092927,92927,7073,3,2,3,Potential Loyalists
CUST2493,17,6936,ORD097902,97902,2098,4,5,3,Loyal
CUST2494,11,7194,ORD099140,99140,860,5,3,4,Loyal
CUST2495,4,3634,ORD089874,89874,10126,2,1,1,Promising
CUST2496,12,7185,ORD095888,95888,4112,4,3,4,Loyal
CUST2497,16,9916,ORD097615,97615,2385,4,5,5,Champions
CUST2498,8,3452,ORD084246,84246,15754,1,1,1,Lost
CUST2499,7,3642,ORD084962,84962,15038,1,1,1,Lost
CUST2500,11,6980,ORD081211,81211,18789,1,3,3,At Risk
CUST2501,11,6583,ORD090255,90255,9745,2,3,3,At Risk
CUST2502,8,2815,ORD077386,77386,22614,1,1,1,Lost
CUST2503,7,3935,ORD087534,87534,12466,2,1,1,Promising
CUST2504,6,3379,ORD084122,84122,15878,1,1,1,Lost
CUST2505,11,7231,ORD083704,83704,16296,1,3,4,At Risk
CUST2506,12,4833,ORD092165,92165,7835,3,3,2,Loyal
CUST2507,10,6226,ORD097341,97341,2659,4,2,3,New Customers
CUST2508,10,6009,ORD091070,91070,8930,2,2,3,Hibernating
CUST2509,11,7196,ORD093979,93979,6021,3,3,4,Loyal
CUST2510,5,1794,ORD098956,98956,1044,5,1,1,New Customers
CUST2511,16,10070,ORD072720,72720,27280,1,5,5,At Risk
CUST2512,10,6211,ORD098485,98485,1515,5,2,3,New Customers
CUST2513,12,7638,ORD080183,80183,19817,1,3,4,At Risk
CUST2514,11,5821,ORD099852,99852,148,5,3,3,Loyal
CUST2515,11,5777,ORD083502,83502,16498,1,3,3,At Risk
CUST2516,10,6722,ORD094785,94785,5215,3,2,3,Potential Loyalists
CUST2517,9,4040,ORD095649,95649,4351,4,2,1,New Customers
CUST2518,12,6406,ORD098627,98627,1373,5,3,3,Loyal
CUST2519,11,4577,ORD094157,94157,5843,3,3,2,Loyal
CUST2520,16,6541,ORD095817,95817,4183,4,5,3,Loyal
CUST2521,8,4628,ORD091334,91334,8666,2,1,2,Promising
CUST2522,19,9030,ORD093003,93003,6997,3,5,5,Loyal
CUST2523,10,7088,ORD077415,77415,22585,1,2,4,Hibernating
CUST2524,11,7971,ORD074527,74527,25473,1,3,4,At Risk
CUST2525,8,4638,ORD081865,81865,18135,1,1,2,Lost
CUST2526,12,8596,ORD095575,95575,4425,4,3,5,Loyal
CUST2527,19,11799,ORD093608,93608,6392,3,5,5,Loyal
CUST2528,15,7568,ORD098329,98329,1671,5,5,4,Champions
CUST2529,15,8548,ORD087992,87992,12008,2,5,4,At Risk
CUST2530,13,7665,ORD096846,96846,3154,4,4,4,Champions
CUST2531,14,8205,ORD088488,88488,11512,2,4,4,At Risk
CUST2532,9,4867,ORD092754,92754,7246,3,2,2,Promising
CUST2533,18,13375,ORD085088,85088,14912,1,5,5,At Risk
CUST2534,11,4621,ORD097425,97425,2575,4,3,2,Loyal
CUST2535,7,4483,ORD081046,81046,18954,1,1,1,Lost
CUST2536,16,9645,ORD096308,96308,3692,4,5,5,Champions
CUST2537,10,4990,ORD097604,97604,2396,4,2,2,New Customers
CUST2538,11,5524,ORD080896,80896,19104,1,3,2,At Risk
CUST2539,8,5192,ORD093251,93251,6749,3,1,2,Promising
CUST2540,9,3989,ORD097654,97654,2346,4,2,1,New Customers
CUST2541,14,9683,ORD098983,98983,1017,5,4,5,Champions
CUST2542,8,3638,ORD089552,89552,10448,2,1,1,Promising
CUST2543,7,3648,ORD091881,91881,8119,3,1,1,Promising
CUST2544,11,6188,ORD097848,97848,2152,4,3,3,Loyal
CUST2545,8,3064,ORD096372,96372,3628,4,1,1,New Customers
CUST2546,7,2619,ORD057375,57375,42625,1,1,1,Lost
CUST2547,8,3193,ORD096275,96275,3725,4,1,1,New Customers
CUST2548,14,12854,ORD099983,99983,17,5,4,5,Champions
CUST2549,11,5945,ORD094860,94860,5140,3,3,3,Loyal
CUST2550,14,8383,ORD093092,93092,6908,3,4,4,Loyal
CUST2551,11,5110,ORD094326,94326,5674,3,3,2,Loyal
CUST2552,14,8877,ORD094464,94464,5536,3,4,5,Loyal
CUST2553,9,6842,ORD093761,93761,6239,3,2,3,Potential Loyalists
CUST2554,7,2871,ORD090181,90181,9819,2,1,1,Promising
CUST2555,10,4424,ORD096411,96411,3589,4,2,1,New Customers
CUST2556,9,5162,ORD098078,98078,1922,5,2,2,New Customers
CUST2557,8,3668,ORD087954,87954,12046,2,1,1,Promising
CUST2558,11,6630,ORD092792,92792,7208,3,3,3,Loyal
CUST2559,10,4743,ORD088463,88463,11537,2,2,2,Promising
CUST2560,11,6007,ORD098573,98573,1427,5,3,3,Loyal
CUST2561,13,10059,ORD099272,99272,728,5,4,5,Champions
CUST2562,7,4892,ORD095779,95779,4221,4,1,2,New Customers
CUST2563,6,3027,ORD082892,82892,17108,1,1,1,Lost
CUST2564,14,8654,ORD093103,93103,6897,3,4,5,Loyal
CUST2565,13,5440,ORD099490,99490,510,5,4,2,Loyal
CUST2566,10,4553,ORD095814,95814,4186,4,2,2,New Customers
CUST2567,11,6491,ORD084808,84808,15192,1,3,3,At Risk
CUST2568,7,2748,ORD097294,97294,2706,4,1,1,New Customers
CUST2569,10,5885,ORD096803,96803,3197,4,2,3,New Customers
CUST2570,19,9070,ORD097371,97371,2629,4,5,5,Champions
CUST2571,17,9631,ORD082407,82407,17593,1,5,5,At Risk
CUST2572,13,5634,ORD096691,96691,3309,4,4,2,Loyal
CUST2573,10,7230,ORD061710,61710,38290,1,2,4,Hibernating
CUST2574,14,9679,ORD089957,89957,10043,2,4,5,At Risk
CUST2575,8,5595,ORD089375,89375,10625,2,1,2,Promising
CUST2576,11,7234,ORD093137,93137,6863,3,3,4,Loyal
CUST2577,12,9377,ORD097887,97887,2113,4,3,5,Loyal
CUST2578,14,6937,ORD085557,85557,14443,2,4,3,At Risk
CUST2579,8,3485,ORD078293,78293,21707,1,1,1,Lost
CUST2580,7,4218,ORD084181,84181,15819,1,1,1,Lost
CUST2581,17,9448,ORD091365,91365,8635,2,5,5,At Risk
CUST2582,13,8362,ORD092080,92080,7920,3,4,4,Loyal
CUST2583,6,2525,ORD095598,95598,4402,4,1,1,New Customers
CUST2584,11,6646,ORD096636,96636,3364,4,3,3,Loyal
CUST2585,10,6443,ORD099005,99005,995,5,2,3,New Customers
CUST2586,12,10071,ORD094782,94782,5218,3,3,5,Loyal
CUST2587,14,7869,ORD084888,84888,15112,1,4,4,At Risk
CUST2588,11,5801,ORD070980,70980,29020,1,3,3,At Risk
CUST2589,5,1490,ORD096089,96089,3911,4,1,1,New Customers
CUST2590,11,4511,ORD092258,92258,7742,3,3,2,Loyal
CUST2591,12,7673,ORD099818,99818,182,5,3,4,Loyal
CUST2592,9,5493,ORD089171,89171,10829,2,2,2,Promising
CUST2593,13,7464,ORD094760,94760,5240,3,4,4,Loyal
CUST2594,10,4848,ORD083029,83029,16971,1,2,2,Promising
CUST2595,16,8942,ORD098154,98154,1846,5,5,5,Champions
CUST2596,10,5802,ORD087799,87799,12201,2,2,3,Hibernating
CUST2597,11,5850,ORD092862,92862,7138,3,3,3,Loyal
CUST2598,6,4100,ORD095100,95100,4900,3,1,1,Promising
CUST2599,10,5690,ORD088992,88992,11008,2,2,2,Promising
CUST2600,20,10638,ORD096597,96597,3403,4,5,5,Champions
CUST2601,11,7811,ORD098492,98492,1508,5,3,4,Loyal
CUST2602,6,1823,ORD087283,87283,12717,2,1,1,Promising
CUST2603,8,4365,ORD086942,86942,13058,2,1,1,Promising
CUST2604,12,4484,ORD099554,99554,446,5,3,1,Loyal
CUST2605,10,5540,ORD093072,93072,6928,3,2,2,Promising
CUST2606,11,7205,ORD092947,92947,7053,3,3,4,Loyal
CUST2607,9,5594,ORD092819,92819,7181,3,2,2,Promising
CUST2608,9,3763,ORD088960,88960,11040,2,2,1,Promising
CUST2609,12,5367,ORD093728,93728,6272,3,3,2,Loyal
CUST2610,11,6497,ORD095534,95534,4466,4,3,3,Loyal
CUST2611,6,4580,ORD088867,88867,11133,2,1,2,Promising
CUST2612,12,9352,ORD091669,91669,8331,2,3,5,At Risk
CUST2613,12,7235,ORD095719,95719,4281,4,3,4,Loyal
CUST2614,11,8137,ORD098072,98072,1928,5,3,4,Loyal
CUST2615,12,6880,ORD075786,75786,24214,1,3,3,At Risk
CUST2616,14,7731,ORD096631,96631,3369,4,4,4,Champions
CUST2617,12,6906,ORD085873,85873,14127,2,3,3,At Risk
CUST2618,8,6308,ORD096408,96408,3592,4,1,3,New Customers
CUST2619,7,4211,ORD092974,92974,7026,3,1,1,Promising
CUST2620,11,8200,ORD098000,98000,2000,5,3,4,Loyal
CUST2621,10,4830,ORD089673,89673,10327,2,2,2,Promising
CUST2622,9,5534,ORD084072,84072,15928,1,2,2,Promising
CUST2623,9,5538,ORD075712,75712,24288,1,2,2,Promising
CUST2624,13,9038,ORD093226,93226,6774,3,4,5,Loyal
CUST2625,8,4630,ORD093459,93459,6541,3,1,2,Promising
CUST2626,10,4835,ORD096690,96690,3310,4,2,2,New Customers
CUST2627,10,6720,ORD096945,96945,3055,4,2,3,New Customers
CUST2628,11,4972,ORD096664,96664,3336,4,3,2,Loyal
CUST2629,12,8535,ORD098648,98648,1352,5,3,4,Loyal
CUST2630,8,5044,ORD084345,84345,15655,1,1,2,Lost
CUST2631,12,7039,ORD088153,88153,11847,2,3,4,At Risk
CUST2632,8,4654,ORD088051,88051,11949,2,1,2,Promising
CUST2633,23,13000,ORD093668,93668,6332,3,5,5,Loyal
CUST2634,11,5724,ORD095062,95062,4938,3,3,2,Loyal
CUST2635,15,10306,ORD098426,98426,1574,5,5,5,Champions
CUST2636,18,11717,ORD096207,96207,3793,4,5,5,Champions
CUST2637,13,8392,ORD096090,96090,3910,4,4,4,Champions
CUST2638,8,2018,ORD087645,87645,12355,2,1,1,Promising
CUST2639,14,10219,ORD088517,88517,11483,2,4,5,At Risk
CUST2640,16,6421,ORD096344,96344,3656,4,5,3,Loyal
CUST2641,10,6600,ORD098232,98232,1768,5,2,3,New Customers
CUST2642,19,9537,ORD094448,94448,5552,3,5,5,Loyal
CUST2643,11,8114,ORD091540,91540,8460,2,3,4,At Risk
CUST2644,10,5629,ORD084840,84840,15160,1,2,2,Promising
CUST2645,18,9773,ORD098216,98216,1784,5,5,5,Champions
CUST2646,14,13070,ORD090512,90512,9488,2,4,5,At Risk
CUST2647,12,5321,ORD088808,88808,11192,2,3,2,At Risk
CUST2648,3,1598,ORD078340,78340,21660,1,1,1,Lost
CUST2649,6,3787,ORD070781,70781,29219,1,1,1,Lost
CUST2650,11,7139,ORD098826,98826,1174,5,3,4,Loyal
CUST2651,8,4757,ORD095728,95728,4272,4,1,2,New Customers
CUST2652,8,6330,ORD081088,81088,18912,1,1,3,Hibernating
CUST2653,11,8283,ORD090844,90844,9156,2,3,4,At Risk
CUST2654,13,7918,ORD098297,98297,1703,5,4,4,Champions
CUST2655,11,5829,ORD095042,95042,4958,3,3,3,Loyal
CUST2656,13,8318,ORD098503,98503,1497,5,4,4,Champions
CUST2657,8,4352,ORD093662,93662,6338,3,1,1,Promising
CUST2658,15,8970,ORD094666,94666,5334,3,5,5,Loyal
CUST2659,17,11712,ORD093756,93756,6244,3,5,5,Loyal
CUST2660,10,5799,ORD094855,94855,5145,3,2,3,Potential Loyalists
CUST2661,13,8573,ORD085525,85525,14475,2,4,5,At Risk
CUST2662,6,1630,ORD095638,95638,4362,4,1,1,New Customers
CUST2663,17,9764,ORD099591,99591,409,5,5,5,Champions
CUST2664,7,2238,ORD099145,99145,855,5,1,1,New Customers
CUST2665,10,7879,ORD079847,79847,20153,1,2,4,Hibernating
CUST2666,10,5964,ORD095746,95746,4254,4,2,3,New Customers
CUST2667,16,10765,ORD099287,99287,713,5,5,5,Champions
CUST2668,13,5879,ORD098215,98215,1785,5,4,3,Loyal
CUST2669,8,4107,ORD098753,98753,1247,5,1,1,New Customers
CUST2670,14,11342,ORD099873,99873,127,5,4,5,Champions
CUST2671,6,4434,ORD090515,90515,9485,2,1,1,Promising
CUST2672,10,5683,ORD090543,90543,9457,2,2,2,Promising
CUST2673,10,5933,ORD099307,99307,693,5,2,3,New Customers
CUST2674,14,9524,ORD097149,97149,2851,4,4,5,Champions
CUST2675,13,8275,ORD079116,79116,20884,1,4,4,At Risk
CUST2676,13,7195,ORD085727,85727,14273,2,4,4,At Risk
CUST2677,12,6688,ORD087028,87028,12972,2,3,3,At Risk
CUST2678,13,8751,ORD089793,89793,10207,2,4,5,At Risk
CUST2679,8,5708,ORD088863,88863,11137,2,1,2,Promising
CUST2680,18,10807,ORD098681,98681,1319,5,5,5,Champions
CUST2681,21,11736,ORD096056,96056,3944,4,5,5,Champions
CUST2682,9,6736,ORD081906,81906,18094,1,2,3,Hibernating
CUST2683,8,2889,ORD097547,97547,2453,4,1,1,New Customers
CUST2684,18,8108,ORD090567,90567,9433,2,5,4,At Risk
CUST2685,10,5709,ORD089892,89892,10108,2,2,2,Promising
CUST2686,14,6833,ORD096553,96553,3447,4,4,3,Loyal
CUST2687,11,3894,ORD090780,90780,9220,2,3,1,At Risk
CUST2688,8,5519,ORD074440,74440,25560,1,1,2,Lost
CUST2689,16,7767,ORD088509,88509,11491,2,5,4,At Risk
CUST2690,11,4154,ORD081363,81363,18637,1,3,1,At Risk
CUST2691,14,8943,ORD093824,93824,6176,3,4,5,Loyal
CUST2692,15,8634,ORD094789,94789,5211,3,5,5,Loyal
CUST2693,8,4105,ORD082767,82767,17233,1,1,1,Lost
CUST2694,15,10389,ORD094704,94704,5296,3,5,5,Loyal
CUST2695,10,4083,ORD090749,90749,9251,2,2,1,Promising
CUST2696,13,7525,ORD095458,95458,4542,4,4,4,Champions
CUST2697,14,11798,ORD084049,84049,15951,1,4,5,At Risk
CUST2698,12,8227,ORD086442,86442,13558,2,3,4,At Risk
CUST2699,11,9106,ORD097630,97630,2370,4,3,5,Loyal
CUST2700,7,3477,ORD056686,56686,43314,1,1,1,Lost
CUST2701,14,6604,ORD087538,87538,12462,2,4,3,At Risk
CUST2702,16,11113,ORD088359,88359,11641,2,5,5,At Risk
CUST2703,14,7916,ORD095535,95535,4465,4,4,4,Champions
CUST2704,7,3619,ORD090184,90184,9816,2,1,1,Promising
CUST2705,12,7833,ORD084495,84495,15505,1,3,4,At Risk
CUST2706,6,2814,ORD075951,75951,24049,1,1,1,Lost
CUST2707,12,7081,ORD096698,96698,3302,4,3,4,Loyal
CUST2708,10,6593,ORD096739,96739,3261,4,2,3,New Customers
CUST2709,12,6308,ORD055876,55876,44124,1,3,3,At Risk
CUST2710,15,9786,ORD099784,99784,216,5,5,5,Champions
CUST2711,8,2650,ORD090750,90750,9250,2,1,1,Promising
CUST2712,10,6698,ORD097851,97851,2149,4,2,3,New Customers
CUST2713,20,11397,ORD096497,96497,3503,4,5,5,Champions
CUST2714,11,4531,ORD089894,89894,10106,2,3,2,At Risk
CUST2715,14,7730,ORD096574,96574,3426,4,4,4,Champions
CUST2716,12,9334,ORD099911,99911,89,5,3,5,Loyal
CUST2717,14,7621,ORD095984,95984,4016,4,4,4,Champions
CUST2718,17,11770,ORD097891,97891,2109,4,5,5,Champions
CUST2719,4,3101,ORD073394,73394,26606,1,1,1,Lost
CUST2720,9,5234,ORD099434,99434,566,5,2,2,New Customers
CUST2721,8,5546,ORD087924,87924,12076,2,1,2,Promising
CUST2722,16,6982,ORD099696,99696,304,5,5,3,Loyal
CUST2723,15,9321,ORD095340,95340,4660,4,5,5,Champions
CUST2724,9,7471,ORD098149,98149,1851,5,2,4,New Customers
CUST2725,11,7642,ORD098618,98618,1382,5,3,4,Loyal
CUST2726,13,8685,ORD094612,94612,5388,3,4,5,Loyal
CUST2727,13,7987,ORD095082,95082,4918,3,4,4,Loyal
CUST2728,9,5435,ORD098636,98636,1364,5,2,2,New Customers
CUST2729,9,4336,ORD098596,98596,1404,5,2,1,New Customers
CUST2730,12,5224,ORD090338,90338,9662,2,3,2,At Risk
CUST2731,13,5398,ORD093517,93517,6483,3,4,2,Loyal
CUST2732,9,5995,ORD092487,92487,7513,3,2,3,Potential Loyalists
CUST2733,11,5346,ORD089997,89997,10003,2,3,2,At Risk
CUST2734,18,8265,ORD093725,93725,6275,3,5,4,Loyal
CUST2735,13,7648,ORD092384,92384,7616,3,4,4,Loyal
CUST2736,13,9847,ORD095507,95507,4493,4,4,5,Champions
CUST2737,12,5058,ORD092447,92447,7553,3,3,2,Loyal
CUST2738,11,7105,ORD099711,99711,289,5,3,4,Loyal
CUST2739,9,3684,ORD095358,95358,4642,4,2,1,New Customers
CUST2740,13,9945,ORD099780,99780,220,5,4,5,Champions
CUST2741,13,10066,ORD099577,99577,423,5,4,5,Champions
CUST2742,15,8763,ORD093587,93587,6413,3,5,5,Loyal
CUST2743,16,10416,ORD095336,95336,4664,4,5,5,Champions
CUST2744,17,9407,ORD096850,96850,3150,4,5,5,Champions
CUST2745,12,5647,ORD097951,97951,2049,4,3,2,Loyal
CUST2746,12,7588,ORD080173,80173,19827,1,3,4,At Risk
CUST2747,10,4610,ORD097856,97856,2144,4,2,2,New Customers
CUST2748,12,7846,ORD099224,99224,776,5,3,4,Loyal
CUST2749,10,7117,ORD088197,88197,11803,2,2,4,Hibernating
CUST2750,14,8734,ORD097723,97723,2277,4,4,5,Champions
CUST2751,7,4437,ORD088848,88848,11152,2,1,1,Promising
CUST2752,13,8417,ORD091195,91195,8805,2,4,4,At Risk
CUST2753,16,8208,ORD092062,92062,7938,3,5,4,Loyal
CUST2754,9,5266,ORD067992,67992,32008,1,2,2,Promising
CUST2755,13,6683,ORD094111,94111,5889,3,4,3,Loyal
CUST2756,8,3829,ORD089826,89826,10174,2,1,1,Promising
CUST2757,8,5543,ORD090305,90305,9695,2,1,2,Promising
CUST2758,14,8544,ORD080461,80461,19539,1,4,4,At Risk
CUST2759,10,5344,ORD094601,94601,5399,3,2,2,Promising
CUST2760,9,4012,ORD083598,83598,16402,1,2,1,Promising
CUST2761,12,7517,ORD072824,72824,27176,1,3,4,At Risk
CUST2762,7,4908,ORD087863,87863,12137,2,1,2,Promising
CUST2763,11,8040,ORD098916,98916,1084,5,3,4,Loyal
CUST2764,14,9599,ORD098047,98047,1953,5,4,5,Champions
CUST2765,16,8093,ORD088853,88853,11147,2,5,4,At Risk
CUST2766,14,9112,ORD099468,99468,532,5,4,5,Champions
CUST2767,15,10116,ORD092930,92930,7070,3,5,5,Loyal
CUST2768,10,5671,ORD091188,91188,8812,2,2,2,Promising
CUST2769,14,6774,ORD093203,93203,6797,3,4,3,Loyal
CUST2770,17,9528,ORD098320,98320,1680,5,5,5,Champions
CUST2771,11,5771,ORD094550,94550,5450,3,3,3,Loyal
CUST2772,8,4695,ORD095858,95858,4142,4,1,2,New Customers
CUST2773,9,4015,ORD093933,93933,6067,3,2,1,Promising
CUST2774,12,4331,ORD096877,96877,3123,4,3,1,Loyal
CUST2775,11,4377,ORD097249,97249,2751,4,3,1,Loyal
CUST2776,14,6776,ORD092419,92419,7581,3,4,3,Loyal
CUST2777,7,4755,ORD094702,94702,5298,3,1,2,Promising
CUST2778,14,7094,ORD098577,98577,1423,5,4,4,Champions
CUST2779,9,4853,ORD095739,95739,4261,4,2,2,New Customers
CUST2780,10,6149,ORD089896,89896,10104,2,2,3,Hibernating
CUST2781,12,6201,ORD099978,99978,22,5,3,3,Loyal
CUST2782,8,4159,ORD090992,90992,9008,2,1,1,Promising
CUST2783,13,7981,ORD099608,99608,392,5,4,4,Champions
CUST2784,6,3309,ORD089900,89900,10100,2,1,1,Promising
CUST2785,12,5096,ORD097642,97642,2358,4,3,2,Loyal
CUST2786,12,8571,ORD099332,99332,668,5,3,5,Loyal
CUST2787,13,7927,ORD081355,81355,18645,1,4,4,At Risk
CUST2788,13,8165,ORD074899,74899,25101,1,4,4,At Risk
CUST2789,19,11074,ORD091380,91380,8620,2,5,5,At Risk
CUST2790,16,7183,ORD091766,91766,8234,3,5,4,Loyal
CUST2791,12,6430,ORD091627,91627,8373,2,3,3,At Risk
CUST2792,11,7346,ORD095126,95126,4874,3,3,4,Loyal
CUST2793,10,5592,ORD096395,96395,3605,4,2,2,New Customers
CUST2794,8,4522,ORD099418,99418,582,5,1,2,New Customers
CUST2795,15,9087,ORD097917,97917,2083,4,5,5,Champions
CUST2796,13,6792,ORD095941,95941,4059,4,4,3,Loyal
CUST2797,14,7599,ORD099041,99041,959,5,4,4,Champions
CUST2798,7,4471,ORD091567,91567,8433,2,1,1,Promising
CUST2799,9,5848,ORD090703,90703,9297,2,2,3,Hibernating
CUST2800,15,6909,ORD091571,91571,8429,2,5,3,At Risk
CUST2801,10,5440,ORD092343,92343,7657,3,2,2,Promising
CUST2802,10,8066,ORD088375,88375,11625,2,2,4,Hibernating
CUST2803,10,5877,ORD099530,99530,470,5,2,3,New Customers
CUST2804,14,6702,ORD099386,99386,614,5,4,3,Loyal
CUST2805,15,9282,ORD091359,91359,8641,2,5,5,At Risk
CUST2806,11,8757,ORD094980,94980,5020,3,3,5,Loyal
CUST2807,8,4307,ORD076247,76247,23753,1,1,1,Lost
CUST2808,9,5165,ORD091819,91819,8181,3,2,2,Promising
CUST2809,14,7239,ORD090358,90358,9642,2,4,4,At Risk
CUST2810,6,2532,ORD066069,66069,33931,1,1,1,Lost
CUST2811,6,3337,ORD096373,96373,3627,4,1,1,New Customers
CUST2812,14,8815,ORD092758,92758,7242,3,4,5,Loyal
CUST2813,12,6714,ORD097256,97256,2744,4,3,3,Loyal
CUST2814,8,2359,ORD061397,61397,38603,1,1,1,Lost
CUST2815,10,6182,ORD083521,83521,16479,1,2,3,Hibernating
CUST2816,18,9397,ORD094890,94890,5110,3,5,5,Loyal
CUST2817,15,8817,ORD093393,93393,6607,3,5,5,Loyal
CUST2818,13,6097,ORD099276,99276,724,5,4,3,Loyal
CUST2819,11,5355,ORD079710,79710,20290,1,3,2,At Risk
CUST2820,8,5217,ORD095501,95501,4499,4,1,2,New Customers
CUST2821,9,7046,ORD071875,71875,28125,1,2,4,Hibernating
CUST2822,16,9159,ORD082204,82204,17796,1,5,5,At Risk
CUST2823,8,3405,ORD081136,81136,18864,1,1,1,Lost
CUST2824,8,4196,ORD087635,87635,12365,2,1,1,Promising
CUST2825,14,8309,ORD095048,95048,4952,3,4,4,Loyal
CUST2826,11,7550,ORD099481,99481,519,5,3,4,Loyal
CUST2827,10,7392,ORD099522,99522,478,5,2,4,New Customers
CUST2828,6,3520,ORD081372,81372,18628,1,1,1,Lost
CUST2829,16,10820,ORD095828,95828,4172,4,5,5,Champions
CUST2830,8,4183,ORD095753,95753,4247,4,1,1,New Customers
CUST2831,12,7342,ORD097586,97586,2414,4,3,4,Loyal
CUST2832,12,6950,ORD090662,90662,9338,2,3,3,At Risk
CUST2833,14,7655,ORD098144,98144,1856,5,4,4,Champions
CUST2834,11,8578,ORD095841,95841,4159,4,3,5,Loyal
CUST2835,9,3953,ORD086553,86553,13447,2,2,1,Promising
CUST2836,8,8609,ORD061014,61014,38986,1,1,5,Hibernating
CUST2837,10,4403,ORD086779,86779,13221,2,2,1,Promising
CUST2838,9,5049,ORD082571,82571,17429,1,2,2,Promising
CUST2839,7,6032,ORD094606,94606,5394,3,1,3,Promising
CUST2840,14,11207,ORD099977,99977,23,5,4,5,Champions
CUST2841,14,7512,ORD090491,90491,9509,2,4,4,At Risk
CUST2842,11,7214,ORD098882,98882,1118,5,3,4,Loyal
CUST2843,14,5253,ORD092477,92477,7523,3,4,2,Loyal
CUST2844,7,3815,ORD086717,86717,13283,2,1,1,Promising
CUST2845,9,4781,ORD093797,93797,6203,3,2,2,Promising
CUST2846,13,8561,ORD095445,95445,4555,4,4,4,Champions
CUST2847,14,8309,ORD083571,83571,16429,1,4,4,At Risk
CUST2848,14,6941,ORD098063,98063,1937,5,4,3,Loyal
CUST2849,10,9024,ORD097802,97802,2198,4,2,5,New Customers
CUST2850,18,11535,ORD097597,97597,2403,4,5,5,Champions
CUST2851,9,5581,ORD085155,85155,14845,1,2,2,Promising
CUST2852,8,5914,ORD088195,88195,11805,2,1,3,Hibernating
CUST2853,10,5173,ORD099939,99939,61,5,2,2,New Customers
CUST2854,16,9146,ORD089074,89074,10926,2,5,5,At Risk
CUST2855,12,7601,ORD099778,99778,222,5,3,4,Loyal
CUST2856,13,7387,ORD097507,97507,2493,4,4,4,Champions
CUST2857,12,7638,ORD079838,79838,20162,1,3,4,At Risk
CUST2858,7,3305,ORD095762,95762,4238,4,1,1,New Customers
CUST2859,9,5564,ORD071108,71108,28892,1,2,2,Promising
CUST2860,17,8789,ORD097712,97712,2288,4,5,5,Champions
CUST2861,8,4340,ORD099788,99788,212,5,1,1,New Customers
CUST2862,15,9700,ORD099634,99634,366,5,5,5,Champions
CUST2863,12,9172,ORD098797,98797,1203,5,3,5,Loyal
CUST2864,10,6502,ORD099685,99685,315,5,2,3,New Customers
CUST2865,11,5677,ORD097485,97485,2515,4,3,2,Loyal
CUST2866,11,7379,ORD094825,94825,5175,3,3,4,Loyal
CUST2867,12,5794,ORD098377,98377,1623,5,3,3,Loyal
CUST2868,11,6625,ORD080979,80979,19021,1,3,3,At Risk
CUST2869,6,6155,ORD090630,90630,9370,2,1,3,Hibernating
CUST2870,13,6876,ORD093995,93995,6005,3,4,3,Loyal
CUST2871,9,3667,ORD060470,60470,39530,1,2,1,Promising
CUST2872,5,3593,ORD094010,94010,5990,3,1,1,Promising
CUST2873,9,5238,ORD094245,94245,5755,3,2,2,Promising
CUST2874,17,7013,ORD094618,94618,5382,3,5,4,Loyal
CUST2875,20,12834,ORD098123,98123,1877,5,5,5,Champions
CUST2876,18,10815,ORD099726,99726,274,5,5,5,Champions
CUST2877,10,4560,ORD096799,96799,3201,4,2,2,New Customers
CUST2878,11,4436,ORD074803,74803,25197,1,3,1,At Risk
CUST2879,13,9688,ORD094003,94003,5997,3,4,5,Loyal
CUST2880,11,6138,ORD097493,97493,2507,4,3,3,Loyal
CUST2881,6,6682,ORD053880,53880,46120,1,1,3,Hibernating
CUST2882,10,4740,ORD084562,84562,15438,1,2,2,Promising
CUST2883,9,2807,ORD090503,90503,9497,2,2,1,Promising
CUST2884,13,6516,ORD092194,92194,7806,3,4,3,Loyal
CUST2885,8,4522,ORD090026,90026,9974,2,1,2,Promising
CUST2886,17,10791,ORD098051,98051,1949,5,5,5,Champions
CUST2887,9,5246,ORD089979,89979,10021,2,2,2,Promising
CUST2888,17,12677,ORD099105,99105,895,5,5,5,Champions
CUST2889,13,8737,ORD090135,90135,9865,2,4,5,At Risk
CUST2890,9,5445,ORD094548,94548,5452,3,2,2,Promising
CUST2891,8,3520,ORD098825,98825,1175,5,1,1,New Customers
CUST2892,8,4881,ORD095698,95698,4302,4,1,2,New Customers
CUST2893,15,9908,ORD097079,97079,2921,4,5,5,Champions
CUST2894,12,8945,ORD089347,89347,10653,2,3,5,At Risk
CUST2895,14,8496,ORD097415,97415,2585,4,4,4,Champions
CUST2896,6,3301,ORD071408,71408,28592,1,1,1,Lost
CUST2897,19,10472,ORD090262,90262,9738,2,5,5,At Risk
CUST2898,12,4659,ORD085190,85190,14810,1,3,2,At Risk
CUST2899,10,5009,ORD095834,95834,4166,4,2,2,New Customers
CUST2900,12,4323,ORD085060,85060,14940,1,3,1,At Risk
CUST2901,4,2234,ORD071349,71349,28651,1,1,1,Lost
CUST2902,12,6454,ORD097105,97105,2895,4,3,3,Loyal
CUST2903,6,4662,ORD092200,92200,7800,3,1,2,Promising
CUST2904,10,4916,ORD081204,81204,18796,1,2,2,Promising
CUST2905,10,5783,ORD095285,95285,4715,3,2,3,Potential Loyalists
CUST2906,7,3195,ORD077598,77598,22402,1,1,1,Lost
CUST2907,12,7130,ORD090651,90651,9349,2,3,4,At Risk
CUST2908,15,13356,ORD093939,93939,6061,3,5,5,Loyal
CUST2909,11,6776,ORD074253,74253,25747,1,3,3,At Risk
CUST2910,4,1096,ORD098507,98507,1493,5,1,1,New Customers
CUST2911,9,5003,ORD098628,98628,1372,5,2,2,New Customers
CUST2912,10,5149,ORD084624,84624,15376,1,2,2,Promising
CUST2913,10,5591,ORD097903,97903,2097,4,2,2,New Customers
CUST2914,11,5948,ORD097819,97819,2181,4,3,3,Loyal
CUST2915,13,10585,ORD097794,97794,2206,4,4,5,Champions
CUST2916,13,8075,ORD099384,99384,616,5,4,4,Champions
CUST2917,15,8907,ORD098941,98941,1059,5,5,5,Champions
CUST2918,10,6360,ORD093874,93874,6126,3,2,3,Potential Loyalists
CUST2919,15,10340,ORD098547,98547,1453,5,5,5,Champions
CUST2920,20,8688,ORD096573,96573,3427,4,5,5,Champions
CUST2921,12,6296,ORD077460,77460,22540,1,3,3,At Risk
CUST2922,15,7955,ORD092023,92023,7977,3,5,4,Loyal
CUST2923,10,5896,ORD098738,98738,1262,5,2,3,New Customers
CUST2924,14,8265,ORD098498,98498,1502,5,4,4,Champions
CUST2925,14,8929,ORD083749,83749,16251,1,4,5,At Risk
CUST2926,14,6696,ORD094259,94259,5741,3,4,3,Loyal
CUST2927,16,7216,ORD094447,94447,5553,3,5,4,Loyal
CUST2928,14,7075,ORD099089,99089,911,5,4,4,Champions
CUST2929,11,6852,ORD093635,93635,6365,3,3,3,Loyal
CUST2930,12,8999,ORD094474,94474,5526,3,3,5,Loyal
CUST2931,17,9580,ORD098709,98709,1291,5,5,5,Champions
CUST2932,8,4387,ORD084318,84318,15682,1,1,1,Lost
CUST2933,7,4760,ORD087183,87183,12817,2,1,2,Promising
CUST2934,10,4510,ORD079354,79354,20646,1,2,2,Promising
CUST2935,6,4239,ORD093955,93955,6045,3,1,1,Promising
CUST2936,12,6080,ORD097787,97787,2213,4,3,3,Loyal
CUST2937,13,5876,ORD075653,75653,24347,1,4,3,At Risk
CUST2938,10,4833,ORD093119,93119,6881,3,2,2,Promising
CUST2939,9,4677,ORD070730,70730,29270,1,2,2,Promising
CUST2940,11,7941,ORD087612,87612,12388,2,3,4,At Risk
CUST2941,12,8311,ORD079583,79583,20417,1,3,4,At Risk
CUST2942,8,3439,ORD098860,98860,1140,5,1,1,New Customers
CUST2943,10,6197,ORD093551,93551,6449,3,2,3,Potential Loyalists
CUST2944,12,8387,ORD098873,98873,1127,5,3,4,Loyal
CUST2945,9,4608,ORD098269,98269,1731,5,2,2,New Customers
CUST2946,11,8059,ORD098288,98288,1712,5,3,4,Loyal
CUST2947,10,3508,ORD097234,97234,2766,4,2,1,New Customers
CUST2948,10,7243,ORD096978,96978,3022,4,2,4,New Customers
CUST2949,10,3371,ORD087782,87782,12218,2,2,1,Promising
CUST2950,11,5681,ORD097696,97696,2304,4,3,2,Loyal
CUST2951,10,5620,ORD099820,99820,180,5,2,2,New Customers
CUST2952,10,5435,ORD089174,89174,10826,2,2,2,Promising
CUST2953,14,9965,ORD086756,86756,13244,2,4,5,At Risk
CUST2954,12,5597,ORD085777,85777,14223,2,3,2,At Risk
CUST2955,10,6806,ORD097141,97141,2859,4,2,3,New Customers
CUST2956,13,7947,ORD085811,85811,14189,2,4,4,At Risk
CUST2957,7,4871,ORD088486,88486,11514,2,1,2,Promising
CUST2958,8,3609,ORD077360,77360,22640,1,1,1,Lost
CUST2959,7,3109,ORD092591,92591,7409,3,1,1,Promising
CUST2960,13,9231,ORD099930,99930,70,5,4,5,Champions
CUST2961,10,6522,ORD091005,91005,8995,2,2,3,Hibernating
CUST2962,9,6976,ORD099762,99762,238,5,2,3,New Customers
CUST2963,6,4719,ORD080234,80234,19766,1,1,2,Lost
CUST2964,15,10617,ORD094469,94469,5531,3,5,5,Loyal
CUST2965,15,9084,ORD091854,91854,8146,3,5,5,Loyal
CUST2966,8,3562,ORD093496,93496,6504,3,1,1,Promising
CUST2967,10,5713,ORD096626,96626,3374,4,2,2,New Customers
CUST2968,8,5513,ORD090605,90605,9395,2,1,2,Promising
CUST2969,9,7033,ORD098884,98884,1116,5,2,4,New Customers
CUST2970,16,7861,ORD088599,88599,11401,2,5,4,At Risk
CUST2971,11,8069,ORD093083,93083,6917,3,3,4,Loyal
CUST2972,11,7163,ORD080274,80274,19726,1,3,4,At Risk
CUST2973,11,5126,ORD079394,79394,20606,1,3,2,At Risk
CUST2974,12,5846,ORD086917,86917,13083,2,3,3,At Risk
CUST2975,10,3249,ORD099236,99236,764,5,2,1,New Customers
CUST2976,15,7902,ORD094955,94955,5045,3,5,4,Loyal
CUST2977,17,9806,ORD098346,98346,1654,5,5,5,Champions
CUST2978,16,10518,ORD093160,93160,6840,3,5,5,Loyal
CUST2979,10,6425,ORD099226,99226,774,5,2,3,New Customers
CUST2980,13,7817,ORD083211,83211,16789,1,4,4,At Risk
CUST2981,12,6022,ORD086896,86896,13104,2,3,3,At Risk
CUST2982,17,8545,ORD099556,99556,444,5,5,4,Champions
CUST2983,14,9895,ORD099942,99942,58,5,4,5,Champions
CUST2984,8,3866,ORD082582,82582,17418,1,1,1,Lost
CUST2985,10,7811,ORD095540,95540,4460,4,2,4,New Customers
CUST2986,10,6012,ORD075095,75095,24905,1,2,3,Hibernating
CUST2987,9,6508,ORD092617,92617,7383,3,2,3,Potential Loyalists
CUST2988,7,3953,ORD098711,98711,1289,5,1,1,New Customers
CUST2989,14,6454,ORD076955,76955,23045,1,4,3,At Risk
CUST2990,8,4133,ORD099190,99190,810,5,1,1,New Customers
CUST2991,11,5525,ORD095561,95561,4439,4,3,2,Loyal
CUST2992,10,6704,ORD098960,98960,1040,5,2,3,New Customers
CUST2993,7,7943,ORD088898,88898,11102,2,1,4,Hibernating
CUST2994,11,8294,ORD098182,98182,1818,5,3,4,Loyal
CUST2995,10,5253,ORD098550,98550,1450,5,2,2,New Customers
CUST2996,10,5715,ORD099281,99281,719,5,2,2,New Customers
CUST2997,6,3053,ORD078624,78624,21376,1,1,1,Lost
CUST2998,11,6079,ORD086355,86355,13645,2,3,3,At Risk
CUST2999,14,7073,ORD082146,82146,17854,1,4,4,At Risk
CUST3000,12,5153,ORD088531,88531,11469,2,3,2,At Risk
CUST3001,23,14506,ORD096000,96000,4000,4,5,5,Champions
CUST3002,9,3778,ORD084689,84689,15311,1,2,1,Promising
CUST3003,7,4200,ORD099697,99697,303,5,1,1,New Customers
CUST3004,12,6486,ORD092886,92886,7114,3,3,3,Loyal
CUST3005,10,6338,ORD099770,99770,230,5,2,3,New Customers
CUST3006,8,5287,ORD083443,83443,16557,1,1,2,Lost
CUST3007,13,6976,ORD098316,98316,1684,5,4,3,Loyal
CUST3008,12,7877,ORD097177,97177,2823,4,3,4,Loyal
CUST3009,12,6641,ORD098347,98347,1653,5,3,3,Loyal
CUST3010,6,4205,ORD088473,88473,11527,2,1,1,Promising
CUST3011,12,5540,ORD096747,96747,3253,4,3,2,Loyal
CUST3012,11,7877,ORD088865,88865,11135,2,3,4,At Risk
CUST3013,17,11484,ORD099991,99991,9,5,5,5,Champions
CUST3014,11,5275,ORD094321,94321,5679,3,3,2,Loyal
CUST3015,14,11322,ORD095056,95056,4944,3,4,5,Loyal
CUST3016,9,7316,ORD095628,95628,4372,4,2,4,New Customers
CUST3017,11,7012,ORD092495,92495,7505,3,3,4,Loyal
CUST3018,12,4604,ORD099077,99077,923,5,3,2,Loyal
CUST3019,8,4767,ORD093284,93284,6716,3,1,2,Promising
CUST3020,14,9038,ORD092533,92533,7467,3,4,5,Loyal
CUST3021,8,4292,ORD092104,92104,7896,3,1,1,Promising
CUST3022,14,7022,ORD099547,99547,453,5,4,4,Champions
CUST3023,9,4968,ORD078786,78786,21214,1,2,2,Promising
CUST3024,4,1694,ORD032972,32972,67028,1,1,1,Lost
CUST3025,7,5874,ORD060491,60491,39509,1,1,3,Hibernating
CUST3026,10,3992,ORD097111,97111,2889,4,2,1,New Customers
CUST3027,7,3012,ORD083039,83039,16961,1,1,1,Lost
CUST3028,7,2178,ORD094232,94232,5768,3,1,1,Promising
CUST3029,18,10644,ORD094608,94608,5392,3,5,5,Loyal
CUST3030,7,2868,ORD093871,93871,6129,3,1,1,Promising
CUST3031,8,6832,ORD096474,96474,3526,4,1,3,New Customers
CUST3032,7,3663,ORD076868,76868,23132,1,1,1,Lost
CUST3033,10,4704,ORD084658,84658,15342,1,2,2,Promising
CUST3034,8,5428,ORD098677,98677,1323,5,1,2,New Customers
CUST3035,13,9187,ORD096620,96620,3380,4,4,5,Champions
CUST3036,13,7370,ORD088987,88987,11013,2,4,4,At Risk
CUST3037,17,10003,ORD097701,97701,2299,4,5,5,Champions
CUST3038,8,5503,ORD074232,74232,25768,1,1,2,Lost
CUST3039,9,4718,ORD097530,97530,2470,4,2,2,New Customers
CUST3040,8,4282,ORD096991,96991,3009,4,1,1,New Customers
CUST3041,10,2677,ORD099740,99740,260,5,2,1,New Customers
CUST3042,14,10618,ORD083063,83063,16937,1,4,5,At Risk
CUST3043,11,7971,ORD091537,91537,8463,2,3,4,At Risk
CUST3044,9,4737,ORD093894,93894,6106,3,2,2,Promising
CUST3045,10,4311,ORD095802,95802,4198,4,2,1,New Customers
CUST3046,9,4516,ORD099880,99880,120,5,2,2,New Customers
CUST3047,14,8025,ORD096232,96232,3768,4,4,4,Champions
CUST3048,13,8322,ORD094229,94229,5771,3,4,4,Loyal
CUST3049,12,5687,ORD099202,99202,798,5,3,2,Loyal
CUST3050,11,5356,ORD089522,89522,10478,2,3,2,At Risk
CUST3051,7,4064,ORD077925,77925,22075,1,1,1,Lost
CUST3052,13,6396,ORD097110,97110,2890,4,4,3,Loyal
CUST3053,8,5602,ORD059736,59736,40264,1,1,2,Lost
CUST3054,13,7440,ORD098989,98989,1011,5,4,4,Champions
CUST3055,9,4579,ORD095431,95431,4569,4,2,2,New Customers
CUST3056,13,7687,ORD098420,98420,1580,5,4,4,Champions
CUST3057,12,5791,ORD096773,96773,3227,4,3,3,Loyal
CUST3058,6,2443,ORD097386,97386,2614,4,1,1,New Customers
CUST3059,12,5615,ORD097740,97740,2260,4,3,2,Loyal
CUST3060,11,5624,ORD087254,87254,12746,2,3,2,At Risk
CUST3061,8,4216,ORD087253,87253,12747,2,1,1,Promising
CUST3062,7,6181,ORD098481,98481,1519,5,1,3,New Customers
CUST3063,13,13424,ORD095796,95796,4204,4,4,5,Champions
CUST3064,8,3447,ORD077671,77671,22329,1,1,1,Lost
CUST3065,14,7436,ORD099597,99597,403,5,4,4,Champions
CUST3066,11,7252,ORD092320,92320,7680,3,3,4,Loyal
CUST3067,8,4926,ORD085723,85723,14277,2,1,2,Promising
CUST3068,17,10539,ORD088199,88199,11801,2,5,5,At Risk
CUST3069,15,9098,ORD094700,94700,5300,3,5,5,Loyal
CUST3070,9,5056,ORD093998,93998,6002,3,2,2,Promising
CUST3071,11,5968,ORD092492,92492,7508,3,3,3,Loyal
CUST3072,15,8694,ORD099266,99266,734,5,5,5,Champions
CUST3073,7,3990,ORD053566,53566,46434,1,1,1,Lost
CUST3074,6,3014,ORD089934,89934,10066,2,1,1,Promising
CUST3075,7,3415,ORD089738,89738,10262,2,1,1,Promising
CUST3076,8,3827,ORD092476,92476,7524,3,1,1,Promising
CUST3077,14,7521,ORD094587,94587,5413,3,4,4,Loyal
CUST3078,12,7650,ORD059798,59798,40202,1,3,4,At Risk
CUST3079,9,4831,ORD083986,83986,16014,1,2,2,Promising
CUST3080,9,3724,ORD094075,94075,5925,3,2,1,Promising
CUST3081,8,3766,ORD085405,85405,14595,1,1,1,Lost
CUST3082,13,6642,ORD089180,89180,10820,2,4,3,At Risk
CUST3083,16,8653,ORD067739,67739,32261,1,5,5,At Risk
CUST3084,10,6472,ORD093903,93903,6097,3,2,3,Potential Loyalists
CUST3085,8,4856,ORD085887,85887,14113,2,1,2,Promising
CUST3086,8,5703,ORD093043,93043,6957,3,1,2,Promising
CUST3087,15,10185,ORD092204,92204,7796,3,5,5,Loyal
CUST3088,16,8899,ORD099090,99090,910,5,5,5,Champions
CUST3089,14,9678,ORD097566,97566,2434,4,4,5,Champions
CUST3090,13,5274,ORD097806,97806,2194,4,4,2,Loyal
CUST3091,9,6420,ORD095673,95673,4327,4,2,3,New Customers
CUST3092,9,4683,ORD086207,86207,13793,2,2,2,Promising
CUST3093,13,9210,ORD099483,99483,517,5,4,5,Champions
CUST3094,13,7134,ORD094082,94082,5918,3,4,4,Loyal
CUST3095,13,7482,ORD084524,84524,15476,1,4,4,At Risk
CUST3096,8,3804,ORD066200,66200,33800,1,1,1,Lost
CUST3097,10,4176,ORD095287,95287,4713,3,2,1,Promising
CUST3098,9,5656,ORD098122,98122,1878,5,2,2,New Customers
CUST3099,11,5226,ORD099149,99149,851,5,3,2,Loyal
CUST3100,15,9405,ORD095156,95156,4844,3,5,5,Loyal
CUST3101,10,5043,ORD089066,89066,10934,2,2,2,Promising
CUST3102,7,4500,ORD092543,92543,7457,3,1,2,Promising
CUST3103,15,11347,ORD095274,95274,4726,3,5,5,Loyal
CUST3104,9,6617,ORD099348,99348,652,5,2,3,New Customers
CUST3105,13,8599,ORD086850,86850,13150,2,4,5,At Risk
CUST3106,12,5944,ORD099611,99611,389,5,3,3,Loyal
CUST3107,6,2139,ORD080388,80388,19612,1,1,1,Lost
CUST3108,14,9158,ORD098252,98252,1748,5,4,5,Champions
CUST3109,14,7634,ORD096043,96043,3957,4,4,4,Champions
CUST3110,12,8004,ORD095868,95868,4132,4,3,4,Loyal
CUST3111,15,6458,ORD096816,96816,3184,4,5,3,Loyal
CUST3112,9,6759,ORD095724,95724,4276,4,2,3,New Customers
CUST3113,6,4672,ORD088600,88600,11400,2,1,2,Promising
CUST3114,10,7330,ORD089916,89916,10084,2,2,4,Hibernating
CUST3115,12,6531,ORD098770,98770,1230,5,3,3,Loyal
CUST3116,7,5486,ORD088064,88064,11936,2,1,2,Promising
CUST3117,7,4158,ORD081943,81943,18057,1,1,1,Lost
CUST3118,13,8337,ORD097660,97660,2340,4,4,4,Champions
CUST3119,12,8404,ORD096035,96035,3965,4,3,4,Loyal
CUST3120,14,6745,ORD080035,80035,19965,1,4,3,At Risk
CUST3121,11,6426,ORD092951,92951,7049,3,3,3,Loyal
CUST3122,9,4966,ORD089160,89160,10840,2,2,2,Promising
CUST3123,9,5050,ORD099796,99796,204,5,2,2,New Customers
CUST3124,6,3660,ORD075214,75214,24786,1,1,1,Lost
CUST3125,16,8118,ORD092101,92101,7899,3,5,4,Loyal
CUST3126,14,10475,ORD099031,99031,969,5,4,5,Champions
CUST3127,14,9325,ORD094877,94877,5123,3,4,5,Loyal
CUST3128,13,8745,ORD091505,91505,8495,2,4,5,At Risk
CUST3129,11,6676,ORD084584,84584,15416,1,3,3,At Risk
CUST3130,16,7528,ORD098809,98809,1191,5,5,4,Champions
CUST3131,13,6207,ORD085908,85908,14092,2,4,3,At Risk
CUST3132,12,6634,ORD096808,96808,3192,4,3,3,Loyal
CUST3133,11,8382,ORD098304,98304,1696,5,3,4,Loyal
CUST3134,12,7467,ORD098275,98275,1725,5,3,4,Loyal
CUST3135,6,3270,ORD099628,99628,372,5,1,1,New Customers
CUST3136,6,4621,ORD069107,69107,30893,1,1,2,Lost
CUST3137,17,8908,ORD096276,96276,3724,4,5,5,Champions
CUST3138,13,6589,ORD082813,82813,17187,1,4,3,At Risk
CUST3139,12,9187,ORD079913,79913,20087,1,3,5,At Risk
CUST3140,12,7956,ORD091665,91665,8335,2,3,4,At Risk
CUST3141,12,4674,ORD098066,98066,1934,5,3,2,Loyal
CUST3142,14,6574,ORD086545,86545,13455,2,4,3,At Risk
CUST3143,9,5407,ORD065524,65524,34476,1,2,2,Promising
CUST3144,6,3587,ORD098007,98007,1993,5,1,1,New Customers
CUST3145,6,4447,ORD091555,91555,8445,2,1,1,Promising
CUST3146,14,9547,ORD093854,93854,6146,3,4,5,Loyal
CUST3147,10,4658,ORD099218,99218,782,5,2,2,New Customers
CUST3148,19,9398,ORD084909,84909,15091,1,5,5,At Risk
CUST3149,10,6808,ORD095098,95098,4902,3,2,3,Potential Loyalists
CUST3150,13,8240,ORD095708,95708,4292,4,4,4,Champions
CUST3151,7,3526,ORD084993,84993,15007,1,1,1,Lost
CUST3152,12,6375,ORD090587,90587,9413,2,3,3,At Risk
CUST3153,9,6899,ORD070541,70541,29459,1,2,3,Hibernating
CUST3154,9,3124,ORD060821,60821,39179,1,2,1,Promising
CUST3155,9,7360,ORD099082,99082,918,5,2,4,New Customers
CUST3156,12,7721,ORD085808,85808,14192,2,3,4,At Risk
CUST3157,10,6267,ORD087921,87921,12079,2,2,3,Hibernating
CUST3158,9,3483,ORD079184,79184,20816,1,2,1,Promising
CUST3159,13,8308,ORD096112,96112,3888,4,4,4,Champions
CUST3160,14,8764,ORD099605,99605,395,5,4,5,Champions
CUST3161,7,3035,ORD045637,45637,54363,1,1,1,Lost
CUST3162,4,2280,ORD084055,84055,15945,1,1,1,Lost
CUST3163,12,7230,ORD093031,93031,6969,3,3,4,Loyal
CUST3164,8,5470,ORD097051,97051,2949,4,1,2,New Customers
CUST3165,16,12071,ORD099600,99600,400,5,5,5,Champions
CUST3166,14,8688,ORD098399,98399,1601,5,4,5,Champions
CUST3167,18,10670,ORD095732,95732,4268,4,5,5,Champions
CUST3168,10,5495,ORD096521,96521,3479,4,2,2,New Customers
CUST3169,10,4658,ORD090201,90201,9799,2,2,2,Promising
CUST3170,7,4769,ORD059491,59491,40509,1,1,2,Lost
CUST3171,14,7906,ORD097320,97320,2680,4,4,4,Champions
CUST3172,14,9539,ORD083536,83536,16464,1,4,5,At Risk
CUST3173,10,3668,ORD091264,91264,8736,2,2,1,Promising
CUST3174,16,9315,ORD097768,97768,2232,4,5,5,Champions
CUST3175,12,7463,ORD099064,99064,936,5,3,4,Loyal
CUST3176,9,6563,ORD096067,96067,3933,4,2,3,New Customers
CUST3177,6,4535,ORD073347,73347,26653,1,1,2,Lost
CUST3178,12,7803,ORD076754,76754,23246,1,3,4,At Risk
CUST3179,3,1482,ORD045676,45676,54324,1,1,1,Lost
CUST3180,18,11955,ORD094222,94222,5778,3,5,5,Loyal
CUST3181,9,4753,ORD094181,94181,5819,3,2,2,Promising
CUST3182,13,10148,ORD095769,95769,4231,4,4,5,Champions
CUST3183,12,8524,ORD098851,98851,1149,5,3,4,Loyal
CUST3184,9,5545,ORD093518,93518,6482,3,2,2,Promising
CUST3185,17,9960,ORD094006,94006,5994,3,5,5,Loyal
CUST3186,9,3937,ORD089325,89325,10675,2,2,1,Promising
CUST3187,19,11551,ORD098798,98798,1202,5,5,5,Champions
CUST3188,13,8287,ORD093652,93652,6348,3,4,4,Loyal
CUST3189,12,4922,ORD094220,94220,5780,3,3,2,Loyal
CUST3190,11,6349,ORD094756,94756,5244,3,3,3,Loyal
CUST3191,9,5558,ORD095283,95283,4717,3,2,2,Promising
CUST3192,13,6629,ORD089711,89711,10289,2,4,3,At Risk
CUST3193,10,7017,ORD097031,97031,2969,4,2,4,New Customers
CUST3194,11,7261,ORD068756,68756,31244,1,3,4,At Risk
CUST3195,13,4074,ORD099144,99144,856,5,4,1,Loyal
CUST3196,14,10765,ORD096051,96051,3949,4,4,5,Champions
CUST3197,9,2974,ORD080198,80198,19802,1,2,1,Promising
CUST3198,10,4507,ORD094187,94187,5813,3,2,2,Promising
CUST3199,7,4782,ORD099351,99351,649,5,1,2,New Customers
CUST3200,14,9131,ORD094278,94278,5722,3,4,5,Loyal
CUST3201,14,9800,ORD090836,90836,9164,2,4,5,At Risk
CUST3202,11,6754,ORD083891,83891,16109,1,3,3,At Risk
CUST3203,13,7807,ORD094528,94528,5472,3,4,4,Loyal
CUST3204,8,3406,ORD093034,93034,6966,3,1,1,Promising
CUST3205,15,5211,ORD085487,85487,14513,2,5,2,At Risk
CUST3206,10,8276,ORD094733,94733,5267,3,2,4,Potential Loyalists
CUST3207,14,6162,ORD091646,91646,8354,2,4,3,At Risk
CUST3208,7,4108,ORD072330,72330,27670,1,1,1,Lost
CUST3209,9,7750,ORD093930,93930,6070,3,2,4,Potential Loyalists
CUST3210,7,2737,ORD098708,98708,1292,5,1,1,New Customers
CUST3211,8,5076,ORD084216,84216,15784,1,1,2,Lost
CUST3212,7,4286,ORD096006,96006,3994,4,1,1,New Customers
CUST3213,10,5612,ORD093028,93028,6972,3,2,2,Promising
CUST3214,9,5738,ORD083189,83189,16811,1,2,2,Promising
CUST3215,16,10691,ORD095006,95006,4994,3,5,5,Loyal
CUST3216,10,5239,ORD070272,70272,29728,1,2,2,Promising
CUST3217,11,7818,ORD098579,98579,1421,5,3,4,Loyal
CUST3218,8,5875,ORD089735,89735,10265,2,1,3,Hibernating
CUST3219,15,5699,ORD097850,97850,2150,4,5,2,Loyal
CUST3220,7,3605,ORD089880,89880,10120,2,1,1,Promising
CUST3221,9,7879,ORD090783,90783,9217,2,2,4,Hibernating
CUST3222,20,12430,ORD096459,96459,3541,4,5,5,Champions
CUST3223,14,7890,ORD098278,98278,1722,5,4,4,Champions
CUST3224,17,6890,ORD099171,99171,829,5,5,3,Loyal
CUST3225,8,5487,ORD097276,97276,2724,4,1,2,New Customers
CUST3226,12,4899,ORD099156,99156,844,5,3,2,Loyal
CUST3227,15,8431,ORD096335,96335,3665,4,5,4,Champions
CUST3228,8,7045,ORD086434,86434,13566,2,1,4,Hibernating
CUST3229,13,7154,ORD094555,94555,5445,3,4,4,Loyal
CUST3230,7,5264,ORD083484,83484,16516,1,1,2,Lost
CUST3231,13,7925,ORD075240,75240,24760,1,4,4,At Risk
CUST3232,12,8655,ORD096644,96644,3356,4,3,5,Loyal
CUST3233,11,5740,ORD098145,98145,1855,5,3,2,Loyal
CUST3234,17,9032,ORD081919,81919,18081,1,5,5,At Risk
CUST3235,10,7038,ORD094637,94637,5363,3,2,4,Potential Loyalists
CUST3236,10,5824,ORD091221,91221,8779,2,2,3,Hibernating
CUST3237,6,4427,ORD080361,80361,19639,1,1,1,Lost
CUST3238,13,8906,ORD091746,91746,8254,2,4,5,At Risk
CUST3239,11,4929,ORD094202,94202,5798,3,3,2,Loyal
CUST3240,10,3822,ORD090985,90985,9015,2,2,1,Promising
CUST3241,12,6403,ORD096972,96972,3028,4,3,3,Loyal
CUST3242,9,7374,ORD086113,86113,13887,2,2,4,Hibernating
CUST3243,15,11068,ORD086623,86623,13377,2,5,5,At Risk
CUST3244,6,3294,ORD090675,90675,9325,2,1,1,Promising
CUST3245,7,2892,ORD084776,84776,15224,1,1,1,Lost
CUST3246,16,6458,ORD096942,96942,3058,4,5,3,Loyal
CUST3247,7,4320,ORD075485,75485,24515,1,1,1,Lost
CUST3248,12,9735,ORD098568,98568,1432,5,3,5,Loyal
CUST3249,11,7548,ORD083790,83790,16210,1,3,4,At Risk
CUST3250,11,4887,ORD086770,86770,13230,2,3,2,At Risk
CUST3251,11,5021,ORD086084,86084,13916,2,3,2,At Risk
CUST3252,14,8608,ORD087482,87482,12518,2,4,5,At Risk
CUST3253,18,9283,ORD099775,99775,225,5,5,5,Champions
CUST3254,10,5613,ORD099321,99321,679,5,2,2,New Customers
CUST3255,14,6178,ORD083349,83349,16651,1,4,3,At Risk
CUST3256,7,5345,ORD095009,95009,4991,3,1,2,Promising
CUST3257,11,5821,ORD099021,99021,979,5,3,3,Loyal
CUST3258,12,10842,ORD096599,96599,3401,4,3,5,Loyal
CUST3259,7,2491,ORD098804,98804,1196,5,1,1,New Customers
CUST3260,13,5338,ORD087553,87553,12447,2,4,2,At Risk
CUST3261,6,3168,ORD071983,71983,28017,1,1,1,Lost
CUST3262,15,8729,ORD085467,85467,14533,1,5,5,At Risk
CUST3263,10,7220,ORD093510,93510,6490,3,2,4,Potential Loyalists
CUST3264,16,11880,ORD098881,98881,1119,5,5,5,Champions
CUST3265,13,5521,ORD099929,99929,71,5,4,2,Loyal
CUST3266,13,6097,ORD098575,98575,1425,5,4,3,Loyal
CUST3267,16,10585,ORD096201,96201,3799,4,5,5,Champions
CUST3268,9,5775,ORD098556,98556,1444,5,2,3,New Customers
CUST3269,10,4150,ORD061330,61330,38670,1,2,1,Promising
CUST3270,14,10480,ORD087756,87756,12244,2,4,5,At Risk
CUST3271,9,5647,ORD097211,97211,2789,4,2,2,New Customers
CUST3272,12,7204,ORD099474,99474,526,5,3,4,Loyal
CUST3273,15,8574,ORD093161,93161,6839,3,5,5,Loyal
CUST3274,13,6797,ORD098289,98289,1711,5,4,3,Loyal
CUST3275,12,7395,ORD088861,88861,11139,2,3,4,At Risk
CUST3276,10,6141,ORD089087,89087,10913,2,2,3,Hibernating
CUST3277,10,4849,ORD091479,91479,8521,2,2,2,Promising
CUST3278,9,4308,ORD097587,97587,2413,4,2,1,New Customers
CUST3279,7,3062,ORD085492,85492,14508,2,1,1,Promising
CUST3280,8,2906,ORD096263,96263,3737,4,1,1,New Customers
CUST3281,13,7702,ORD081801,81801,18199,1,4,4,At Risk
CUST3282,12,5039,ORD091205,91205,8795,2,3,2,At Risk
CUST3283,12,8436,ORD094954,94954,5046,3,3,4,Loyal
CUST3284,10,4855,ORD091984,91984,8016,3,2,2,Promising
CUST3285,17,11111,ORD091158,91158,8842,2,5,5,At Risk
CUST3286,16,9853,ORD098883,98883,1117,5,5,5,Champions
CUST3287,8,5485,ORD088757,88757,11243,2,1,2,Promising
CUST3288,18,10158,ORD096298,96298,3702,4,5,5,Champions
CUST3289,10,6106,ORD098073,98073,1927,5,2,3,New Customers
CUST3290,12,5434,ORD087708,87708,12292,2,3,2,At Risk
CUST3291,12,6144,ORD086607,86607,13393,2,3,3,At Risk
CUST3292,20,12509,ORD095032,95032,4968,3,5,5,Loyal
CUST3293,13,6712,ORD097310,97310,2690,4,4,3,Loyal
CUST3294,11,3991,ORD095139,95139,4861,3,3,1,Loyal
CUST3295,10,4254,ORD092722,92722,7278,3,2,1,Promising
CUST3296,8,3566,ORD098460,98460,1540,5,1,1,New Customers
CUST3297,9,4412,ORD088285,88285,11715,2,2,1,Promising
CUST3298,16,10203,ORD093213,93213,6787,3,5,5,Loyal
CUST3299,12,5067,ORD099401,99401,599,5,3,2,Loyal
CUST3300,9,5538,ORD074624,74624,25376,1,2,2,Promising
CUST3301,14,11705,ORD097956,97956,2044,4,4,5,Champions
CUST3302,15,8303,ORD083360,83360,16640,1,5,4,At Risk
CUST3303,14,6857,ORD098074,98074,1926,5,4,3,Loyal
CUST3304,10,3559,ORD081725,81725,18275,1,2,1,Promising
CUST3305,20,9805,ORD098479,98479,1521,5,5,5,Champions
CUST3306,15,8055,ORD094071,94071,5929,3,5,4,Loyal
CUST3307,16,9986,ORD089336,89336,10664,2,5,5,At Risk
CUST3308,9,5520,ORD080910,80910,19090,1,2,2,Promising
CUST3309,8,5114,ORD094754,94754,5246,3,1,2,Promising
CUST3310,8,4535,ORD089864,89864,10136,2,1,2,Promising
CUST3311,6,3030,ORD095142,95142,4858,3,1,1,Promising
CUST3312,11,6982,ORD089936,89936,10064,2,3,3,At Risk
CUST3313,10,7326,ORD084832,84832,15168,1,2,4,Hibernating
CUST3314,12,7817,ORD097169,97169,2831,4,3,4,Loyal
CUST3315,11,4836,ORD080250,80250,19750,1,3,2,At Risk
CUST3316,17,9803,ORD098512,98512,1488,5,5,5,Champions
CUST3317,12,8590,ORD094299,94299,5701,3,3,5,Loyal
CUST3318,13,10844,ORD085202,85202,14798,1,4,5,At Risk
CUST3319,10,4926,ORD081682,81682,18318,1,2,2,Promising
CUST3320,15,11218,ORD099009,99009,991,5,5,5,Champions
CUST3321,19,9820,ORD088257,88257,11743,2,5,5,At Risk
CUST3322,17,8946,ORD094197,94197,5803,3,5,5,Loyal
CUST3323,13,8589,ORD098557,98557,1443,5,4,5,Champions
CUST3324,10,5504,ORD099449,99449,551,5,2,2,New Customers
CUST3325,13,6825,ORD094322,94322,5678,3,4,3,Loyal
CUST3326,11,7696,ORD094497,94497,5503,3,3,4,Loyal
CUST3327,13,6654,ORD094639,94639,5361,3,4,3,Loyal
CUST3328,13,6866,ORD087818,87818,12182,2,4,3,At Risk
CUST3329,12,5507,ORD097468,97468,2532,4,3,2,Loyal
CUST3330,9,5797,ORD087547,87547,12453,2,2,3,Hibernating
CUST3331,11,7765,ORD085910,85910,14090,2,3,4,At Risk
CUST3332,12,7062,ORD091718,91718,8282,2,3,4,At Risk
CUST3333,12,7876,ORD098574,98574,1426,5,3,4,Loyal
CUST3334,10,5124,ORD083907,83907,16093,1,2,2,Promising
CUST3335,10,7405,ORD098694,98694,1306,5,2,4,New Customers
CUST3336,11,6820,ORD079331,79331,20669,1,3,3,At Risk
CUST3337,16,12098,ORD098687,98687,1313,5,5,5,Champions
CUST3338,9,5909,ORD036818,36818,63182,1,2,3,Hibernating
CUST3339,12,7296,ORD099135,99135,865,5,3,4,Loyal
CUST3340,12,6170,ORD086407,86407,13593,2,3,3,At Risk
CUST3341,8,6885,ORD097580,97580,2420,4,1,3,New Customers
CUST3342,10,5394,ORD098208,98208,1792,5,2,2,New Customers
CUST3343,8,4491,ORD097345,97345,2655,4,1,1,New Customers
CUST3344,14,5750,ORD076353,76353,23647,1,4,2,At Risk
CUST3345,7,3135,ORD087517,87517,12483,2,1,1,Promising
CUST3346,15,10316,ORD099969,99969,31,5,5,5,Champions
CUST3347,13,8826,ORD095819,95819,4181,4,4,5,Champions
CUST3348,12,8269,ORD099304,99304,696,5,3,4,Loyal
CUST3349,8,3061,ORD095568,95568,4432,4,1,1,New Customers
CUST3350,10,6874,ORD090995,90995,9005,2,2,3,Hibernating
CUST3351,11,6746,ORD099165,99165,835,5,3,3,Loyal
CUST3352,14,6843,ORD097776,97776,2224,4,4,3,Loyal
CUST3353,12,6387,ORD076204,76204,23796,1,3,3,At Risk
CUST3354,9,5257,ORD091631,91631,8369,2,2,2,Promising
CUST3355,12,7324,ORD097344,97344,2656,4,3,4,Loyal
CUST3356,7,3487,ORD095919,95919,4081,4,1,1,New Customers
CUST3357,11,9247,ORD089748,89748,10252,2,3,5,At Risk
CUST3358,12,6795,ORD090778,90778,9222,2,3,3,At Risk
CUST3359,10,5545,ORD098237,98237,1763,5,2,2,New Customers
CUST3360,11,5918,ORD096557,96557,3443,4,3,3,Loyal
CUST3361,9,8156,ORD092155,92155,7845,3,2,4,Potential Loyalists
CUST3362,12,5064,ORD091741,91741,8259,2,3,2,At Risk
CUST3363,12,6747,ORD088518,88518,11482,2,3,3,At Risk
CUST3364,9,5074,ORD085260,85260,14740,1,2,2,Promising
CUST3365,14,9468,ORD096045,96045,3955,4,4,5,Champions
CUST3366,12,7125,ORD088378,88378,11622,2,3,4,At Risk
CUST3367,11,7006,ORD097761,97761,2239,4,3,4,Loyal
CUST3368,10,6054,ORD097352,97352,2648,4,2,3,New Customers
CUST3369,12,7789,ORD074203,74203,25797,1,3,4,At Risk
CUST3370,9,6754,ORD099569,99569,431,5,2,3,New Customers
CUST3371,10,3211,ORD097246,97246,2754,4,2,1,New Customers
CUST3372,15,10815,ORD095018,95018,4982,3,5,5,Loyal
CUST3373,4,2738,ORD086070,86070,13930,2,1,1,Promising
CUST3374,12,7578,ORD095582,95582,4418,4,3,4,Loyal
CUST3375,10,6136,ORD092370,92370,7630,3,2,3,Potential Loyalists
CUST3376,17,10100,ORD090643,90643,9357,2,5,5,At Risk
CUST3377,7,3510,ORD086737,86737,13263,2,1,1,Promising
CUST3378,16,10204,ORD097538,97538,2462,4,5,5,Champions
CUST3379,7,4511,ORD090014,90014,9986,2,1,2,Promising
CUST3380,14,8541,ORD098126,98126,1874,5,4,4,Champions
CUST3381,14,10292,ORD097875,97875,2125,4,4,5,Champions
CUST3382,8,6947,ORD088515,88515,11485,2,1,3,Hibernating
CUST3383,11,7105,ORD083210,83210,16790,1,3,4,At Risk
CUST3384,14,6513,ORD080346,80346,19654,1,4,3,At Risk
CUST3385,15,9074,ORD095301,95301,4699,3,5,5,Loyal
CUST3386,9,4681,ORD070332,70332,29668,1,2,2,Promising
CUST3387,10,5346,ORD094660,94660,5340,3,2,2,Promising
CUST3388,11,5522,ORD097925,97925,2075,4,3,2,Loyal
CUST3389,12,5954,ORD097744,97744,2256,4,3,3,Loyal
CUST3390,9,5698,ORD087334,87334,12666,2,2,2,Promising
CUST3391,9,4843,ORD083421,83421,16579,1,2,2,Promising
CUST3392,10,6952,ORD091273,91273,8727,2,2,3,Hibernating
CUST3393,8,6189,ORD091995,91995,8005,3,1,3,Promising
CUST3394,8,4598,ORD093620,93620,6380,3,1,2,Promising
CUST3395,10,6505,ORD094758,94758,5242,3,2,3,Potential Loyalists
CUST3396,9,5013,ORD099559,99559,441,5,2,2,New Customers
CUST3397,9,5778,ORD093326,93326,6674,3,2,3,Potential Loyalists
CUST3398,8,3860,ORD094276,94276,5724,3,1,1,Promising
CUST3399,11,4801,ORD096776,96776,3224,4,3,2,Loyal
CUST3400,9,4354,ORD083358,83358,16642,1,2,1,Promising
CUST3401,15,9559,ORD090919,90919,9081,2,5,5,At Risk
CUST3402,13,9549,ORD099049,99049,951,5,4,5,Champions
CUST3403,10,7103,ORD076147,76147,23853,1,2,4,Hibernating
CUST3404,11,5503,ORD096721,96721,3279,4,3,2,Loyal
CUST3405,9,6206,ORD081658,81658,18342,1,2,3,Hibernating
CUST3406,16,8268,ORD098276,98276,1724,5,5,4,Champions
CUST3407,2,1339,ORD079998,79998,20002,1,1,1,Lost
CUST3408,8,4728,ORD084172,84172,15828,1,1,2,Lost
CUST3409,9,6437,ORD097809,97809,2191,4,2,3,New Customers
CUST3410,15,9670,ORD097828,97828,2172,4,5,5,Champions
CUST3411,8,4507,ORD079943,79943,20057,1,1,2,Lost
CUST3412,16,8973,ORD099989,99989,11,5,5,5,Champions
CUST3413,12,7761,ORD099062,99062,938,5,3,4,Loyal
CUST3414,15,10884,ORD089208,89208,10792,2,5,5,At Risk
CUST3415,13,9602,ORD094478,94478,5522,3,4,5,Loyal
CUST3416,14,7650,ORD094067,94067,5933,3,4,4,Loyal
CUST3417,10,4803,ORD091478,91478,8522,2,2,2,Promising
CUST3418,7,5051,ORD074280,74280,25720,1,1,2,Lost
CUST3419,14,8032,ORD093844,93844,6156,3,4,4,Loyal
CUST3420,11,8300,ORD087512,87512,12488,2,3,4,At Risk
CUST3421,19,9924,ORD096551,96551,3449,4,5,5,Champions
CUST3422,7,3933,ORD091916,91916,8084,3,1,1,Promising
CUST3423,14,7021,ORD098558,98558,1442,5,4,4,Champions
CUST3424,13,8413,ORD097456,97456,2544,4,4,4,Champions
CUST3425,12,8732,ORD095764,95764,4236,4,3,5,Loyal
CUST3426,5,1517,ORD072192,72192,27808,1,1,1,Lost
CUST3427,10,6222,ORD097652,97652,2348,4,2,3,New Customers
CUST3428,5,2569,ORD085886,85886,14114,2,1,1,Promising
CUST3429,8,5564,ORD099155,99155,845,5,1,2,New Customers
CUST3430,11,5869,ORD069768,69768,30232,1,3,3,At Risk
CUST3431,15,9725,ORD094338,94338,5662,3,5,5,Loyal
CUST3432,5,4158,ORD083151,83151,16849,1,1,1,Lost
CUST3433,16,10372,ORD085893,85893,14107,2,5,5,At Risk
CUST3434,15,9614,ORD091926,91926,8074,3,5,5,Loyal
CUST3435,16,8721,ORD076517,76517,23483,1,5,5,At Risk
CUST3436,10,9074,ORD096571,96571,3429,4,2,5,New Customers
CUST3437,12,8150,ORD096921,96921,3079,4,3,4,Loyal
CUST3438,8,4955,ORD077559,77559,22441,1,1,2,Lost
CUST3439,7,4483,ORD081326,81326,18674,1,1,1,Lost
CUST3440,20,12138,ORD099402,99402,598,5,5,5,Champions
CUST3441,13,7142,ORD090518,90518,9482,2,4,4,At Risk
CUST3442,11,4555,ORD099650,99650,350,5,3,2,Loyal
CUST3443,6,4604,ORD072402,72402,27598,1,1,2,Lost
CUST3444,14,9641,ORD099044,99044,956,5,4,5,Champions
CUST3445,16,5662,ORD088414,88414,11586,2,5,2,At Risk
CUST3446,11,6373,ORD077259,77259,22741,1,3,3,At Risk
CUST3447,7,3851,ORD047429,47429,52571,1,1,1,Lost
CUST3448,13,6161,ORD095829,95829,4171,4,4,3,Loyal
CUST3449,12,7828,ORD092544,92544,7456,3,3,4,Loyal
CUST3450,12,6135,ORD099560,99560,440,5,3,3,Loyal
CUST3451,13,8794,ORD098824,98824,1176,5,4,5,Champions
CUST3452,16,10376,ORD088183,88183,11817,2,5,5,At Risk
CUST3453,11,4838,ORD098471,98471,1529,5,3,2,Loyal
CUST3454,11,6870,ORD095388,95388,4612,4,3,3,Loyal
CUST3455,12,7578,ORD099594,99594,406,5,3,4,Loyal
CUST3456,13,8511,ORD098693,98693,1307,5,4,4,Champions
CUST3457,6,2085,ORD086777,86777,13223,2,1,1,Promising
CUST3458,16,9040,ORD092255,92255,7745,3,5,5,Loyal
CUST3459,12,8308,ORD098242,98242,1758,5,3,4,Loyal
CUST3460,8,4578,ORD090046,90046,9954,2,1,2,Promising
CUST3461,8,6580,ORD054068,54068,45932,1,1,3,Hibernating
CUST3462,9,4057,ORD093708,93708,6292,3,2,1,Promising
CUST3463,14,6203,ORD086851,86851,13149,2,4,3,At Risk
CUST3464,10,8549,ORD098791,98791,1209,5,2,4,New Customers
CUST3465,10,5311,ORD096363,96363,3637,4,2,2,New Customers
CUST3466,11,5983,ORD099372,99372,628,5,3,3,Loyal
CUST3467,10,6636,ORD093330,93330,6670,3,2,3,Potential Loyalists
CUST3468,12,6110,ORD097990,97990,2010,5,3,3,Loyal
CUST3469,12,7983,ORD096883,96883,3117,4,3,4,Loyal
CUST3470,5,2011,ORD084120,84120,15880,1,1,1,Lost
CUST3471,10,5228,ORD095050,95050,4950,3,2,2,Promising
CUST3472,11,5795,ORD088966,88966,11034,2,3,3,At Risk
CUST3473,9,4245,ORD098926,98926,1074,5,2,1,New Customers
CUST3474,16,13506,ORD097676,97676,2324,4,5,5,Champions
CUST3475,8,2920,ORD090539,90539,9461,2,1,1,Promising
CUST3476,15,7114,ORD092365,92365,7635,3,5,4,Loyal
CUST3477,5,1920,ORD084398,84398,15602,1,1,1,Lost
CUST3478,11,7619,ORD095838,95838,4162,4,3,4,Loyal
CUST3479,15,6714,ORD098270,98270,1730,5,5,3,Loyal
CUST3480,15,12327,ORD091326,91326,8674,2,5,5,At Risk
CUST3481,11,8284,ORD097173,97173,2827,4,3,4,Loyal
CUST3482,10,6684,ORD084236,84236,15764,1,2,3,Hibernating
CUST3483,12,5000,ORD098282,98282,1718,5,3,2,Loyal
CUST3484,14,8418,ORD098750,98750,1250,5,4,4,Champions
CUST3485,13,8030,ORD092668,92668,7332,3,4,4,Loyal
CUST3486,13,8298,ORD099127,99127,873,5,4,4,Champions
CUST3487,11,8321,ORD085203,85203,14797,1,3,4,At Risk
CUST3488,9,3839,ORD096465,96465,3535,4,2,1,New Customers
CUST3489,12,6694,ORD094918,94918,5082,3,3,3,Loyal
CUST3490,15,7301,ORD095928,95928,4072,4,5,4,Champions
CUST3491,7,2314,ORD099225,99225,775,5,1,1,New Customers
CUST3492,12,7877,ORD098008,98008,1992,5,3,4,Loyal
CUST3493,14,7477,ORD092933,92933,7067,3,4,4,Loyal
CUST3494,17,9307,ORD094223,94223,5777,3,5,5,Loyal
CUST3495,9,4326,ORD090938,90938,9062,2,2,1,Promising
CUST3496,19,10949,ORD094044,94044,5956,3,5,5,Loyal
CUST3497,10,7263,ORD079844,79844,20156,1,2,4,Hibernating
CUST3498,7,3646,ORD086862,86862,13138,2,1,1,Promising
CUST3499,7,6486,ORD094797,94797,5203,3,1,3,Promising
CUST3500,9,6008,ORD090556,90556,9444,2,2,3,Hibernating
CUST3501,11,6898,ORD092375,92375,7625,3,3,3,Loyal
CUST3502,17,9760,ORD097644,97644,2356,4,5,5,Champions
CUST3503,10,4374,ORD098971,98971,1029,5,2,1,New Customers
CUST3504,12,4950,ORD090010,90010,9990,2,3,2,At Risk
CUST3505,9,4199,ORD097969,97969,2031,4,2,1,New Customers
CUST3506,4,2507,ORD059917,59917,40083,1,1,1,Lost
CUST3507,7,4532,ORD075161,75161,24839,1,1,2,Lost
CUST3508,8,3224,ORD095377,95377,4623,4,1,1,New Customers
CUST3509,20,12260,ORD099181,99181,819,5,5,5,Champions
CUST3510,7,4504,ORD091750,91750,8250,2,1,2,Promising
CUST3511,11,5749,ORD093840,93840,6160,3,3,2,Loyal
CUST3512,10,5090,ORD097170,97170,2830,4,2,2,New Customers
CUST3513,13,7624,ORD099552,99552,448,5,4,4,Champions
CUST3514,12,9097,ORD077260,77260,22740,1,3,5,At Risk
CUST3515,9,7950,ORD081616,81616,18384,1,2,4,Hibernating
CUST3516,6,3934,ORD066597,66597,33403,1,1,1,Lost
CUST3517,10,4367,ORD093648,93648,6352,3,2,1,Promising
CUST3518,13,7239,ORD085246,85246,14754,1,4,4,At Risk
CUST3519,9,5913,ORD092827,92827,7173,3,2,3,Potential Loyalists
CUST3520,13,8155,ORD089346,89346,10654,2,4,4,At Risk
CUST3521,12,5156,ORD096383,96383,3617,4,3,2,Loyal
CUST3522,11,5882,ORD093616,93616,6384,3,3,3,Loyal
CUST3523,15,9200,ORD090918,90918,9082,2,5,5,At Risk
CUST3524,9,5281,ORD093394,93394,6606,3,2,2,Promising
CUST3525,21,10173,ORD090922,90922,9078,2,5,5,At Risk
CUST3526,16,8666,ORD094914,94914,5086,3,5,5,Loyal
CUST3527,15,7099,ORD097637,97637,2363,4,5,4,Champions
CUST3528,8,3183,ORD072981,72981,27019,1,1,1,Lost
CUST3529,5,3275,ORD092480,92480,7520,3,1,1,Promising
CUST3530,8,5080,ORD091737,91737,8263,2,1,2,Promising
CUST3531,13,5981,ORD099495,99495,505,5,4,3,Loyal
CUST3532,23,12231,ORD099026,99026,974,5,5,5,Champions
CUST3533,9,5302,ORD085448,85448,14552,1,2,2,Promising
CUST3534,12,5047,ORD094284,94284,5716,3,3,2,Loyal
CUST3535,17,10080,ORD084306,84306,15694,1,5,5,At Risk
CUST3536,10,7678,ORD099233,99233,767,5,2,4,New Customers
CUST3537,10,6090,ORD095827,95827,4173,4,2,3,New Customers
CUST3538,7,3910,ORD084167,84167,15833,1,1,1,Lost
CUST3539,18,12710,ORD093316,93316,6684,3,5,5,Loyal
CUST3540,11,9879,ORD077006,77006,22994,1,3,5,At Risk
CUST3541,6,2890,ORD081759,81759,18241,1,1,1,Lost
CUST3542,5,1916,ORD091332,91332,8668,2,1,1,Promising
CUST3543,17,11410,ORD099992,99992,8,5,5,5,Champions
CUST3544,17,9752,ORD095374,95374,4626,4,5,5,Champions
CUST3545,7,4332,ORD094488,94488,5512,3,1,1,Promising
CUST3546,9,4563,ORD095980,95980,4020,4,2,2,New Customers
CUST3547,10,6065,ORD094443,94443,5557,3,2,3,Potential Loyalists
CUST3548,17,11043,ORD090765,90765,9235,2,5,5,At Risk
CUST3549,13,8897,ORD097677,97677,2323,4,4,5,Champions
CUST3550,11,6233,ORD099376,99376,624,5,3,3,Loyal
CUST3551,9,5257,ORD076854,76854,23146,1,2,2,Promising
CUST3552,6,2702,ORD098615,98615,1385,5,1,1,New Customers
CUST3553,16,10300,ORD093710,93710,6290,3,5,5,Loyal
CUST3554,11,6819,ORD091143,91143,8857,2,3,3,At Risk
CUST3555,8,2351,ORD087945,87945,12055,2,1,1,Promising
CUST3556,11,7482,ORD088671,88671,11329,2,3,4,At Risk
CUST3557,10,5513,ORD080059,80059,19941,1,2,2,Promising
CUST3558,10,5755,ORD088815,88815,11185,2,2,3,Hibernating
CUST3559,14,5726,ORD092829,92829,7171,3,4,2,Loyal
CUST3560,15,8202,ORD090671,90671,9329,2,5,4,At Risk
CUST3561,11,4686,ORD096130,96130,3870,4,3,2,Loyal
CUST3562,16,9554,ORD099791,99791,209,5,5,5,Champions
CUST3563,9,4671,ORD086720,86720,13280,2,2,2,Promising
CUST3564,10,8090,ORD081486,81486,18514,1,2,4,Hibernating
CUST3565,14,10574,ORD096178,96178,3822,4,4,5,Champions
CUST3566,9,5675,ORD088474,88474,11526,2,2,2,Promising
CUST3567,10,6254,ORD099250,99250,750,5,2,3,New Customers
CUST3568,16,10657,ORD099523,99523,477,5,5,5,Champions
CUST3569,16,7758,ORD098934,98934,1066,5,5,4,Champions
CUST3570,12,10961,ORD090752,90752,9248,2,3,5,At Risk
CUST3571,14,8875,ORD086154,86154,13846,2,4,5,At Risk
CUST3572,14,10218,ORD085629,85629,14371,2,4,5,At Risk
CUST3573,12,6958,ORD088726,88726,11274,2,3,3,At Risk
CUST3574,7,3578,ORD083915,83915,16085,1,1,1,Lost
CUST3575,7,3477,ORD087239,87239,12761,2,1,1,Promising
CUST3576,10,7120,ORD089436,89436,10564,2,2,4,Hibernating
CUST3577,12,11788,ORD099177,99177,823,5,3,5,Loyal
CUST3578,10,6619,ORD075115,75115,24885,1,2,3,Hibernating
CUST3579,9,5764,ORD090063,90063,9937,2,2,3,Hibernating
CUST3580,9,3420,ORD072394,72394,27606,1,2,1,Promising
CUST3581,10,6771,ORD096870,96870,3130,4,2,3,New Customers
CUST3582,10,6840,ORD084056,84056,15944,1,2,3,Hibernating
CUST3583,16,9206,ORD094462,94462,5538,3,5,5,Loyal
CUST3584,10,3887,ORD072225,72225,27775,1,2,1,Promising
CUST3585,16,8931,ORD099584,99584,416,5,5,5,Champions
CUST3586,6,5999,ORD088866,88866,11134,2,1,3,Hibernating
CUST3587,18,9026,ORD083626,83626,16374,1,5,5,At Risk
CUST3588,9,5014,ORD098972,98972,1028,5,2,2,New Customers
CUST3589,9,7072,ORD088521,88521,11479,2,2,4,Hibernating
CUST3590,8,3780,ORD094938,94938,5062,3,1,1,Promising
CUST3591,8,5095,ORD099251,99251,749,5,1,2,New Customers
CUST3592,9,5507,ORD096462,96462,3538,4,2,2,New Customers
CUST3593,14,9503,ORD098980,98980,1020,5,4,5,Champions
CUST3594,15,9397,ORD069478,69478,30522,1,5,5,At Risk
CUST3595,8,5056,ORD089876,89876,10124,2,1,2,Promising
CUST3596,7,2725,ORD088679,88679,11321,2,1,1,Promising
CUST3597,9,6749,ORD091844,91844,8156,3,2,3,Potential Loyalists
CUST3598,11,7224,ORD093306,93306,6694,3,3,4,Loyal
CUST3599,7,4982,ORD080938,80938,19062,1,1,2,Lost
CUST3600,10,4958,ORD059387,59387,40613,1,2,2,Promising
CUST3601,12,5777,ORD088028,88028,11972,2,3,3,At Risk
CUST3602,6,5266,ORD097594,97594,2406,4,1,2,New Customers
CUST3603,17,8744,ORD091119,91119,8881,2,5,5,At Risk
CUST3604,9,3730,ORD089865,89865,10135,2,2,1,Promising
CUST3605,10,6383,ORD088231,88231,11769,2,2,3,Hibernating
CUST3606,13,7951,ORD091834,91834,8166,3,4,4,Loyal
CUST3607,8,4360,ORD078792,78792,21208,1,1,1,Lost
CUST3608,18,10554,ORD077828,77828,22172,1,5,5,At Risk
CUST3609,13,8710,ORD087155,87155,12845,2,4,5,At Risk
CUST3610,13,7139,ORD098449,98449,1551,5,4,4,Champions
CUST3611,4,2945,ORD092847,92847,7153,3,1,1,Promising
CUST3612,14,8278,ORD099524,99524,476,5,4,4,Champions
CUST3613,11,5513,ORD079837,79837,20163,1,3,2,At Risk
CUST3614,10,5612,ORD092414,92414,7586,3,2,2,Promising
CUST3615,12,6796,ORD083492,83492,16508,1,3,3,At Risk
CUST3616,11,6271,ORD081505,81505,18495,1,3,3,At Risk
CUST3617,10,6236,ORD093052,93052,6948,3,2,3,Potential Loyalists
CUST3618,13,6744,ORD093781,93781,6219,3,4,3,Loyal
CUST3619,12,8917,ORD099424,99424,576,5,3,5,Loyal
CUST3620,6,2735,ORD086868,86868,13132,2,1,1,Promising
CUST3621,20,13344,ORD092140,92140,7860,3,5,5,Loyal
CUST3622,14,9847,ORD092949,92949,7051,3,4,5,Loyal
CUST3623,15,7471,ORD094656,94656,5344,3,5,4,Loyal
CUST3624,13,6679,ORD075715,75715,24285,1,4,3,At Risk
CUST3625,11,6194,ORD099484,99484,516,5,3,3,Loyal
CUST3626,13,9448,ORD090476,90476,9524,2,4,5,At Risk
CUST3627,12,7387,ORD095206,95206,4794,3,3,4,Loyal
CUST3628,10,4437,ORD099124,99124,876,5,2,1,New Customers
CUST3629,6,5354,ORD096676,96676,3324,4,1,2,New Customers
CUST3630,7,3847,ORD079526,79526,20474,1,1,1,Lost
CUST3631,6,2355,ORD094435,94435,5565,3,1,1,Promising
CUST3632,10,4380,ORD096869,96869,3131,4,2,1,New Customers
CUST3633,10,7204,ORD095681,95681,4319,4,2,4,New Customers
CUST3634,10,5852,ORD098414,98414,1586,5,2,3,New Customers
CUST3635,9,6089,ORD096567,96567,3433,4,2,3,New Customers
CUST3636,15,10663,ORD090048,90048,9952,2,5,5,At Risk
CUST3637,10,5782,ORD087462,87462,12538,2,2,3,Hibernating
CUST3638,12,7039,ORD094687,94687,5313,3,3,4,Loyal
CUST3639,9,3324,ORD084839,84839,15161,1,2,1,Promising
CUST3640,7,4570,ORD094912,94912,5088,3,1,2,Promising
CUST3641,11,6958,ORD093411,93411,6589,3,3,3,Loyal
CUST3642,7,3905,ORD094547,94547,5453,3,1,1,Promising
CUST3643,15,8400,ORD089951,89951,10049,2,5,4,At Risk
CUST3644,11,6321,ORD076977,76977,23023,1,3,3,At Risk
CUST3645,9,5127,ORD099918,99918,82,5,2,2,New Customers
CUST3646,16,9664,ORD097869,97869,2131,4,5,5,Champions
CUST3647,11,9276,ORD071051,71051,28949,1,3,5,At Risk
CUST3648,7,2312,ORD081461,81461,18539,1,1,1,Lost
CUST3649,11,5056,ORD098482,98482,1518,5,3,2,Loyal
CUST3650,13,8631,ORD087736,87736,12264,2,4,5,At Risk
CUST3651,10,7197,ORD077847,77847,22153,1,2,4,Hibernating
CUST3652,11,5529,ORD096304,96304,3696,4,3,2,Loyal
CUST3653,14,9879,ORD097874,97874,2126,4,4,5,Champions
CUST3654,11,8837,ORD099118,99118,882,5,3,5,Loyal
CUST3655,14,11402,ORD086392,86392,13608,2,4,5,At Risk
CUST3656,10,5026,ORD099693,99693,307,5,2,2,New Customers
CUST3657,9,5563,ORD092205,92205,7795,3,2,2,Promising
CUST3658,14,12705,ORD099606,99606,394,5,4,5,Champions
CUST3659,8,2810,ORD099774,99774,226,5,1,1,New Customers
CUST3660,12,5679,ORD099767,99767,233,5,3,2,Loyal
CUST3661,11,6576,ORD090459,90459,9541,2,3,3,At Risk
CUST3662,11,7865,ORD097244,97244,2756,4,3,4,Loyal
CUST3663,11,5946,ORD097000,97000,3000,4,3,3,Loyal
CUST3664,10,8009,ORD096959,96959,3041,4,2,4,New Customers
CUST3665,9,6908,ORD092536,92536,7464,3,2,3,Potential Loyalists
CUST3666,12,5992,ORD093755,93755,6245,3,3,3,Loyal
CUST3667,9,4802,ORD093818,93818,6182,3,2,2,Promising
CUST3668,13,7728,ORD098434,98434,1566,5,4,4,Champions
CUST3669,14,8270,ORD096023,96023,3977,4,4,4,Champions
CUST3670,8,4187,ORD096140,96140,3860,4,1,1,New Customers
CUST3671,14,8176,ORD097104,97104,2896,4,4,4,Champions
CUST3672,9,6927,ORD093398,93398,6602,3,2,3,Potential Loyalists
CUST3673,8,5301,ORD091547,91547,8453,2,1,2,Promising
CUST3674,12,6845,ORD098639,98639,1361,5,3,3,Loyal
CUST3675,10,3483,ORD085990,85990,14010,2,2,1,Promising
CUST3676,16,10637,ORD088613,88613,11387,2,5,5,At Risk
CUST3677,11,5613,ORD092082,92082,7918,3,3,2,Loyal
CUST3678,3,1477,ORD085669,85669,14331,2,1,1,Promising
CUST3679,14,7021,ORD092791,92791,7209,3,4,4,Loyal
CUST3680,18,12373,ORD093066,93066,6934,3,5,5,Loyal
CUST3681,9,5118,ORD093303,93303,6697,3,2,2,Promising
CUST3682,5,3086,ORD098415,98415,1585,5,1,1,New Customers
CUST3683,11,7457,ORD098828,98828,1172,5,3,4,Loyal
CUST3684,11,4525,ORD099867,99867,133,5,3,2,Loyal
CUST3685,7,6238,ORD086992,86992,13008,2,1,3,Hibernating
CUST3686,13,5751,ORD080725,80725,19275,1,4,2,At Risk
CUST3687,8,3506,ORD096765,96765,3235,4,1,1,New Customers
CUST3688,11,6179,ORD095690,95690,4310,4,3,3,Loyal
CUST3689,16,10242,ORD099540,99540,460,5,5,5,Champions
CUST3690,15,7193,ORD098423,98423,1577,5,5,4,Champions
CUST3691,12,6810,ORD091841,91841,8159,3,3,3,Loyal
CUST3692,9,4672,ORD098759,98759,1241,5,2,2,New Customers
CUST3693,12,8390,ORD094399,94399,5601,3,3,4,Loyal
CUST3694,7,6419,ORD084906,84906,15094,1,1,3,Hibernating
CUST3695,9,4346,ORD094796,94796,5204,3,2,1,Promising
CUST3696,15,9752,ORD097074,97074,2926,4,5,5,Champions
CUST3697,10,5864,ORD079179,79179,20821,1,2,3,Hibernating
CUST3698,13,8386,ORD095514,95514,4486,4,4,4,Champions
CUST3699,12,5273,ORD092457,92457,7543,3,3,2,Loyal
CUST3700,10,3746,ORD096777,96777,3223,4,2,1,New Customers
CUST3701,10,6910,ORD089201,89201,10799,2,2,3,Hibernating
CUST3702,8,6500,ORD098095,98095,1905,5,1,3,New Customers
CUST3703,14,7735,ORD095808,95808,4192,4,4,4,Champions
CUST3704,11,6532,ORD086591,86591,13409,2,3,3,At Risk
CUST3705,11,9021,ORD087358,87358,12642,2,3,5,At Risk
CUST3706,11,5166,ORD085970,85970,14030,2,3,2,At Risk
CUST3707,5,4017,ORD084790,84790,15210,1,1,1,Lost
CUST3708,12,6780,ORD093317,93317,6683,3,3,3,Loyal
CUST3709,12,6318,ORD098188,98188,1812,5,3,3,Loyal
CUST3710,12,9705,ORD099815,99815,185,5,3,5,Loyal
CUST3711,7,4083,ORD098590,98590,1410,5,1,1,New Customers
CUST3712,9,8045,ORD083143,83143,16857,1,2,4,Hibernating
CUST3713,21,10016,ORD099002,99002,998,5,5,5,Champions
CUST3714,10,5600,ORD084779,84779,15221,1,2,2,Promising
CUST3715,10,3625,ORD098981,98981,1019,5,2,1,New Customers
CUST3716,10,6133,ORD093185,93185,6815,3,2,3,Potential Loyalists
CUST3717,10,7395,ORD097892,97892,2108,4,2,4,New Customers
CUST3718,12,7655,ORD097764,97764,2236,4,3,4,Loyal
CUST3719,11,4627,ORD099134,99134,866,5,3,2,Loyal
CUST3720,9,8085,ORD098551,98551,1449,5,2,4,New Customers
CUST3721,14,10170,ORD087880,87880,12120,2,4,5,At Risk
CUST3722,12,6998,ORD084843,84843,15157,1,3,4,At Risk
CUST3723,9,5769,ORD088334,88334,11666,2,2,3,Hibernating
CUST3724,6,3579,ORD094680,94680,5320,3,1,1,Promising
CUST3725,16,11618,ORD082912,82912,17088,1,5,5,At Risk
CUST3726,14,12133,ORD088644,88644,11356,2,4,5,At Risk
CUST3727,13,8035,ORD084708,84708,15292,1,4,4,At Risk
CUST3728,8,4526,ORD095073,95073,4927,3,1,2,Promising
CUST3729,6,2449,ORD095331,95331,4669,4,1,1,New Customers
CUST3730,10,6366,ORD073615,73615,26385,1,2,3,Hibernating
CUST3731,7,6345,ORD094662,94662,5338,3,1,3,Promising
CUST3732,12,3850,ORD097735,97735,2265,4,3,1,Loyal
CUST3733,16,7902,ORD098806,98806,1194,5,5,4,Champions
CUST3734,12,8924,ORD086734,86734,13266,2,3,5,At Risk
CUST3735,7,5378,ORD080698,80698,19302,1,1,2,Lost
CUST3736,16,11671,ORD096354,96354,3646,4,5,5,Champions
CUST3737,9,4237,ORD098688,98688,1312,5,2,1,New Customers
CUST3738,8,4606,ORD094650,94650,5350,3,1,2,Promising
CUST3739,14,8416,ORD096022,96022,3978,4,4,4,Champions
CUST3740,10,4165,ORD096029,96029,3971,4,2,1,New Customers
CUST3741,9,5229,ORD090904,90904,9096,2,2,2,Promising
CUST3742,16,11877,ORD098805,98805,1195,5,5,5,Champions
CUST3743,9,5102,ORD093511,93511,6489,3,2,2,Promising
CUST3744,9,6803,ORD083963,83963,16037,1,2,3,Hibernating
CUST3745,10,5621,ORD083996,83996,16004,1,2,2,Promising
CUST3746,6,3672,ORD093703,93703,6297,3,1,1,Promising
CUST3747,12,5044,ORD097250,97250,2750,4,3,2,Loyal
CUST3748,16,9159,ORD100000,100000,0,5,5,5,Champions
CUST3749,15,12311,ORD097816,97816,2184,4,5,5,Champions
CUST3750,10,6234,ORD091890,91890,8110,3,2,3,Potential Loyalists
CUST3751,11,9482,ORD095526,95526,4474,4,3,5,Loyal
CUST3752,12,6926,ORD098343,98343,1657,5,3,3,Loyal
CUST3753,9,6125,ORD091409,91409,8591,2,2,3,Hibernating
CUST3754,9,6238,ORD067267,67267,32733,1,2,3,Hibernating
CUST3755,12,10570,ORD099129,99129,871,5,3,5,Loyal
CUST3756,12,4659,ORD092134,92134,7866,3,3,2,Loyal
CUST3757,10,4309,ORD097041,97041,2959,4,2,1,New Customers
CUST3758,15,8588,ORD095537,95537,4463,4,5,5,Champions
CUST3759,12,6631,ORD099262,99262,738,5,3,3,Loyal
CUST3760,9,5664,ORD077842,77842,22158,1,2,2,Promising
CUST3761,20,10822,ORD099940,99940,60,5,5,5,Champions
CUST3762,7,4987,ORD082327,82327,17673,1,1,2,Lost
CUST3763,10,4951,ORD099053,99053,947,5,2,2,New Customers
CUST3764,10,8408,ORD098748,98748,1252,5,2,4,New Customers
CUST3765,18,10000,ORD098314,98314,1686,5,5,5,Champions
CUST3766,12,10328,ORD099074,99074,926,5,3,5,Loyal
CUST3767,6,3214,ORD096984,96984,3016,4,1,1,New Customers
CUST3768,12,6715,ORD093746,93746,6254,3,3,3,Loyal
CUST3769,8,2187,ORD070535,70535,29465,1,1,1,Lost
CUST3770,9,5006,ORD087893,87893,12107,2,2,2,Promising
CUST3771,8,6245,ORD094940,94940,5060,3,1,3,Promising
CUST3772,12,7277,ORD090962,90962,9038,2,3,4,At Risk
CUST3773,10,7140,ORD091649,91649,8351,2,2,4,Hibernating
CUST3774,10,5134,ORD096369,96369,3631,4,2,2,New Customers
CUST3775,9,4320,ORD078151,78151,21849,1,2,1,Promising
CUST3776,6,3977,ORD058081,58081,41919,1,1,1,Lost
CUST3777,11,5227,ORD080776,80776,19224,1,3,2,At Risk
CUST3778,14,7631,ORD097372,97372,2628,4,4,4,Champions
CUST3779,7,5035,ORD099445,99445,555,5,1,2,New Customers
CUST3780,16,9570,ORD099793,99793,207,5,5,5,Champions
CUST3781,10,5257,ORD085578,85578,14422,2,2,2,Promising
CUST3782,7,4611,ORD098699,98699,1301,5,1,2,New Customers
CUST3783,13,9056,ORD096552,96552,3448,4,4,5,Champions
CUST3784,6,4196,ORD062928,62928,37072,1,1,1,Lost
CUST3785,10,5936,ORD078550,78550,21450,1,2,3,Hibernating
CUST3786,6,3061,ORD074074,74074,25926,1,1,1,Lost
CUST3787,14,9466,ORD090421,90421,9579,2,4,5,At Risk
CUST3788,13,5459,ORD098831,98831,1169,5,4,2,Loyal
CUST3789,9,7421,ORD081457,81457,18543,1,2,4,Hibernating
CUST3790,9,8069,ORD078217,78217,21783,1,2,4,Hibernating
CUST3791,15,12351,ORD099120,99120,880,5,5,5,Champions
CUST3792,17,9052,ORD095280,95280,4720,3,5,5,Loyal
CUST3793,12,6821,ORD079789,79789,20211,1,3,3,At Risk
CUST3794,12,8438,ORD089868,89868,10132,2,3,4,At Risk
CUST3795,22,13160,ORD095169,95169,4831,3,5,5,Loyal
CUST3796,15,10369,ORD098424,98424,1576,5,5,5,Champions
CUST3797,12,5547,ORD094809,94809,5191,3,3,2,Loyal
CUST3798,13,6784,ORD080616,80616,19384,1,4,3,At Risk
CUST3799,5,3041,ORD097987,97987,2013,5,1,1,New Customers
CUST3800,10,4665,ORD092562,92562,7438,3,2,2,Promising
CUST3801,8,4430,ORD086196,86196,13804,2,1,1,Promising
CUST3802,11,5771,ORD090879,90879,9121,2,3,3,At Risk
CUST3803,17,12765,ORD096217,96217,3783,4,5,5,Champions
CUST3804,5,2294,ORD089519,89519,10481,2,1,1,Promising
CUST3805,7,3807,ORD097405,97405,2595,4,1,1,New Customers
CUST3806,10,7003,ORD096330,96330,3670,4,2,4,New Customers
CUST3807,16,10350,ORD094520,94520,5480,3,5,5,Loyal
CUST3808,10,5833,ORD095033,95033,4967,3,2,3,Potential Loyalists
CUST3809,7,4497,ORD096570,96570,3430,4,1,2,New Customers
CUST3810,7,3761,ORD086167,86167,13833,2,1,1,Promising
CUST3811,6,2324,ORD090121,90121,9879,2,1,1,Promising
CUST3812,7,5464,ORD087488,87488,12512,2,1,2,Promising
CUST3813,13,5549,ORD098919,98919,1081,5,4,2,Loyal
CUST3814,12,6280,ORD070477,70477,29523,1,3,3,At Risk
CUST3815,12,5464,ORD086807,86807,13193,2,3,2,At Risk
CUST3816,9,6903,ORD088237,88237,11763,2,2,3,Hibernating
CUST3817,10,4345,ORD089693,89693,10307,2,2,1,Promising
CUST3818,6,4345,ORD098622,98622,1378,5,1,1,New Customers
CUST3819,11,6470,ORD094930,94930,5070,3,3,3,Loyal
CUST3820,13,5794,ORD081408,81408,18592,1,4,3,At Risk
CUST3821,12,7242,ORD097496,97496,2504,4,3,4,Loyal
CUST3822,10,7489,ORD099254,99254,746,5,2,4,New Customers
CUST3823,8,3893,ORD096836,96836,3164,4,1,1,New Customers
CUST3824,13,7776,ORD098354,98354,1646,5,4,4,Champions
CUST3825,9,4372,ORD080585,80585,19415,1,2,1,Promising
CUST3826,15,8073,ORD091963,91963,8037,3,5,4,Loyal
CUST3827,10,5948,ORD080777,80777,19223,1,2,3,Hibernating
CUST3828,12,8853,ORD084315,84315,15685,1,3,5,At Risk
CUST3829,8,4089,ORD093846,93846,6154,3,1,1,Promising
CUST3830,9,5047,ORD084547,84547,15453,1,2,2,Promising
CUST3831,11,4854,ORD094155,94155,5845,3,3,2,Loyal
CUST3832,20,12236,ORD090321,90321,9679,2,5,5,At Risk
CUST3833,10,7220,ORD086983,86983,13017,2,2,4,Hibernating
CUST3834,14,10054,ORD097614,97614,2386,4,4,5,Champions
CUST3835,16,9452,ORD099949,99949,51,5,5,5,Champions
CUST3836,9,7409,ORD094461,94461,5539,3,2,4,Potential Loyalists
CUST3837,12,5346,ORD091355,91355,8645,2,3,2,At Risk
CUST3838,10,5061,ORD098080,98080,1920,5,2,2,New Customers
CUST3839,19,10543,ORD098013,98013,1987,5,5,5,Champions
CUST3840,10,4452,ORD098962,98962,1038,5,2,1,New Customers
CUST3841,10,6028,ORD083751,83751,16249,1,2,3,Hibernating
CUST3842,11,6940,ORD095357,95357,4643,4,3,3,Loyal
CUST3843,10,7095,ORD076540,76540,23460,1,2,4,Hibernating
CUST3844,11,5651,ORD084833,84833,15167,1,3,2,At Risk
CUST3845,10,4674,ORD094803,94803,5197,3,2,2,Promising
CUST3846,14,7870,ORD091976,91976,8024,3,4,4,Loyal
CUST3847,11,6553,ORD092843,92843,7157,3,3,3,Loyal
CUST3848,12,5329,ORD099558,99558,442,5,3,2,Loyal
CUST3849,8,5596,ORD099412,99412,588,5,1,2,New Customers
CUST3850,6,2732,ORD088544,88544,11456,2,1,1,Promising
CUST3851,13,7970,ORD098986,98986,1014,5,4,4,Champions
CUST3852,16,9268,ORD093261,93261,6739,3,5,5,Loyal
CUST3853,10,8223,ORD097641,97641,2359,4,2,4,New Customers
CUST3854,9,6814,ORD094110,94110,5890,3,2,3,Potential Loyalists
CUST3855,15,12073,ORD097402,97402,2598,4,5,5,Champions
CUST3856,8,7072,ORD083911,83911,16089,1,1,4,Hibernating
CUST3857,10,5922,ORD094558,94558,5442,3,2,3,Potential Loyalists
CUST3858,11,6822,ORD085519,85519,14481,2,3,3,At Risk
CUST3859,18,11957,ORD091212,91212,8788,2,5,5,At Risk
CUST3860,7,4851,ORD081886,81886,18114,1,1,2,Lost
CUST3861,7,5233,ORD068960,68960,31040,1,1,2,Lost
CUST3862,13,8171,ORD093617,93617,6383,3,4,4,Loyal
CUST3863,3,1570,ORD085523,85523,14477,2,1,1,Promising
CUST3864,12,8874,ORD099389,99389,611,5,3,5,Loyal
CUST3865,15,7662,ORD099893,99893,107,5,5,4,Champions
CUST3866,11,11155,ORD094664,94664,5336,3,3,5,Loyal
CUST3867,12,7794,ORD098245,98245,1755,5,3,4,Loyal
CUST3868,12,4843,ORD086436,86436,13564,2,3,2,At Risk
CUST3869,12,6709,ORD089911,89911,10089,2,3,3,At Risk
CUST3870,12,7261,ORD077755,77755,22245,1,4,4,At Risk
CUST3871,10,4425,ORD096673,96673,3327,4,2,1,New Customers
CUST3872,5,2961,ORD092231,92231,7769,3,1,1,Promising
CUST3873,8,7322,ORD071932,71932,28068,1,1,4,Hibernating
CUST3874,9,5202,ORD095885,95885,4115,4,2,2,New Customers
CUST3875,12,9197,ORD096096,96096,3904,4,4,5,Champions
CUST3876,9,4325,ORD099817,99817,183,5,2,1,New Customers
CUST3877,10,5283,ORD095563,95563,4437,4,2,2,New Customers
CUST3878,9,4245,ORD077867,77867,22133,1,2,1,Promising
CUST3879,14,7201,ORD086993,86993,13007,2,4,4,At Risk
CUST3880,9,6246,ORD094353,94353,5647,3,2,3,Potential Loyalists
CUST3881,7,6227,ORD099580,99580,420,5,1,3,New Customers
CUST3882,13,7759,ORD096322,96322,3678,4,4,4,Champions
CUST3883,14,8783,ORD092434,92434,7566,3,4,5,Loyal
CUST3884,7,5849,ORD085837,85837,14163,2,1,3,Hibernating
CUST3885,14,9265,ORD091755,91755,8245,3,4,5,Loyal
CUST3886,11,7229,ORD087279,87279,12721,2,3,4,At Risk
CUST3887,8,3816,ORD087566,87566,12434,2,1,1,Promising
CUST3888,4,3424,ORD070831,70831,29169,1,1,1,Lost
CUST3889,9,5867,ORD092239,92239,7761,3,2,3,Potential Loyalists
CUST3890,8,5113,ORD081460,81460,18540,1,1,2,Lost
CUST3891,8,4796,ORD075079,75079,24921,1,1,2,Lost
CUST3892,8,4028,ORD091938,91938,8062,3,1,1,Promising
CUST3893,16,6369,ORD079023,79023,20977,1,5,3,At Risk
CUST3894,11,6332,ORD097926,97926,2074,4,3,3,Loyal
CUST3895,9,4527,ORD083687,83687,16313,1,2,2,Promising
CUST3896,13,9273,ORD097248,97248,2752,4,4,5,Champions
CUST3897,17,9973,ORD099730,99730,270,5,5,5,Champions
CUST3898,13,8376,ORD099741,99741,259,5,4,4,Champions
CUST3899,10,5141,ORD098068,98068,1932,5,2,2,New Customers
CUST3900,12,4265,ORD091347,91347,8653,2,4,1,At Risk
CUST3901,13,9703,ORD075584,75584,24416,1,4,5,At Risk
CUST3902,6,2132,ORD069129,69129,30871,1,1,1,Lost
CUST3903,10,7153,ORD094000,94000,6000,3,2,4,Potential Loyalists
CUST3904,6,3667,ORD092865,92865,7135,3,1,1,Promising
CUST3905,13,5857,ORD065365,65365,34635,1,4,3,At Risk
CUST3906,8,5788,ORD062627,62627,37373,1,1,3,Hibernating
CUST3907,10,4758,ORD071806,71806,28194,1,2,2,Promising
CUST3908,10,6215,ORD092522,92522,7478,3,2,3,Potential Loyalists
CUST3909,9,3931,ORD092090,92090,7910,3,2,1,Promising
CUST3910,11,6508,ORD079762,79762,20238,1,3,3,At Risk
CUST3911,12,5937,ORD090313,90313,9687,2,4,3,At Risk
CUST3912,17,8914,ORD098729,98729,1271,5,5,5,Champions
CUST3913,11,4808,ORD097312,97312,2688,4,3,2,Loyal
CUST3914,16,9635,ORD098679,98679,1321,5,5,5,Champions
CUST3915,15,10938,ORD083662,83662,16338,1,5,5,At Risk
CUST3916,16,8447,ORD092323,92323,7677,3,5,4,Loyal
CUST3917,8,3179,ORD094988,94988,5012,3,1,1,Promising
CUST3918,10,4499,ORD095619,95619,4381,4,2,2,New Customers
CUST3919,11,5334,ORD092813,92813,7187,3,3,2,Loyal
CUST3920,11,6069,ORD099904,99904,96,5,3,3,Loyal
CUST3921,15,6468,ORD099658,99658,342,5,5,3,Loyal
CUST3922,7,5823,ORD093822,93822,6178,3,1,3,Promising
CUST3923,11,5107,ORD098537,98537,1463,5,3,2,Loyal
CUST3924,11,7200,ORD092832,92832,7168,3,3,4,Loyal
CUST3925,10,5235,ORD095713,95713,4287,4,2,2,New Customers
CUST3926,12,6459,ORD095131,95131,4869,3,4,3,Loyal
CUST3927,9,7028,ORD083645,83645,16355,1,2,4,Hibernating
CUST3928,16,8674,ORD086985,86985,13015,2,5,5,At Risk
CUST3929,10,5253,ORD095069,95069,4931,3,2,2,Promising
CUST3930,13,6371,ORD095961,95961,4039,4,4,3,Loyal
CUST3931,11,6757,ORD088124,88124,11876,2,3,3,At Risk
CUST3932,9,5160,ORD094927,94927,5073,3,2,2,Promising
CUST3933,9,5670,ORD098787,98787,1213,5,2,2,New Customers
CUST3934,6,2512,ORD089401,89401,10599,2,1,1,Promising
CUST3935,17,10034,ORD099344,99344,656,5,5,5,Champions
CUST3936,11,7112,ORD079868,79868,20132,1,3,4,At Risk
CUST3937,8,6003,ORD094881,94881,5119,3,1,3,Promising
CUST3938,13,8112,ORD090663,90663,9337,2,4,4,At Risk
CUST3939,6,2365,ORD089596,89596,10404,2,1,1,Promising
CUST3940,13,7215,ORD099811,99811,189,5,4,4,Champions
CUST3941,11,4344,ORD087470,87470,12530,2,3,1,At Risk
CUST3942,9,4031,ORD082634,82634,17366,1,2,1,Promising
CUST3943,8,4613,ORD095234,95234,4766,3,1,2,Promising
CUST3944,11,7298,ORD099621,99621,379,5,3,4,Loyal
CUST3945,12,6794,ORD092359,92359,7641,3,4,3,Loyal
CUST3946,7,4270,ORD096672,96672,3328,4,1,1,New Customers
CUST3947,19,9458,ORD092759,92759,7241,3,5,5,Loyal
CUST3948,8,4787,ORD091445,91445,8555,2,1,2,Promising
CUST3949,12,6082,ORD093718,93718,6282,3,4,3,Loyal
CUST3950,12,7411,ORD087240,87240,12760,2,4,4,At Risk
CUST3951,3,1664,ORD075531,75531,24469,1,1,1,Lost
CUST3952,13,6145,ORD099771,99771,229,5,4,3,Loyal
CUST3953,15,9164,ORD082584,82584,17416,1,5,5,At Risk
CUST3954,11,5606,ORD088470,88470,11530,2,3,2,At Risk
CUST3955,11,10207,ORD095406,95406,4594,4,3,5,Loyal
CUST3956,15,9462,ORD097086,97086,2914,4,5,5,Champions
CUST3957,13,7430,ORD099765,99765,235,5,4,4,Champions
CUST3958,14,7858,ORD090802,90802,9198,2,4,4,At Risk
CUST3959,13,6237,ORD087730,87730,12270,2,4,3,At Risk
CUST3960,13,7150,ORD099601,99601,399,5,4,4,Champions
CUST3961,13,7298,ORD093864,93864,6136,3,4,4,Loyal
CUST3962,15,9328,ORD095927,95927,4073,4,5,5,Champions
CUST3963,12,6581,ORD097410,97410,2590,4,4,3,Loyal
CUST3964,16,9074,ORD098591,98591,1409,5,5,5,Champions
CUST3965,11,5582,ORD094312,94312,5688,3,3,2,Loyal
CUST3966,11,5318,ORD095066,95066,4934,3,3,2,Loyal
CUST3967,12,7710,ORD095489,95489,4511,4,4,4,Champions
CUST3968,7,6490,ORD073887,73887,26113,1,1,3,Hibernating
CUST3969,13,5967,ORD099648,99648,352,5,4,3,Loyal
CUST3970,10,3918,ORD098040,98040,1960,5,2,1,New Customers
CUST3971,15,11151,ORD096264,96264,3736,4,5,5,Champions
CUST3972,5,3430,ORD087304,87304,12696,2,1,1,Promising
CUST3973,13,10053,ORD088005,88005,11995,2,4,5,At Risk
CUST3974,9,5123,ORD097524,97524,2476,4,2,2,New Customers
CUST3975,15,9272,ORD096433,96433,3567,4,5,5,Champions
CUST3976,11,7552,ORD095323,95323,4677,4,3,4,Loyal
CUST3977,13,10099,ORD089263,89263,10737,2,4,5,At Risk
CUST3978,11,4515,ORD097054,97054,2946,4,3,2,Loyal
CUST3979,10,4479,ORD097087,97087,2913,4,2,1,New Customers
CUST3980,8,1348,ORD097131,97131,2869,4,1,1,New Customers
CUST3981,13,4313,ORD091068,91068,8932,2,4,1,At Risk
CUST3982,10,3420,ORD088719,88719,11281,2,2,1,Promising
CUST3983,4,2560,ORD046366,46366,53634,1,1,1,Lost
CUST3984,12,7422,ORD093419,93419,6581,3,4,4,Loyal
CUST3985,10,7149,ORD094943,94943,5057,3,2,4,Potential Loyalists
CUST3986,13,7376,ORD099141,99141,859,5,4,4,Champions
CUST3987,12,6692,ORD081952,81952,18048,1,4,3,At Risk
CUST3988,14,12874,ORD094350,94350,5650,3,4,5,Loyal
CUST3989,9,6627,ORD084986,84986,15014,1,2,3,Hibernating
CUST3990,12,5521,ORD098362,98362,1638,5,4,2,Loyal
CUST3991,9,5668,ORD071644,71644,28356,1,2,2,Promising
CUST3992,18,10773,ORD094403,94403,5597,3,5,5,Loyal
CUST3993,11,7351,ORD091274,91274,8726,2,3,4,At Risk
CUST3994,11,8462,ORD093376,93376,6624,3,3,4,Loyal
CUST3995,7,5862,ORD091336,91336,8664,2,1,3,Hibernating
CUST3996,9,3339,ORD099172,99172,828,5,2,1,New Customers
CUST3997,12,9107,ORD092467,92467,7533,3,4,5,Loyal
CUST3998,11,7088,ORD087766,87766,12234,2,3,4,At Risk
CUST3999,16,5817,ORD094027,94027,5973,3,5,3,Loyal
CUST4000,6,2643,ORD092876,92876,7124,3,1,1,Promising
CUST4001,12,6057,ORD098089,98089,1911,5,4,3,Loyal
CUST4002,6,4560,ORD074471,74471,25529,1,1,2,Lost
CUST4003,9,4661,ORD091771,91771,8229,3,2,2,Promising
CUST4004,15,8898,ORD099837,99837,163,5,5,5,Champions
CUST4005,13,5472,ORD092563,92563,7437,3,4,2,Loyal
CUST4006,9,6679,ORD096936,96936,3064,4,2,3,New Customers
CUST4007,11,10539,ORD090473,90473,9527,2,3,5,At Risk
CUST4008,9,5885,ORD097369,97369,2631,4,2,3,New Customers
CUST4009,9,6796,ORD095244,95244,4756,3,2,3,Potential Loyalists
CUST4010,16,9084,ORD099602,99602,398,5,5,5,Champions
CUST4011,10,6723,ORD081666,81666,18334,1,2,3,Hibernating
CUST4012,13,10800,ORD075525,75525,24475,1,4,5,At Risk
CUST4013,14,9089,ORD090186,90186,9814,2,4,5,At Risk
CUST4014,16,8227,ORD097543,97543,2457,4,5,4,Champions
CUST4015,10,5591,ORD093286,93286,6714,3,2,2,Promising
CUST4016,8,4608,ORD097610,97610,2390,4,1,2,New Customers
CUST4017,5,1875,ORD066104,66104,33896,1,1,1,Lost
CUST4018,13,6694,ORD081995,81995,18005,1,4,3,At Risk
CUST4019,5,4406,ORD084441,84441,15559,1,1,1,Lost
CUST4020,13,7202,ORD097481,97481,2519,4,4,4,Champions
CUST4021,6,3374,ORD087977,87977,12023,2,1,1,Promising
CUST4022,8,4014,ORD080981,80981,19019,1,1,1,Lost
CUST4023,5,3086,ORD090808,90808,9192,2,1,1,Promising
CUST4024,6,2410,ORD085988,85988,14012,2,1,1,Promising
CUST4025,13,8087,ORD094936,94936,5064,3,4,4,Loyal
CUST4026,12,7112,ORD096403,96403,3597,4,4,4,Champions
CUST4027,15,10997,ORD099912,99912,88,5,5,5,Champions
CUST4028,12,7913,ORD086619,86619,13381,2,4,4,At Risk
CUST4029,14,9684,ORD097636,97636,2364,4,4,5,Champions
CUST4030,14,7561,ORD099787,99787,213,5,4,4,Champions
CUST4031,10,3209,ORD098930,98930,1070,5,2,1,New Customers
CUST4032,14,8863,ORD093609,93609,6391,3,4,5,Loyal
CUST4033,11,6547,ORD081589,81589,18411,1,3,3,At Risk
CUST4034,12,8135,ORD091656,91656,8344,2,4,4,At Risk
CUST4035,8,4020,ORD097363,97363,2637,4,1,1,New Customers
CUST4036,7,5110,ORD099887,99887,113,5,1,2,New Customers
CUST4037,10,6306,ORD079666,79666,20334,1,2,3,Hibernating
CUST4038,5,1625,ORD086930,86930,13070,2,1,1,Promising
CUST4039,10,6073,ORD075086,75086,24914,1,2,3,Hibernating
CUST4040,10,6967,ORD092814,92814,7186,3,2,3,Potential Loyalists
CUST4041,10,5057,ORD074846,74846,25154,1,2,2,Promising
CUST4042,18,12020,ORD095356,95356,4644,4,5,5,Champions
CUST4043,18,10752,ORD095440,95440,4560,4,5,5,Champions
CUST4044,10,6747,ORD065600,65600,34400,1,2,3,Hibernating
CUST4045,7,4114,ORD099128,99128,872,5,1,1,New Customers
CUST4046,17,7472,ORD095670,95670,4330,4,5,4,Champions
CUST4047,11,10677,ORD097611,97611,2389,4,3,5,Loyal
CUST4048,15,9961,ORD098467,98467,1533,5,5,5,Champions
CUST4049,9,7445,ORD098052,98052,1948,5,2,4,New Customers
CUST4050,15,8042,ORD092426,92426,7574,3,5,4,Loyal
CUST4051,10,7027,ORD083271,83271,16729,1,2,4,Hibernating
CUST4052,11,12650,ORD087287,87287,12713,2,3,5,At Risk
CUST4053,15,7742,ORD099518,99518,482,5,5,4,Champions
CUST4054,18,11620,ORD097024,97024,2976,4,5,5,Champions
CUST4055,14,10111,ORD089599,89599,10401,2,4,5,At Risk
CUST4056,12,9978,ORD094812,94812,5188,3,4,5,Loyal
CUST4057,13,7383,ORD084590,84590,15410,1,4,4,At Risk
CUST4058,12,6719,ORD099159,99159,841,5,4,3,Loyal
CUST4059,12,7157,ORD094457,94457,5543,3,4,4,Loyal
CUST4060,14,6710,ORD072854,72854,27146,1,4,3,At Risk
CUST4061,11,8566,ORD094508,94508,5492,3,3,5,Loyal
CUST4062,12,5575,ORD096873,96873,3127,4,4,2,Loyal
CUST4063,10,6978,ORD067327,67327,32673,1,2,3,Hibernating
CUST4064,5,2375,ORD072599,72599,27401,1,1,1,Lost
CUST4065,12,4585,ORD094306,94306,5694,3,4,2,Loyal
CUST4066,11,4564,ORD098952,98952,1048,5,3,2,Loyal
CUST4067,10,5716,ORD084963,84963,15037,1,2,2,Promising
CUST4068,13,9175,ORD094949,94949,5051,3,4,5,Loyal
CUST4069,14,8691,ORD089857,89857,10143,2,4,5,At Risk
CUST4070,15,10182,ORD091929,91929,8071,3,5,5,Loyal
CUST4071,6,3344,ORD087223,87223,12777,2,1,1,Promising
CUST4072,13,10188,ORD096460,96460,3540,4,4,5,Champions
CUST4073,11,5311,ORD091457,91457,8543,2,3,2,At Risk
CUST4074,12,5733,ORD091757,91757,8243,3,4,2,Loyal
CUST4075,13,5532,ORD098844,98844,1156,5,4,2,Loyal
CUST4076,12,10060,ORD098965,98965,1035,5,4,5,Champions
CUST4077,11,5851,ORD098942,98942,1058,5,3,3,Loyal
CUST4078,7,3178,ORD058628,58628,41372,1,1,1,Lost
CUST4079,12,6026,ORD089450,89450,10550,2,4,3,At Risk
CUST4080,9,5964,ORD099802,99802,198,5,2,3,New Customers
CUST4081,16,9006,ORD098502,98502,1498,5,5,5,Champions
CUST4082,16,10144,ORD098427,98427,1573,5,5,5,Champions
CUST4083,14,10513,ORD084628,84628,15372,1,4,5,At Risk
CUST4084,14,7405,ORD075491,75491,24509,1,4,4,At Risk
CUST4085,17,9889,ORD099809,99809,191,5,5,5,Champions
CUST4086,9,5044,ORD091846,91846,8154,3,2,2,Promising
CUST4087,13,8945,ORD087053,87053,12947,2,4,5,At Risk
CUST4088,11,6574,ORD098637,98637,1363,5,3,3,Loyal
CUST4089,10,6567,ORD098603,98603,1397,5,2,3,New Customers
CUST4090,12,6454,ORD097385,97385,2615,4,4,3,Loyal
CUST4091,8,3317,ORD084026,84026,15974,1,1,1,Lost
CUST4092,3,1722,ORD060040,60040,39960,1,1,1,Lost
CUST4093,10,6021,ORD075626,75626,24374,1,2,3,Hibernating
CUST4094,16,9880,ORD093636,93636,6364,3,5,5,Loyal
CUST4095,15,7671,ORD096211,96211,3789,4,5,4,Champions
CUST4096,11,5752,ORD094179,94179,5821,3,3,2,Loyal
CUST4097,12,9242,ORD093333,93333,6667,3,4,5,Loyal
CUST4098,17,9752,ORD097489,97489,2511,4,5,5,Champions
CUST4099,7,2755,ORD092594,92594,7406,3,1,1,Promising
CUST4100,8,3489,ORD099174,99174,826,5,1,1,New Customers
CUST4101,8,4248,ORD076944,76944,23056,1,1,1,Lost
CUST4102,11,6851,ORD098438,98438,1562,5,3,3,Loyal
CUST4103,9,4266,ORD099971,99971,29,5,2,1,New Customers
CUST4104,14,7111,ORD089807,89807,10193,2,4,4,At Risk
CUST4105,13,12637,ORD092395,92395,7605,3,4,5,Loyal
CUST4106,18,9899,ORD089117,89117,10883,2,5,5,At Risk
CUST4107,9,3910,ORD097928,97928,2072,4,2,1,New Customers
CUST4108,7,4897,ORD084168,84168,15832,1,1,2,Lost
CUST4109,12,4198,ORD086994,86994,13006,2,4,1,At Risk
CUST4110,14,8815,ORD086446,86446,13554,2,4,5,At Risk
CUST4111,19,10102,ORD099823,99823,177,5,5,5,Champions
CUST4112,12,7641,ORD094257,94257,5743,3,4,4,Loyal
CUST4113,14,10055,ORD099050,99050,950,5,4,5,Champions
CUST4114,9,6473,ORD099517,99517,483,5,2,3,New Customers
CUST4115,18,8098,ORD095781,95781,4219,4,5,4,Champions
CUST4116,13,6798,ORD092465,92465,7535,3,4,3,Loyal
CUST4117,9,3748,ORD082570,82570,17430,1,2,1,Promising
CUST4118,10,5146,ORD098672,98672,1328,5,2,2,New Customers
CUST4119,12,7986,ORD086681,86681,13319,2,4,4,At Risk
CUST4120,12,8897,ORD096753,96753,3247,4,4,5,Champions
CUST4121,7,4804,ORD083505,83505,16495,1,1,2,Lost
CUST4122,12,9019,ORD094711,94711,5289,3,4,5,Loyal
CUST4123,7,3529,ORD071916,71916,28084,1,1,1,Lost
CUST4124,7,4849,ORD097480,97480,2520,4,1,2,New Customers
CUST4125,14,7442,ORD094063,94063,5937,3,4,4,Loyal
CUST4126,10,6227,ORD091306,91306,8694,2,2,3,Hibernating
CUST4127,10,6705,ORD093382,93382,6618,3,2,3,Potential Loyalists
CUST4128,9,3432,ORD085028,85028,14972,1,2,1,Promising
CUST4129,12,8087,ORD099961,99961,39,5,4,4,Champions
CUST4130,10,8497,ORD077325,77325,22675,1,2,4,Hibernating
CUST4131,8,4839,ORD098786,98786,1214,5,1,2,New Customers
CUST4132,12,4945,ORD082321,82321,17679,1,4,2,At Risk
CUST4133,15,7502,ORD095616,95616,4384,4,5,4,Champions
CUST4134,4,4450,ORD068949,68949,31051,1,1,1,Lost
CUST4135,10,7703,ORD094525,94525,5475,3,2,4,Potential Loyalists
CUST4136,6,2674,ORD091420,91420,8580,2,1,1,Promising
CUST4137,9,4366,ORD092744,92744,7256,3,2,1,Promising
CUST4138,10,5677,ORD098845,98845,1155,5,2,2,New Customers
CUST4139,14,8038,ORD095949,95949,4051,4,4,4,Champions
CUST4140,11,7302,ORD097704,97704,2296,4,3,4,Loyal
CUST4141,6,2187,ORD096924,96924,3076,4,1,1,New Customers
CUST4142,4,2826,ORD098410,98410,1590,5,1,1,New Customers
CUST4143,13,9782,ORD097855,97855,2145,4,4,5,Champions
CUST4144,9,5860,ORD078921,78921,21079,1,2,3,Hibernating
CUST4145,14,8474,ORD098782,98782,1218,5,4,4,Champions
CUST4146,6,3761,ORD085196,85196,14804,1,1,1,Lost
CUST4147,12,5694,ORD098784,98784,1216,5,4,2,Loyal
CUST4148,16,6956,ORD097984,97984,2016,5,5,3,Loyal
CUST4149,11,7027,ORD094773,94773,5227,3,3,4,Loyal
CUST4150,17,10275,ORD097893,97893,2107,4,5,5,Champions
CUST4151,8,5157,ORD079370,79370,20630,1,1,2,Lost
CUST4152,14,9103,ORD085038,85038,14962,1,4,5,At Risk
CUST4153,12,8147,ORD087780,87780,12220,2,4,4,At Risk
CUST4154,13,8943,ORD096919,96919,3081,4,4,5,Champions
CUST4155,15,11127,ORD096450,96450,3550,4,5,5,Champions
CUST4156,11,4874,ORD096338,96338,3662,4,3,2,Loyal
CUST4157,10,5882,ORD090113,90113,9887,2,2,3,Hibernating
CUST4158,9,7693,ORD083615,83615,16385,1,2,4,Hibernating
CUST4159,10,5337,ORD096172,96172,3828,4,2,2,New Customers
CUST4160,12,7746,ORD092789,92789,7211,3,4,4,Loyal
CUST4161,14,10169,ORD099130,99130,870,5,4,5,Champions
CUST4162,13,8097,ORD098116,98116,1884,5,4,4,Champions
CUST4163,12,9359,ORD079930,79930,20070,1,4,5,At Risk
CUST4164,10,4052,ORD091013,91013,8987,2,2,1,Promising
CUST4165,5,3308,ORD099349,99349,651,5,1,1,New Customers
CUST4166,15,5641,ORD099150,99150,850,5,5,2,Loyal
CUST4167,12,7713,ORD098193,98193,1807,5,4,4,Champions
CUST4168,15,7976,ORD097593,97593,2407,4,5,4,Champions
CUST4169,9,6012,ORD099282,99282,718,5,2,3,New Customers
CUST4170,11,4849,ORD097340,97340,2660,4,3,2,Loyal
CUST4171,11,6797,ORD099710,99710,290,5,3,3,Loyal
CUST4172,10,3865,ORD092464,92464,7536,3,2,1,Promising
CUST4173,17,11562,ORD094482,94482,5518,3,5,5,Loyal
CUST4174,9,3126,ORD094297,94297,5703,3,2,1,Promising
CUST4175,11,6081,ORD098730,98730,1270,5,3,3,Loyal
CUST4176,13,8733,ORD093142,93142,6858,3,4,5,Loyal
CUST4177,6,3305,ORD071981,71981,28019,1,1,1,Lost
CUST4178,12,7858,ORD097015,97015,2985,4,4,4,Champions
CUST4179,8,2509,ORD097038,97038,2962,4,1,1,New Customers
CUST4180,12,6059,ORD094841,94841,5159,3,4,3,Loyal
CUST4181,14,4571,ORD097658,97658,2342,4,4,2,Loyal
CUST4182,6,5557,ORD099380,99380,620,5,1,2,New Customers
CUST4183,10,5152,ORD093650,93650,6350,3,2,2,Promising
CUST4184,9,6418,ORD090855,90855,9145,2,2,3,Hibernating
CUST4185,14,11393,ORD096572,96572,3428,4,4,5,Champions
CUST4186,6,2069,ORD069975,69975,30025,1,1,1,Lost
CUST4187,13,7606,ORD094675,94675,5325,3,4,4,Loyal
CUST4188,7,4058,ORD084966,84966,15034,1,1,1,Lost
CUST4189,16,6465,ORD095051,95051,4949,3,5,3,Loyal
CUST4190,14,7932,ORD096158,96158,3842,4,4,4,Champions
CUST4191,5,3377,ORD094807,94807,5193,3,1,1,Promising
CUST4192,8,3057,ORD098330,98330,1670,5,1,1,New Customers
CUST4193,8,7180,ORD090355,90355,9645,2,1,4,Hibernating
CUST4194,11,6334,ORD089706,89706,10294,2,3,3,At Risk
CUST4195,10,5417,ORD098350,98350,1650,5,2,2,New Customers
CUST4196,10,7207,ORD096585,96585,3415,4,2,4,New Customers
CUST4197,18,12004,ORD091427,91427,8573,2,5,5,At Risk
CUST4198,9,4634,ORD093075,93075,6925,3,2,2,Promising
CUST4199,9,3793,ORD097314,97314,2686,4,2,1,New Customers
CUST4200,6,2653,ORD096452,96452,3548,4,1,1,New Customers
CUST4201,13,9320,ORD077538,77538,22462,1,4,5,At Risk
CUST4202,16,10068,ORD094045,94045,5955,3,5,5,Loyal
CUST4203,5,3012,ORD096351,96351,3649,4,1,1,New Customers
CUST4204,14,9349,ORD094611,94611,5389,3,4,5,Loyal
CUST4205,6,5577,ORD057262,57262,42738,1,1,2,Lost
CUST4206,14,7522,ORD090817,90817,9183,2,4,4,At Risk
CUST4207,11,6134,ORD087066,87066,12934,2,3,3,At Risk
CUST4208,12,6894,ORD099157,99157,843,5,4,3,Loyal
CUST4209,13,5000,ORD097728,97728,2272,4,4,2,Loyal
CUST4210,10,5746,ORD093446,93446,6554,3,2,2,Promising
CUST4211,14,12166,ORD094149,94149,5851,3,4,5,Loyal
CUST4212,15,10473,ORD098443,98443,1557,5,5,5,Champions
CUST4213,13,7741,ORD090265,90265,9735,2,4,4,At Risk
CUST4214,11,6533,ORD098909,98909,1091,5,3,3,Loyal
CUST4215,17,8729,ORD091066,91066,8934,2,5,5,At Risk
CUST4216,16,8136,ORD080028,80028,19972,1,5,4,At Risk
CUST4217,11,7468,ORD092398,92398,7602,3,3,4,Loyal
CUST4218,12,5630,ORD098002,98002,1998,5,4,2,Loyal
CUST4219,7,2759,ORD087299,87299,12701,2,1,1,Promising
CUST4220,18,11546,ORD091651,91651,8349,2,5,5,At Risk
CUST4221,12,8441,ORD092776,92776,7224,3,4,4,Loyal
CUST4222,10,6012,ORD098908,98908,1092,5,2,3,New Customers
CUST4223,7,3281,ORD099427,99427,573,5,1,1,New Customers
CUST4224,13,7081,ORD088819,88819,11181,2,4,4,At Risk
CUST4225,10,6245,ORD086125,86125,13875,2,2,3,Hibernating
CUST4226,8,4672,ORD087792,87792,12208,2,1,2,Promising
CUST4227,11,7250,ORD091065,91065,8935,2,3,4,At Risk
CUST4228,13,8928,ORD097206,97206,2794,4,4,5,Champions
CUST4229,12,9927,ORD088303,88303,11697,2,4,5,At Risk
CUST4230,6,4603,ORD099833,99833,167,5,1,2,New Customers
CUST4231,11,5915,ORD092494,92494,7506,3,3,3,Loyal
CUST4232,15,9965,ORD081848,81848,18152,1,5,5,At Risk
CUST4233,12,6798,ORD066443,66443,33557,1,4,3,At Risk
CUST4234,9,7520,ORD096604,96604,3396,4,2,4,New Customers
CUST4235,12,6891,ORD099364,99364,636,5,4,3,Loyal
CUST4236,12,8305,ORD099409,99409,591,5,4,4,Champions
CUST4237,7,6080,ORD098735,98735,1265,5,1,3,New Customers
CUST4238,10,6564,ORD097974,97974,2026,5,2,3,New Customers
CUST4239,10,4730,ORD078372,78372,21628,1,2,2,Promising
CUST4240,9,5509,ORD092275,92275,7725,3,2,2,Promising
CUST4241,13,7929,ORD093613,93613,6387,3,4,4,Loyal
CUST4242,11,4033,ORD073422,73422,26578,1,3,1,At Risk
CUST4243,13,9416,ORD099275,99275,725,5,4,5,Champions
CUST4244,13,6663,ORD099393,99393,607,5,4,3,Loyal
CUST4245,11,5819,ORD082181,82181,17819,1,3,3,At Risk
CUST4246,9,4871,ORD093915,93915,6085,3,2,2,Promising
CUST4247,11,5255,ORD097288,97288,2712,4,3,2,Loyal
CUST4248,14,7674,ORD099864,99864,136,5,4,4,Champions
CUST4249,9,6370,ORD096675,96675,3325,4,2,3,New Customers
CUST4250,13,8955,ORD099196,99196,804,5,4,5,Champions
CUST4251,10,4133,ORD072312,72312,27688,1,2,1,Promising
CUST4252,7,4410,ORD086524,86524,13476,2,1,1,Promising
CUST4253,9,4766,ORD094036,94036,5964,3,2,2,Promising
CUST4254,11,7143,ORD098529,98529,1471,5,3,4,Loyal
CUST4255,10,5415,ORD094174,94174,5826,3,2,2,Promising
CUST4256,8,6255,ORD080177,80177,19823,1,1,3,Hibernating
CUST4257,10,5000,ORD094931,94931,5069,3,2,2,Promising
CUST4258,6,5913,ORD075854,75854,24146,1,1,3,Hibernating
CUST4259,7,3599,ORD086944,86944,13056,2,1,1,Promising
CUST4260,12,6106,ORD098858,98858,1142,5,4,3,Loyal
CUST4261,10,3440,ORD085421,85421,14579,1,2,1,Promising
CUST4262,13,9664,ORD083957,83957,16043,1,4,5,At Risk
CUST4263,16,9818,ORD083183,83183,16817,1,5,5,At Risk
CUST4264,16,8690,ORD098199,98199,1801,5,5,5,Champions
CUST4265,11,7803,ORD089696,89696,10304,2,3,4,At Risk
CUST4266,5,1525,ORD095014,95014,4986,3,1,1,Promising
CUST4267,14,6124,ORD092321,92321,7679,3,4,3,Loyal
CUST4268,14,10006,ORD099909,99909,91,5,4,5,Champions
CUST4269,4,1495,ORD093553,93553,6447,3,1,1,Promising
CUST4270,12,7056,ORD093179,93179,6821,3,4,4,Loyal
CUST4271,13,9536,ORD085645,85645,14355,2,4,5,At Risk
CUST4272,10,3464,ORD099425,99425,575,5,2,1,New Customers
CUST4273,8,3925,ORD077977,77977,22023,1,1,1,Lost
CUST4274,7,3685,ORD098455,98455,1545,5,1,1,New Customers
CUST4275,15,8373,ORD097014,97014,2986,4,5,4,Champions
CUST4276,8,4896,ORD077884,77884,22116,1,1,2,Lost
CUST4277,11,8377,ORD076377,76377,23623,1,3,4,At Risk
CUST4278,18,10661,ORD088954,88954,11046,2,5,5,At Risk
CUST4279,10,6403,ORD084331,84331,15669,1,2,3,Hibernating
CUST4280,8,6153,ORD085233,85233,14767,1,1,3,Hibernating
CUST4281,16,7958,ORD082864,82864,17136,1,5,4,At Risk
CUST4282,6,4585,ORD097575,97575,2425,4,1,2,New Customers
CUST4283,12,5416,ORD098099,98099,1901,5,4,2,Loyal
CUST4284,12,8513,ORD098092,98092,1908,5,4,4,Champions
CUST4285,6,2738,ORD090970,90970,9030,2,1,1,Promising
CUST4286,7,1966,ORD086017,86017,13983,2,1,1,Promising
CUST4287,8,6141,ORD087226,87226,12774,2,1,3,Hibernating
CUST4288,7,3609,ORD091971,91971,8029,3,1,1,Promising
CUST4289,16,7137,ORD099147,99147,853,5,5,4,Champions
CUST4290,8,5910,ORD099201,99201,799,5,1,3,New Customers
CUST4291,12,5581,ORD080853,80853,19147,1,4,2,At Risk
CUST4292,14,9264,ORD097270,97270,2730,4,4,5,Champions
CUST4293,11,6864,ORD094380,94380,5620,3,3,3,Loyal
CUST4294,6,5200,ORD097449,97449,2551,4,1,2,New Customers
CUST4295,16,7974,ORD099679,99679,321,5,5,4,Champions
CUST4296,11,7032,ORD098053,98053,1947,5,3,4,Loyal
CUST4297,14,9586,ORD091102,91102,8898,2,4,5,At Risk
CUST4298,10,3797,ORD096661,96661,3339,4,2,1,New Customers
CUST4299,10,6173,ORD099845,99845,155,5,2,3,New Customers
CUST4300,10,5310,ORD098170,98170,1830,5,2,2,New Customers
CUST4301,7,2462,ORD090266,90266,9734,2,1,1,Promising
CUST4302,13,7095,ORD097545,97545,2455,4,4,4,Champions
CUST4303,13,9726,ORD096512,96512,3488,4,4,5,Champions
CUST4304,18,9513,ORD098974,98974,1026,5,5,5,Champions
CUST4305,12,6646,ORD096052,96052,3948,4,4,3,Loyal
CUST4306,7,3063,ORD089079,89079,10921,2,1,1,Promising
CUST4307,7,6130,ORD099398,99398,602,5,1,3,New Customers
CUST4308,10,5783,ORD096473,96473,3527,4,2,3,New Customers
CUST4309,14,9227,ORD096844,96844,3156,4,4,5,Champions
CUST4310,11,6893,ORD086385,86385,13615,2,3,3,At Risk
CUST4311,17,9621,ORD092764,92764,7236,3,5,5,Loyal
CUST4312,18,7956,ORD097357,97357,2643,4,5,4,Champions
CUST4313,9,6459,ORD086504,86504,13496,2,2,3,Hibernating
CUST4314,19,12861,ORD092357,92357,7643,3,5,5,Loyal
CUST4315,7,2775,ORD084892,84892,15108,1,1,1,Lost
CUST4316,9,6475,ORD092894,92894,7106,3,2,3,Potential Loyalists
CUST4317,5,3473,ORD092724,92724,7276,3,1,1,Promising
CUST4318,9,4953,ORD090618,90618,9382,2,2,2,Promising
CUST4319,10,7016,ORD096297,96297,3703,4,2,4,New Customers
CUST4320,9,5281,ORD090219,90219,9781,2,2,2,Promising
CUST4321,13,7983,ORD095592,95592,4408,4,4,4,Champions
CUST4322,12,5320,ORD093151,93151,6849,3,4,2,Loyal
CUST4323,10,5049,ORD078667,78667,21333,1,2,2,Promising
CUST4324,11,4937,ORD091399,91399,8601,2,3,2,At Risk
CUST4325,9,4477,ORD085757,85757,14243,2,2,1,Promising
CUST4326,12,7359,ORD091169,91169,8831,2,4,4,At Risk
CUST4327,10,4129,ORD060721,60721,39279,1,2,1,Promising
CUST4328,12,10104,ORD094629,94629,5371,3,4,5,Loyal
CUST4329,6,3966,ORD093745,93745,6255,3,1,1,Promising
CUST4330,8,3697,ORD092295,92295,7705,3,1,1,Promising
CUST4331,11,8565,ORD098103,98103,1897,5,3,5,Loyal
CUST4332,9,4930,ORD092084,92084,7916,3,2,2,Promising
CUST4333,10,8682,ORD093311,93311,6689,3,2,5,Potential Loyalists
CUST4334,8,3756,ORD096722,96722,3278,4,1,1,New Customers
CUST4335,15,9253,ORD080476,80476,19524,1,5,5,At Risk
CUST4336,6,3331,ORD097123,97123,2877,4,1,1,New Customers
CUST4337,12,6295,ORD091246,91246,8754,2,4,3,At Risk
CUST4338,12,8458,ORD094053,94053,5947,3,4,4,Loyal
CUST4339,15,8618,ORD099532,99532,468,5,5,5,Champions
CUST4340,11,8246,ORD097796,97796,2204,4,3,4,Loyal
CUST4341,5,1328,ORD070958,70958,29042,1,1,1,Lost
CUST4342,15,9015,ORD097118,97118,2882,4,5,5,Champions
CUST4343,13,8640,ORD094018,94018,5982,3,4,5,Loyal
CUST4344,8,3920,ORD086709,86709,13291,2,1,1,Promising
CUST4345,18,9508,ORD098746,98746,1254,5,5,5,Champions
CUST4346,9,3717,ORD072326,72326,27674,1,2,1,Promising
CUST4347,13,6854,ORD097450,97450,2550,4,4,3,Loyal
CUST4348,11,5640,ORD094876,94876,5124,3,3,2,Loyal
CUST4349,13,7348,ORD096368,96368,3632,4,4,4,Champions
CUST4350,19,10997,ORD088817,88817,11183,2,5,5,At Risk
CUST4351,9,4838,ORD082252,82252,17748,1,2,2,Promising
CUST4352,12,7939,ORD090781,90781,9219,2,4,4,At Risk
CUST4353,16,10859,ORD096323,96323,3677,4,5,5,Champions
CUST4354,6,2838,ORD095106,95106,4894,3,1,1,Promising
CUST4355,10,6840,ORD097490,97490,2510,4,2,3,New Customers
CUST4356,11,8037,ORD080128,80128,19872,1,3,4,At Risk
CUST4357,10,5678,ORD092014,92014,7986,3,2,2,Promising
CUST4358,9,4798,ORD074355,74355,25645,1,2,2,Promising
CUST4359,7,3756,ORD096647,96647,3353,4,1,1,New Customers
CUST4360,12,8390,ORD091472,91472,8528,2,4,4,At Risk
CUST4361,13,9642,ORD095641,95641,4359,4,4,5,Champions
CUST4362,13,6608,ORD096748,96748,3252,4,4,3,Loyal
CUST4363,7,6007,ORD089430,89430,10570,2,1,3,Hibernating
CUST4364,4,2393,ORD099136,99136,864,5,1,1,New Customers
CUST4365,9,6706,ORD087532,87532,12468,2,2,3,Hibernating
CUST4366,9,4613,ORD092451,92451,7549,3,2,2,Promising
CUST4367,14,9811,ORD099040,99040,960,5,4,5,Champions
CUST4368,13,4897,ORD088859,88859,11141,2,4,2,At Risk
CUST4369,8,4173,ORD063872,63872,36128,1,1,1,Lost
CUST4370,10,4535,ORD085195,85195,14805,1,2,2,Promising
CUST4371,12,6785,ORD089452,89452,10548,2,4,3,At Risk
CUST4372,9,4651,ORD068009,68009,31991,1,2,2,Promising
CUST4373,9,3756,ORD091546,91546,8454,2,2,1,Promising
CUST4374,12,6586,ORD098892,98892,1108,5,4,3,Loyal
CUST4375,15,7956,ORD094732,94732,5268,3,5,4,Loyal
CUST4376,11,5268,ORD099923,99923,77,5,3,2,Loyal
CUST4377,11,7396,ORD072592,72592,27408,1,3,4,At Risk
CUST4378,11,4840,ORD086990,86990,13010,2,3,2,At Risk
CUST4379,17,10794,ORD094944,94944,5056,3,5,5,Loyal
CUST4380,14,9655,ORD092649,92649,7351,3,4,5,Loyal
CUST4381,5,2044,ORD088536,88536,11464,2,1,1,Promising
CUST4382,6,4275,ORD098728,98728,1272,5,1,1,New Customers
CUST4383,6,3379,ORD099033,99033,967,5,1,1,New Customers
CUST4384,10,6888,ORD089717,89717,10283,2,2,3,Hibernating
CUST4385,13,6392,ORD092671,92671,7329,3,4,3,Loyal
CUST4386,4,1186,ORD082451,82451,17549,1,1,1,Lost
CUST4387,15,7476,ORD097748,97748,2252,4,5,4,Champions
CUST4388,10,5621,ORD092926,92926,7074,3,2,2,Promising
CUST4389,8,5534,ORD090065,90065,9935,2,1,2,Promising
CUST4390,9,5189,ORD091239,91239,8761,2,2,2,Promising
CUST4391,6,4000,ORD076574,76574,23426,1,1,1,Lost
CUST4392,12,6087,ORD099453,99453,547,5,4,3,Loyal
CUST4393,11,5247,ORD089676,89676,10324,2,3,2,At Risk
CUST4394,18,9518,ORD099069,99069,931,5,5,5,Champions
CUST4395,11,6286,ORD098862,98862,1138,5,3,3,Loyal
CUST4396,8,7176,ORD093829,93829,6171,3,1,4,Promising
CUST4397,9,5619,ORD083400,83400,16600,1,2,2,Promising
CUST4398,3,2046,ORD080021,80021,19979,1,1,1,Lost
CUST4399,10,9182,ORD099612,99612,388,5,2,5,New Customers
CUST4400,16,8504,ORD098565,98565,1435,5,5,4,Champions
CUST4401,13,6513,ORD082092,82092,17908,1,4,3,At Risk
CUST4402,13,8118,ORD096771,96771,3229,4,4,4,Champions
CUST4403,10,6793,ORD098411,98411,1589,5,2,3,New Customers
CUST4404,11,6602,ORD096299,96299,3701,4,3,3,Loyal
CUST4405,11,4794,ORD099872,99872,128,5,3,2,Loyal
CUST4406,12,7079,ORD098674,98674,1326,5,4,4,Champions
CUST4407,14,7123,ORD099913,99913,87,5,4,4,Champions
CUST4408,11,7654,ORD096114,96114,3886,4,3,4,Loyal
CUST4409,8,3507,ORD097959,97959,2041,4,1,1,New Customers
CUST4410,9,5775,ORD094040,94040,5960,3,2,3,Potential Loyalists
CUST4411,11,8048,ORD089085,89085,10915,2,3,4,At Risk
CUST4412,12,6318,ORD092061,92061,7939,3,4,3,Loyal
CUST4413,8,5141,ORD098867,98867,1133,5,1,2,New Customers
CUST4414,13,8628,ORD095475,95475,4525,4,4,5,Champions
CUST4415,8,7543,ORD062152,62152,37848,1,1,4,Hibernating
CUST4416,9,6829,ORD094267,94267,5733,3,2,3,Potential Loyalists
CUST4417,10,4685,ORD093532,93532,6468,3,2,2,Promising
CUST4418,16,10260,ORD093426,93426,6574,3,5,5,Loyal
CUST4419,10,6226,ORD096704,96704,3296,4,2,3,New Customers
CUST4420,13,7064,ORD085096,85096,14904,1,4,4,At Risk
CUST4421,13,6673,ORD078920,78920,21080,1,4,3,At Risk
CUST4422,12,8293,ORD099573,99573,427,5,4,4,Champions
CUST4423,12,7182,ORD094904,94904,5096,3,4,4,Loyal
CUST4424,12,6916,ORD078998,78998,21002,1,4,3,At Risk
CUST4425,10,5916,ORD099293,99293,707,5,2,3,New Customers
CUST4426,8,5287,ORD090554,90554,9446,2,1,2,Promising
CUST4427,14,8425,ORD096897,96897,3103,4,4,4,Champions
CUST4428,13,7317,ORD089420,89420,10580,2,4,4,At Risk
CUST4429,6,2408,ORD077477,77477,22523,1,1,1,Lost
CUST4430,7,2340,ORD088715,88715,11285,2,1,1,Promising
CUST4431,5,3049,ORD082510,82510,17490,1,1,1,Lost
CUST4432,18,9031,ORD097625,97625,2375,4,5,5,Champions
CUST4433,8,5609,ORD074281,74281,25719,1,1,2,Lost
CUST4434,14,6492,ORD098997,98997,1003,5,4,3,Loyal
CUST4435,14,7920,ORD087688,87688,12312,2,4,4,At Risk
CUST4436,15,6815,ORD093757,93757,6243,3,5,3,Loyal
CUST4437,10,6528,ORD087856,87856,12144,2,2,3,Hibernating
CUST4438,11,6313,ORD093128,93128,6872,3,3,3,Loyal
CUST4439,8,6279,ORD089681,89681,10319,2,1,3,Hibernating
CUST4440,11,4177,ORD093345,93345,6655,3,3,1,Loyal
CUST4441,13,7202,ORD099447,99447,553,5,4,4,Champions
CUST4442,10,5720,ORD083288,83288,16712,1,2,2,Promising
CUST4443,15,6771,ORD090908,90908,9092,2,5,3,At Risk
CUST4444,15,10729,ORD093516,93516,6484,3,5,5,Loyal
CUST4445,10,6033,ORD092903,92903,7097,3,2,3,Potential Loyalists
CUST4446,12,6480,ORD091284,91284,8716,2,4,3,At Risk
CUST4447,10,7186,ORD096192,96192,3808,4,2,4,New Customers
CUST4448,8,3636,ORD097052,97052,2948,4,1,1,New Customers
CUST4449,13,6017,ORD097114,97114,2886,4,4,3,Loyal
CUST4450,12,8626,ORD085712,85712,14288,2,4,5,At Risk
CUST4451,10,6017,ORD073475,73475,26525,1,2,3,Hibernating
CUST4452,15,8620,ORD094455,94455,5545,3,5,5,Loyal
CUST4453,18,8027,ORD093469,93469,6531,3,5,4,Loyal
CUST4454,12,7130,ORD089165,89165,10835,2,4,4,At Risk
CUST4455,9,3149,ORD090356,90356,9644,2,2,1,Promising
CUST4456,5,2255,ORD092874,92874,7126,3,1,1,Promising
CUST4457,12,8177,ORD087119,87119,12881,2,4,4,At Risk
CUST4458,14,9143,ORD098776,98776,1224,5,4,5,Champions
CUST4459,11,9309,ORD086475,86475,13525,2,3,5,At Risk
CUST4460,13,7211,ORD096306,96306,3694,4,4,4,Champions
CUST4461,18,9550,ORD098368,98368,1632,5,5,5,Champions
CUST4462,6,2303,ORD097365,97365,2635,4,1,1,New Customers
CUST4463,9,4998,ORD091176,91176,8824,2,2,2,Promising
CUST4464,10,6341,ORD097540,97540,2460,4,2,3,New Customers
CUST4465,6,3751,ORD095930,95930,4070,4,1,1,New Customers
CUST4466,7,2937,ORD092114,92114,7886,3,1,1,Promising
CUST4467,13,6215,ORD093445,93445,6555,3,4,3,Loyal
CUST4468,15,9411,ORD097400,97400,2600,4,5,5,Champions
CUST4469,10,5528,ORD098663,98663,1337,5,2,2,New Customers
CUST4470,14,12999,ORD095874,95874,4126,4,4,5,Champions
CUST4471,21,12888,ORD095207,95207,4793,3,5,5,Loyal
CUST4472,10,5279,ORD098128,98128,1872,5,2,2,New Customers
CUST4473,13,9327,ORD090746,90746,9254,2,4,5,At Risk
CUST4474,10,5330,ORD096607,96607,3393,4,2,2,New Customers
CUST4475,12,7989,ORD096105,96105,3895,4,4,4,Champions
CUST4476,17,12821,ORD088828,88828,11172,2,5,5,At Risk
CUST4477,12,7023,ORD096820,96820,3180,4,4,4,Champions
CUST4478,8,3925,ORD093682,93682,6318,3,1,1,Promising
CUST4479,11,7541,ORD090333,90333,9667,2,3,4,At Risk
CUST4480,10,8735,ORD090972,90972,9028,2,2,5,Hibernating
CUST4481,14,9007,ORD093593,93593,6407,3,4,5,Loyal
CUST4482,14,8239,ORD096366,96366,3634,4,4,4,Champions
CUST4483,10,4524,ORD073236,73236,26764,1,2,2,Promising
CUST4484,6,3773,ORD068138,68138,31862,1,1,1,Lost
CUST4485,9,5554,ORD091558,91558,8442,2,2,2,Promising
CUST4486,3,1356,ORD080989,80989,19011,1,1,1,Lost
CUST4487,9,7240,ORD077456,77456,22544,1,2,4,Hibernating
CUST4488,7,2865,ORD084108,84108,15892,1,1,1,Lost
CUST4489,10,4331,ORD096556,96556,3444,4,2,1,New Customers
CUST4490,12,6978,ORD097167,97167,2833,4,4,3,Loyal
CUST4491,10,5464,ORD096801,96801,3199,4,2,2,New Customers
CUST4492,11,6510,ORD099051,99051,949,5,3,3,Loyal
CUST4493,12,7847,ORD084325,84325,15675,1,4,4,At Risk
CUST4494,9,4921,ORD099004,99004,996,5,2,2,New Customers
CUST4495,13,8181,ORD096292,96292,3708,4,4,4,Champions
CUST4496,10,3327,ORD079004,79004,20996,1,2,1,Promising
CUST4497,9,3887,ORD093799,93799,6201,3,2,1,Promising
CUST4498,8,5294,ORD098050,98050,1950,5,1,2,New Customers
CUST4499,5,3344,ORD065041,65041,34959,1,1,1,Lost
CUST4500,9,4399,ORD093037,93037,6963,3,2,1,Promising
CUST4501,10,7218,ORD098452,98452,1548,5,2,4,New Customers
CUST4502,14,8220,ORD092313,92313,7687,3,4,4,Loyal
CUST4503,9,6648,ORD087414,87414,12586,2,2,3,Hibernating
CUST4504,11,5761,ORD086435,86435,13565,2,3,3,At Risk
CUST4505,5,1717,ORD061795,61795,38205,1,1,1,Lost
CUST4506,9,6919,ORD085517,85517,14483,2,2,3,Hibernating
CUST4507,16,8750,ORD097963,97963,2037,4,5,5,Champions
CUST4508,8,5146,ORD095334,95334,4666,4,1,2,New Customers
CUST4509,6,4932,ORD069024,69024,30976,1,1,2,Lost
CUST4510,10,4710,ORD090439,90439,9561,2,2,2,Promising
CUST4511,10,3596,ORD075024,75024,24976,1,2,1,Promising
CUST4512,9,5561,ORD094270,94270,5730,3,2,2,Promising
CUST4513,12,10041,ORD098239,98239,1761,5,4,5,Champions
CUST4514,12,6306,ORD096862,96862,3138,4,4,3,Loyal
CUST4515,10,5671,ORD084442,84442,15558,1,2,2,Promising
CUST4516,8,3624,ORD099870,99870,130,5,1,1,New Customers
CUST4517,17,11279,ORD099703,99703,297,5,5,5,Champions
CUST4518,3,1421,ORD067771,67771,32229,1,1,1,Lost
CUST4519,22,11145,ORD097898,97898,2102,4,5,5,Champions
CUST4520,10,6265,ORD095267,95267,4733,3,2,3,Potential Loyalists
CUST4521,10,5185,ORD083485,83485,16515,1,2,2,Promising
CUST4522,15,7792,ORD097979,97979,2021,5,5,4,Champions
CUST4523,7,6602,ORD065059,65059,34941,1,1,3,Hibernating
CUST4524,15,10851,ORD091878,91878,8122,3,5,5,Loyal
CUST4525,11,11389,ORD094109,94109,5891,3,3,5,Loyal
CUST4526,13,6459,ORD091103,91103,8897,2,4,3,At Risk
CUST4527,8,5871,ORD091022,91022,8978,2,1,3,Hibernating
CUST4528,8,6412,ORD090820,90820,9180,2,1,3,Hibernating
CUST4529,8,4055,ORD093013,93013,6987,3,1,1,Promising
CUST4530,18,11589,ORD097075,97075,2925,4,5,5,Champions
CUST4531,13,7237,ORD085287,85287,14713,1,4,4,At Risk
CUST4532,17,8166,ORD097391,97391,2609,4,5,4,Champions
CUST4533,9,4814,ORD095271,95271,4729,3,2,2,Promising
CUST4534,10,5815,ORD084173,84173,15827,1,2,3,Hibernating
CUST4535,6,5001,ORD065827,65827,34173,1,1,2,Lost
CUST4536,4,3072,ORD099092,99092,908,5,1,1,New Customers
CUST4537,7,4242,ORD091950,91950,8050,3,1,1,Promising
CUST4538,10,4000,ORD086482,86482,13518,2,2,1,Promising
CUST4539,6,2600,ORD064862,64862,35138,1,1,1,Lost
CUST4540,9,4296,ORD097466,97466,2534,4,2,1,New Customers
CUST4541,18,11535,ORD086114,86114,13886,2,5,5,At Risk
CUST4542,7,3624,ORD091721,91721,8279,2,1,1,Promising
CUST4543,10,9892,ORD096080,96080,3920,4,2,5,New Customers
CUST4544,11,9675,ORD099411,99411,589,5,3,5,Loyal
CUST4545,14,7150,ORD093274,93274,6726,3,4,4,Loyal
CUST4546,14,7211,ORD094757,94757,5243,3,4,4,Loyal
CUST4547,9,5452,ORD086002,86002,13998,2,2,2,Promising
CUST4548,16,4803,ORD091032,91032,8968,2,5,2,At Risk
CUST4549,11,7644,ORD084426,84426,15574,1,3,4,At Risk
CUST4550,15,8349,ORD093661,93661,6339,3,5,4,Loyal
CUST4551,14,11091,ORD096463,96463,3537,4,4,5,Champions
CUST4552,10,6117,ORD088555,88555,11445,2,2,3,Hibernating
CUST4553,8,3208,ORD088748,88748,11252,2,1,1,Promising
CUST4554,14,10360,ORD097498,97498,2502,4,4,5,Champions
CUST4555,18,9404,ORD097618,97618,2382,4,5,5,Champions
CUST4556,10,7170,ORD096761,96761,3239,4,2,4,New Customers
CUST4557,9,2851,ORD095498,95498,4502,4,2,1,New Customers
CUST4558,14,7145,ORD097161,97161,2839,4,4,4,Champions
CUST4559,17,9520,ORD088964,88964,11036,2,5,5,At Risk
CUST4560,11,5790,ORD095515,95515,4485,4,3,3,Loyal
CUST4561,5,2119,ORD090247,90247,9753,2,1,1,Promising
CUST4562,14,8085,ORD093097,93097,6903,3,4,4,Loyal
CUST4563,8,4047,ORD083123,83123,16877,1,1,1,Lost
CUST4564,11,5704,ORD096559,96559,3441,4,3,2,Loyal
CUST4565,9,4324,ORD098340,98340,1660,5,2,1,New Customers
CUST4566,16,9713,ORD098595,98595,1405,5,5,5,Champions
CUST4567,16,7545,ORD095760,95760,4240,4,5,4,Champions
CUST4568,17,6245,ORD094815,94815,5185,3,5,3,Loyal
CUST4569,13,9446,ORD083498,83498,16502,1,4,5,At Risk
CUST4570,16,9132,ORD087189,87189,12811,2,5,5,At Risk
CUST4571,12,6840,ORD098355,98355,1645,5,4,3,Loyal
CUST4572,12,4299,ORD099291,99291,709,5,4,1,Loyal
CUST4573,12,8352,ORD090324,90324,9676,2,4,4,At Risk
CUST4574,9,4651,ORD097442,97442,2558,4,2,2,New Customers
CUST4575,9,5508,ORD079626,79626,20374,1,2,2,Promising
CUST4576,8,8702,ORD087785,87785,12215,2,1,5,Hibernating
CUST4577,11,7048,ORD090302,90302,9698,2,3,4,At Risk
CUST4578,21,10587,ORD099944,99944,56,5,5,5,Champions
CUST4579,10,5609,ORD089945,89945,10055,2,2,2,Promising
CUST4580,14,7058,ORD095017,95017,4983,3,4,4,Loyal
CUST4581,8,6720,ORD099498,99498,502,5,1,3,New Customers
CUST4582,9,5005,ORD099520,99520,480,5,2,2,New Customers
CUST4583,11,7662,ORD092604,92604,7396,3,3,4,Loyal
CUST4584,16,7908,ORD099111,99111,889,5,5,4,Champions
CUST4585,14,8515,ORD099546,99546,454,5,4,4,Champions
CUST4586,13,7163,ORD088074,88074,11926,2,4,4,At Risk
CUST4587,18,9984,ORD094051,94051,5949,3,5,5,Loyal
CUST4588,16,11254,ORD090400,90400,9600,2,5,5,At Risk
CUST4589,14,8885,ORD097782,97782,2218,4,4,5,Champions
CUST4590,13,6726,ORD078203,78203,21797,1,4,3,At Risk
CUST4591,11,5718,ORD089211,89211,10789,2,3,2,At Risk
CUST4592,12,10948,ORD098401,98401,1599,5,4,5,Champions
CUST4593,10,7560,ORD093785,93785,6215,3,2,4,Potential Loyalists
CUST4594,11,4967,ORD087838,87838,12162,2,3,2,At Risk
CUST4595,8,3482,ORD094976,94976,5024,3,1,1,Promising
CUST4596,6,2442,ORD094486,94486,5514,3,1,1,Promising
CUST4597,10,6409,ORD090616,90616,9384,2,2,3,Hibernating
CUST4598,9,4453,ORD098990,98990,1010,5,2,1,New Customers
CUST4599,7,4835,ORD097076,97076,2924,4,1,2,New Customers
CUST4600,15,7115,ORD093277,93277,6723,3,5,4,Loyal
CUST4601,6,2973,ORD097572,97572,2428,4,1,1,New Customers
CUST4602,15,8126,ORD098755,98755,1245,5,5,4,Champions
CUST4603,8,4408,ORD065403,65403,34597,1,1,1,Lost
CUST4604,4,2704,ORD092942,92942,7058,3,1,1,Promising
CUST4605,9,4759,ORD099294,99294,706,5,2,2,New Customers
CUST4606,6,4920,ORD074516,74516,25484,1,1,2,Lost
CUST4607,9,6755,ORD075825,75825,24175,1,2,3,Hibernating
CUST4608,14,10792,ORD098015,98015,1985,5,4,5,Champions
CUST4609,14,8590,ORD093742,93742,6258,3,4,5,Loyal
CUST4610,15,9218,ORD082536,82536,17464,1,5,5,At Risk
CUST4611,15,11627,ORD090825,90825,9175,2,5,5,At Risk
CUST4612,9,7598,ORD088202,88202,11798,2,2,4,Hibernating
CUST4613,14,8541,ORD082789,82789,17211,1,4,4,At Risk
CUST4614,18,11622,ORD093686,93686,6314,3,5,5,Loyal
CUST4615,10,4508,ORD087341,87341,12659,2,2,2,Promising
CUST4616,11,3407,ORD088325,88325,11675,2,3,1,At Risk
CUST4617,6,6402,ORD093310,93310,6690,3,1,3,Promising
CUST4618,8,3096,ORD099982,99982,18,5,1,1,New Customers
CUST4619,6,3610,ORD090013,90013,9987,2,1,1,Promising
CUST4620,5,2775,ORD060402,60402,39598,1,1,1,Lost
CUST4621,19,11335,ORD097251,97251,2749,4,5,5,Champions
CUST4622,8,5185,ORD094494,94494,5506,3,1,2,Promising
CUST4623,7,4697,ORD063198,63198,36802,1,1,2,Lost
CUST4624,9,6093,ORD090850,90850,9150,2,2,3,Hibernating
CUST4625,9,5672,ORD082313,82313,17687,1,2,2,Promising
CUST4626,9,5454,ORD045183,45183,54817,1,2,2,Promising
CUST4627,12,6954,ORD092242,92242,7758,3,4,3,Loyal
CUST4628,5,2332,ORD094916,94916,5084,3,1,1,Promising
CUST4629,7,3459,ORD081340,81340,18660,1,1,1,Lost
CUST4630,10,6561,ORD072255,72255,27745,1,2,3,Hibernating
CUST4631,12,11255,ORD096845,96845,3155,4,4,5,Champions
CUST4632,6,5559,ORD090847,90847,9153,2,1,2,Promising
CUST4633,15,10971,ORD096583,96583,3417,4,5,5,Champions
CUST4634,9,5201,ORD093594,93594,6406,3,2,2,Promising
CUST4635,9,1978,ORD098146,98146,1854,5,2,1,New Customers
CUST4636,9,5212,ORD098462,98462,1538,5,2,2,New Customers
CUST4637,12,8891,ORD081506,81506,18494,1,4,5,At Risk
CUST4638,11,7350,ORD088793,88793,11207,2,3,4,At Risk
CUST4639,14,9317,ORD098425,98425,1575,5,4,5,Champions
CUST4640,10,6400,ORD092203,92203,7797,3,2,3,Potential Loyalists
CUST4641,15,10015,ORD093200,93200,6800,3,5,5,Loyal
CUST4642,10,6110,ORD097152,97152,2848,4,2,3,New Customers
CUST4643,15,11569,ORD097953,97953,2047,4,5,5,Champions
CUST4644,16,8546,ORD094750,94750,5250,3,5,4,Loyal
CUST4645,14,6321,ORD072664,72664,27336,1,4,3,At Risk
CUST4646,14,7315,ORD077683,77683,22317,1,4,4,At Risk
CUST4647,10,5669,ORD097945,97945,2055,4,2,2,New Customers
CUST4648,13,8316,ORD096968,96968,3032,4,4,4,Champions
CUST4649,15,9278,ORD089883,89883,10117,2,5,5,At Risk
CUST4650,14,7795,ORD082637,82637,17363,1,4,4,At Risk
CUST4651,12,5436,ORD093747,93747,6253,3,4,2,Loyal
CUST4652,18,8825,ORD091953,91953,8047,3,5,5,Loyal
CUST4653,10,6949,ORD091601,91601,8399,2,2,3,Hibernating
CUST4654,13,7124,ORD097980,97980,2020,5,4,4,Champions
CUST4655,4,2472,ORD070162,70162,29838,1,1,1,Lost
CUST4656,8,4200,ORD097527,97527,2473,4,1,1,New Customers
CUST4657,15,10537,ORD081998,81998,18002,1,5,5,At Risk
CUST4658,9,6390,ORD095653,95653,4347,4,2,3,New Customers
CUST4659,14,7488,ORD085370,85370,14630,1,4,4,At Risk
CUST4660,11,5010,ORD091578,91578,8422,2,3,2,At Risk
CUST4661,10,4463,ORD083989,83989,16011,1,2,1,Promising
CUST4662,10,8674,ORD099738,99738,262,5,2,5,New Customers
CUST4663,13,7136,ORD096200,96200,3800,4,4,4,Champions
CUST4664,11,5383,ORD098650,98650,1350,5,3,2,Loyal
CUST4665,11,6714,ORD089836,89836,10164,2,3,3,At Risk
CUST4666,21,13570,ORD099153,99153,847,5,5,5,Champions
CUST4667,12,8512,ORD092190,92190,7810,3,4,4,Loyal
CUST4668,11,5484,ORD091038,91038,8962,2,3,2,At Risk
CUST4669,11,6023,ORD085667,85667,14333,2,3,3,At Risk
CUST4670,8,4077,ORD099244,99244,756,5,1,1,New Customers
CUST4671,11,5023,ORD091714,91714,8286,2,3,2,At Risk
CUST4672,10,4459,ORD095259,95259,4741,3,2,1,Promising
CUST4673,14,9167,ORD098982,98982,1018,5,4,5,Champions
CUST4674,10,6780,ORD098613,98613,1387,5,2,3,New Customers
CUST4675,14,9324,ORD067371,67371,32629,1,4,5,At Risk
CUST4676,10,7319,ORD098477,98477,1523,5,2,4,New Customers
CUST4677,15,8234,ORD087890,87890,12110,2,5,4,At Risk
CUST4678,12,8357,ORD087243,87243,12757,2,4,4,At Risk
CUST4679,15,8204,ORD095994,95994,4006,4,5,4,Champions
CUST4680,8,4001,ORD072236,72236,27764,1,1,1,Lost
CUST4681,11,7178,ORD098703,98703,1297,5,3,4,Loyal
CUST4682,10,6542,ORD088418,88418,11582,2,2,3,Hibernating
CUST4683,14,8481,ORD099452,99452,548,5,4,4,Champions
CUST4684,13,6705,ORD094468,94468,5532,3,4,3,Loyal
CUST4685,8,4964,ORD074981,74981,25019,1,1,2,Lost
CUST4686,7,4451,ORD088451,88451,11549,2,1,1,Promising
CUST4687,5,2679,ORD093428,93428,6572,3,1,1,Promising
CUST4688,16,7434,ORD097331,97331,2669,4,5,4,Champions
CUST4689,5,1977,ORD088602,88602,11398,2,1,1,Promising
CUST4690,12,7547,ORD094450,94450,5550,3,4,4,Loyal
CUST4691,10,5982,ORD086542,86542,13458,2,2,3,Hibernating
CUST4692,8,4469,ORD095273,95273,4727,3,1,1,Promising
CUST4693,6,5196,ORD088936,88936,11064,2,1,2,Promising
CUST4694,15,8813,ORD096475,96475,3525,4,5,5,Champions
CUST4695,9,4837,ORD088734,88734,11266,2,2,2,Promising
CUST4696,7,5360,ORD092420,92420,7580,3,1,2,Promising
CUST4697,13,9616,ORD087638,87638,12362,2,4,5,At Risk
CUST4698,10,6942,ORD081692,81692,18308,1,2,3,Hibernating
CUST4699,10,4936,ORD097918,97918,2082,4,2,2,New Customers
CUST4700,18,12719,ORD080066,80066,19934,1,5,5,At Risk
CUST4701,5,3190,ORD084354,84354,15646,1,1,1,Lost
CUST4702,6,4136,ORD083439,83439,16561,1,1,1,Lost
CUST4703,11,7786,ORD095298,95298,4702,3,3,4,Loyal
CUST4704,12,8674,ORD092296,92296,7704,3,4,5,Loyal
CUST4705,8,5773,ORD097960,97960,2040,4,1,3,New Customers
CUST4706,9,4073,ORD096160,96160,3840,4,2,1,New Customers
CUST4707,10,5341,ORD088546,88546,11454,2,2,2,Promising
CUST4708,14,8133,ORD099604,99604,396,5,4,4,Champions
CUST4709,18,10049,ORD092546,92546,7454,3,5,5,Loyal
CUST4710,9,6186,ORD098090,98090,1910,5,2,3,New Customers
CUST4711,8,5093,ORD085443,85443,14557,1,1,2,Lost
CUST4712,8,4430,ORD079335,79335,20665,1,1,1,Lost
CUST4713,10,4586,ORD099347,99347,653,5,2,2,New Customers
CUST4714,15,10101,ORD095444,95444,4556,4,5,5,Champions
CUST4715,14,7278,ORD095566,95566,4434,4,4,4,Champions
CUST4716,10,7165,ORD078874,78874,21126,1,2,4,Hibernating
CUST4717,13,6123,ORD096774,96774,3226,4,4,3,Loyal
CUST4718,8,5892,ORD099455,99455,545,5,1,3,New Customers
CUST4719,13,5238,ORD098281,98281,1719,5,4,2,Loyal
CUST4720,10,5733,ORD088138,88138,11862,2,2,2,Promising
CUST4721,12,6337,ORD095800,95800,4200,4,4,3,Loyal
CUST4722,8,3938,ORD088773,88773,11227,2,1,1,Promising
CUST4723,12,6523,ORD097200,97200,2800,4,4,3,Loyal
CUST4724,13,6409,ORD087867,87867,12133,2,4,3,At Risk
CUST4725,12,7620,ORD098819,98819,1181,5,4,4,Champions
CUST4726,12,7050,ORD097417,97417,2583,4,4,4,Champions
CUST4727,11,9223,ORD091605,91605,8395,2,3,5,At Risk
CUST4728,13,8107,ORD096707,96707,3293,4,4,4,Champions
CUST4729,6,3714,ORD094545,94545,5455,3,1,1,Promising
CUST4730,13,6727,ORD090647,90647,9353,2,4,3,At Risk
CUST4731,9,6473,ORD093495,93495,6505,3,2,3,Potential Loyalists
CUST4732,14,10879,ORD089787,89787,10213,2,4,5,At Risk
CUST4733,19,10793,ORD092838,92838,7162,3,5,5,Loyal
CUST4734,14,6989,ORD099945,99945,55,5,4,3,Loyal
CUST4735,14,9845,ORD094563,94563,5437,3,4,5,Loyal
CUST4736,8,3706,ORD099686,99686,314,5,1,1,New Customers
CUST4737,10,5317,ORD093384,93384,6616,3,2,2,Promising
CUST4738,6,4345,ORD078546,78546,21454,1,1,1,Lost
CUST4739,7,6479,ORD067277,67277,32723,1,1,3,Hibernating
CUST4740,9,5501,ORD089358,89358,10642,2,2,2,Promising
CUST4741,12,6096,ORD092582,92582,7418,3,4,3,Loyal
CUST4742,11,8423,ORD095184,95184,4816,3,3,4,Loyal
CUST4743,8,4448,ORD094987,94987,5013,3,1,1,Promising
CUST4744,10,5082,ORD092253,92253,7747,3,2,2,Promising
CUST4745,7,3468,ORD066077,66077,33923,1,1,1,Lost
CUST4746,14,7369,ORD099269,99269,731,5,4,4,Champions
CUST4747,11,8212,ORD096931,96931,3069,4,3,4,Loyal
CUST4748,9,6071,ORD085770,85770,14230,2,2,3,Hibernating
CUST4749,15,8144,ORD097601,97601,2399,4,5,4,Champions
CUST4750,12,6871,ORD091465,91465,8535,2,4,3,At Risk
CUST4751,9,3380,ORD094534,94534,5466,3,2,1,Promising
CUST4752,8,4207,ORD084002,84002,15998,1,1,1,Lost
CUST4753,14,6777,ORD097189,97189,2811,4,4,3,Loyal
CUST4754,5,3534,ORD077656,77656,22344,1,1,1,Lost
CUST4755,14,9020,ORD099057,99057,943,5,4,5,Champions
CUST4756,6,3730,ORD094246,94246,5754,3,1,1,Promising
CUST4757,16,9935,ORD097070,97070,2930,4,5,5,Champions
CUST4758,10,8242,ORD098671,98671,1329,5,2,4,New Customers
CUST4759,8,3164,ORD081226,81226,18774,1,1,1,Lost
CUST4760,11,5365,ORD094900,94900,5100,3,3,2,Loyal
CUST4761,12,5775,ORD099399,99399,601,5,4,3,Loyal
CUST4762,8,5577,ORD068933,68933,31067,1,1,2,Lost
CUST4763,6,5218,ORD084135,84135,15865,1,1,2,Lost
CUST4764,13,9393,ORD099279,99279,721,5,4,5,Champions
CUST4765,14,9617,ORD092553,92553,7447,3,4,5,Loyal
CUST4766,6,3537,ORD060718,60718,39282,1,1,1,Lost
CUST4767,7,4699,ORD075805,75805,24195,1,1,2,Lost
CUST4768,12,8365,ORD068781,68781,31219,1,4,4,At Risk
CUST4769,16,10277,ORD097441,97441,2559,4,5,5,Champions
CUST4770,15,9007,ORD071852,71852,28148,1,5,5,At Risk
CUST4771,9,6695,ORD097194,97194,2806,4,2,3,New Customers
CUST4772,10,8178,ORD097268,97268,2732,4,2,4,New Customers
CUST4773,10,4944,ORD089377,89377,10623,2,2,2,Promising
CUST4774,15,6657,ORD099268,99268,732,5,5,3,Loyal
CUST4775,7,4854,ORD086020,86020,13980,2,1,2,Promising
CUST4776,16,7782,ORD096478,96478,3522,4,5,4,Champions
CUST4777,10,5587,ORD097178,97178,2822,4,2,2,New Customers
CUST4778,7,7305,ORD082259,82259,17741,1,1,4,Hibernating
CUST4779,10,4916,ORD096825,96825,3175,4,2,2,New Customers
CUST4780,6,2219,ORD087878,87878,12122,2,1,1,Promising
CUST4781,15,10359,ORD092840,92840,7160,3,5,5,Loyal
CUST4782,11,7136,ORD091864,91864,8136,3,3,4,Loyal
CUST4783,16,8376,ORD099258,99258,742,5,5,4,Champions
CUST4784,18,9600,ORD094393,94393,5607,3,5,5,Loyal
CUST4785,10,6782,ORD090003,90003,9997,2,2,3,Hibernating
CUST4786,7,6199,ORD094414,94414,5586,3,1,3,Promising
CUST4787,9,6047,ORD092185,92185,7815,3,2,3,Potential Loyalists
CUST4788,8,6316,ORD098140,98140,1860,5,1,3,New Customers
CUST4789,8,2936,ORD078847,78847,21153,1,1,1,Lost
CUST4790,7,4003,ORD092846,92846,7154,3,1,1,Promising
CUST4791,14,8089,ORD080110,80110,19890,1,4,4,At Risk
CUST4792,10,8492,ORD099663,99663,337,5,2,4,New Customers
CUST4793,14,6096,ORD091642,91642,8358,2,5,3,At Risk
CUST4794,7,4443,ORD079627,79627,20373,1,1,1,Lost
CUST4795,12,6252,ORD097666,97666,2334,4,4,3,Loyal
CUST4796,12,9419,ORD089124,89124,10876,2,4,5,At Risk
CUST4797,10,7200,ORD098249,98249,1751,5,2,4,New Customers
CUST4798,11,6916,ORD081184,81184,18816,1,3,3,At Risk
CUST4799,12,6213,ORD099539,99539,461,5,4,3,Loyal
CUST4800,16,9120,ORD099782,99782,218,5,5,5,Champions
CUST4801,11,6519,ORD093788,93788,6212,3,3,3,Loyal
CUST4802,13,7516,ORD090335,90335,9665,2,4,4,At Risk
CUST4803,15,10308,ORD088180,88180,11820,2,5,5,At Risk
CUST4804,13,6993,ORD078868,78868,21132,1,4,3,At Risk
CUST4805,10,4403,ORD087118,87118,12882,2,2,1,Promising
CUST4806,10,3379,ORD090666,90666,9334,2,2,1,Promising
CUST4807,11,6644,ORD091898,91898,8102,3,3,3,Loyal
CUST4808,14,10031,ORD098407,98407,1593,5,5,5,Champions
CUST4809,8,5280,ORD095407,95407,4593,4,1,2,New Customers
CUST4810,17,10685,ORD077957,77957,22043,1,5,5,At Risk
CUST4811,18,13804,ORD087451,87451,12549,2,5,5,At Risk
CUST4812,16,10307,ORD099687,99687,313,5,5,5,Champions
CUST4813,10,5517,ORD090032,90032,9968,2,2,2,Promising
CUST4814,9,7372,ORD094982,94982,5018,3,2,4,Potential Loyalists
CUST4815,5,3859,ORD071600,71600,28400,1,1,1,Lost
CUST4816,10,8569,ORD091754,91754,8246,3,2,5,Potential Loyalists
CUST4817,16,7764,ORD098975,98975,1025,5,5,4,Champions
CUST4818,8,5199,ORD094557,94557,5443,3,1,2,Promising
CUST4819,7,2946,ORD093625,93625,6375,3,1,1,Promising
CUST4820,4,1580,ORD030792,30792,69208,1,1,1,Lost
CUST4821,10,6723,ORD089989,89989,10011,2,2,3,Hibernating
CUST4822,11,5580,ORD098923,98923,1077,5,3,2,Loyal
CUST4823,11,6884,ORD091842,91842,8158,3,3,3,Loyal
CUST4824,10,6238,ORD094250,94250,5750,3,2,3,Potential Loyalists
CUST4825,5,3757,ORD099192,99192,808,5,1,1,New Customers
CUST4826,10,6604,ORD057272,57272,42728,1,2,3,Hibernating
CUST4827,8,6205,ORD099477,99477,523,5,1,3,New Customers
CUST4828,10,5644,ORD098359,98359,1641,5,2,2,New Customers
CUST4829,14,8480,ORD096206,96206,3794,4,5,4,Champions
CUST4830,12,7184,ORD092952,92952,7048,3,4,4,Loyal
CUST4831,12,10158,ORD099070,99070,930,5,4,5,Champions
CUST4832,6,2491,ORD092439,92439,7561,3,1,1,Promising
CUST4833,10,5285,ORD086922,86922,13078,2,2,2,Promising
CUST4834,9,7733,ORD093287,93287,6713,3,2,4,Potential Loyalists
CUST4835,16,9140,ORD098626,98626,1374,5,5,5,Champions
CUST4836,8,5646,ORD095418,95418,4582,4,1,2,New Customers
CUST4837,8,4820,ORD096347,96347,3653,4,1,2,New Customers
CUST4838,16,8979,ORD094382,94382,5618,3,5,5,Loyal
CUST4839,11,4883,ORD096437,96437,3563,4,3,2,Loyal
CUST4840,8,3853,ORD094730,94730,5270,3,1,1,Promising
CUST4841,11,8350,ORD088860,88860,11140,2,3,4,At Risk
CUST4842,15,9635,ORD098587,98587,1413,5,5,5,Champions
CUST4843,9,4669,ORD093422,93422,6578,3,2,2,Promising
CUST4844,10,6836,ORD099526,99526,474,5,2,3,New Customers
CUST4845,18,9869,ORD094183,94183,5817,3,5,5,Loyal
CUST4846,12,5865,ORD099022,99022,978,5,4,3,Loyal
CUST4847,14,9737,ORD088232,88232,11768,2,5,5,At Risk
CUST4848,11,6832,ORD097655,97655,2345,4,3,3,Loyal
CUST4849,12,7048,ORD098447,98447,1553,5,4,4,Champions
CUST4850,17,11043,ORD099146,99146,854,5,5,5,Champions
CUST4851,9,6292,ORD098464,98464,1536,5,2,3,New Customers
CUST4852,12,7278,ORD086211,86211,13789,2,4,4,At Risk
CUST4853,13,6892,ORD089746,89746,10254,2,4,3,At Risk
CUST4854,9,3974,ORD096386,96386,3614,4,2,1,New Customers
CUST4855,13,6165,ORD096239,96239,3761,4,4,3,Loyal
CUST4856,8,4033,ORD097003,97003,2997,4,1,1,New Customers
CUST4857,11,5856,ORD084125,84125,15875,1,3,3,At Risk
CUST4858,9,5907,ORD099773,99773,227,5,2,3,New Customers
CUST4859,13,7532,ORD075381,75381,24619,1,4,4,At Risk
CUST4860,16,9031,ORD090793,90793,9207,2,5,5,At Risk
CUST4861,10,6963,ORD096980,96980,3020,4,2,3,New Customers
CUST4862,7,5910,ORD088894,88894,11106,2,1,3,Hibernating
CUST4863,13,9863,ORD097475,97475,2525,4,4,5,Champions
CUST4864,7,4277,ORD094657,94657,5343,3,1,1,Promising
CUST4865,16,9900,ORD099986,99986,14,5,5,5,Champions
CUST4866,10,4435,ORD099392,99392,608,5,2,1,New Customers
CUST4867,10,5419,ORD087210,87210,12790,2,2,2,Promising
CUST4868,9,6511,ORD099008,99008,992,5,2,3,New Customers
CUST4869,15,10252,ORD093190,93190,6810,3,5,5,Loyal
CUST4870,14,10223,ORD081576,81576,18424,1,5,5,At Risk
CUST4871,12,6897,ORD073571,73571,26429,1,4,3,At Risk
CUST4872,13,5771,ORD095215,95215,4785,3,4,3,Loyal
CUST4873,9,4556,ORD080686,80686,19314,1,2,2,Promising
CUST4874,12,5628,ORD096699,96699,3301,4,4,2,Loyal
CUST4875,7,3143,ORD094166,94166,5834,3,1,1,Promising
CUST4876,8,5468,ORD092688,92688,7312,3,1,2,Promising
CUST4877,5,3385,ORD073258,73258,26742,1,1,1,Lost
CUST4878,16,8373,ORD092658,92658,7342,3,5,4,Loyal
CUST4879,10,6433,ORD097944,97944,2056,4,2,3,New Customers
CUST4880,7,4462,ORD097267,97267,2733,4,1,1,New Customers
CUST4881,10,4362,ORD093218,93218,6782,3,2,1,Promising
CUST4882,9,5468,ORD097922,97922,2078,4,2,2,New Customers
CUST4883,11,6671,ORD089773,89773,10227,2,3,3,At Risk
CUST4884,7,3992,ORD098375,98375,1625,5,1,1,New Customers
CUST4885,8,6097,ORD068088,68088,31912,1,1,3,Hibernating
CUST4886,11,4540,ORD098560,98560,1440,5,3,2,Loyal
CUST4887,5,3350,ORD076885,76885,23115,1,1,1,Lost
CUST4888,6,3031,ORD086249,86249,13751,2,1,1,Promising
CUST4889,10,4713,ORD099317,99317,683,5,2,2,New Customers
CUST4890,9,5776,ORD083160,83160,16840,1,2,3,Hibernating
CUST4891,5,3044,ORD072124,72124,27876,1,1,1,Lost
CUST4892,15,11981,ORD091828,91828,8172,3,5,5,Loyal
CUST4893,15,10056,ORD083205,83205,16795,1,5,5,At Risk
CUST4894,5,3933,ORD058164,58164,41836,1,1,1,Lost
CUST4895,12,5698,ORD099963,99963,37,5,4,2,Loyal
CUST4896,5,2753,ORD081650,81650,18350,1,1,1,Lost
CUST4897,12,6973,ORD094453,94453,5547,3,4,3,Loyal
CUST4898,8,3748,ORD094747,94747,5253,3,1,1,Promising
CUST4899,7,5150,ORD099313,99313,687,5,1,2,New Customers
CUST4900,8,4521,ORD095342,95342,4658,4,1,2,New Customers
CUST4901,8,2497,ORD091565,91565,8435,2,1,1,Promising
CUST4902,13,8015,ORD098381,98381,1619,5,4,4,Champions
CUST4903,14,9314,ORD095667,95667,4333,4,5,5,Champions
CUST4904,8,6662,ORD087911,87911,12089,2,1,3,Hibernating
CUST4905,11,4181,ORD093085,93085,6915,3,3,1,Loyal
CUST4906,9,4420,ORD098323,98323,1677,5,2,1,New Customers
CUST4907,9,5069,ORD095872,95872,4128,4,2,2,New Customers
CUST4908,14,6911,ORD092600,92600,7400,3,5,3,Loyal
CUST4909,16,7188,ORD098710,98710,1290,5,5,4,Champions
CUST4910,10,3699,ORD096842,96842,3158,4,2,1,New Customers
CUST4911,11,5270,ORD096504,96504,3496,4,3,2,Loyal
CUST4912,15,11816,ORD099581,99581,419,5,5,5,Champions
CUST4913,9,4836,ORD099639,99639,361,5,2,2,New Customers
CUST4914,7,2778,ORD097446,97446,2554,4,1,1,New Customers
CUST4915,11,6985,ORD097120,97120,2880,4,3,3,Loyal
CUST4916,11,5631,ORD096365,96365,3635,4,3,2,Loyal
CUST4917,5,3957,ORD085481,85481,14519,2,1,1,Promising
CUST4918,11,6177,ORD082896,82896,17104,1,3,3,At Risk
CUST4919,13,8292,ORD095881,95881,4119,4,4,4,Champions
CUST4920,18,12978,ORD098691,98691,1309,5,5,5,Champions
CUST4921,14,9507,ORD099863,99863,137,5,5,5,Champions
CUST4922,10,4972,ORD096900,96900,3100,4,2,2,New Customers
CUST4923,7,3060,ORD094720,94720,5280,3,1,1,Promising
CUST4924,12,4851,ORD096301,96301,3699,4,4,2,Loyal
CUST4925,12,5355,ORD098958,98958,1042,5,4,2,Loyal
CUST4926,7,4261,ORD095697,95697,4303,4,1,1,New Customers
CUST4927,15,7503,ORD094925,94925,5075,3,5,4,Loyal
CUST4928,8,4199,ORD095544,95544,4456,4,1,1,New Customers
CUST4929,11,4426,ORD072245,72245,27755,1,3,1,At Risk
CUST4930,9,5004,ORD077161,77161,22839,1,2,2,Promising
CUST4931,9,5893,ORD093240,93240,6760,3,2,3,Potential Loyalists
CUST4932,9,3918,ORD059700,59700,40300,1,2,1,Promising
CUST4933,11,7089,ORD096055,96055,3945,4,3,4,Loyal
CUST4934,10,4588,ORD093557,93557,6443,3,2,2,Promising
CUST4935,7,4403,ORD072131,72131,27869,1,1,1,Lost
CUST4936,10,7940,ORD090057,90057,9943,2,2,4,Hibernating
CUST4937,17,12315,ORD099671,99671,329,5,5,5,Champions
CUST4938,15,9437,ORD091199,91199,8801,2,5,5,At Risk
CUST4939,7,2949,ORD091840,91840,8160,3,1,1,Promising
CUST4940,13,8122,ORD099308,99308,692,5,4,4,Champions
CUST4941,12,8374,ORD089867,89867,10133,2,4,4,At Risk
CUST4942,10,8101,ORD093438,93438,6562,3,2,4,Potential Loyalists
CUST4943,11,6483,ORD098664,98664,1336,5,3,3,Loyal
CUST4944,10,5998,ORD095806,95806,4194,4,2,3,New Customers
CUST4945,6,3213,ORD092809,92809,7191,3,1,1,Promising
CUST4946,11,8635,ORD083535,83535,16465,1,3,5,At Risk
CUST4947,10,6297,ORD097683,97683,2317,4,2,3,New Customers
CUST4948,12,4966,ORD079556,79556,20444,1,4,2,At Risk
CUST4949,9,4653,ORD092430,92430,7570,3,2,2,Promising
CUST4950,15,7762,ORD096018,96018,3982,4,5,4,Champions
CUST4951,15,10982,ORD099514,99514,486,5,5,5,Champions
CUST4952,5,2526,ORD095219,95219,4781,3,1,1,Promising
CUST4953,15,7376,ORD095238,95238,4762,3,5,4,Loyal
CUST4954,10,5811,ORD090803,90803,9197,2,2,3,Hibernating
CUST4955,16,9604,ORD090433,90433,9567,2,5,5,At Risk
CUST4956,5,4375,ORD090275,90275,9725,2,1,1,Promising
CUST4957,7,4011,ORD087764,87764,12236,2,1,1,Promising
CUST4958,7,4398,ORD099758,99758,242,5,1,1,New Customers
CUST4959,3,3352,ORD064962,64962,35038,1,1,1,Lost
CUST4960,8,3967,ORD092092,92092,7908,3,1,1,Promising
CUST4961,16,6498,ORD099215,99215,785,5,5,3,Loyal
CUST4962,9,4511,ORD097571,97571,2429,4,2,2,New Customers
CUST4963,15,10222,ORD098139,98139,1861,5,5,5,Champions
CUST4964,13,8326,ORD094692,94692,5308,3,4,4,Loyal
CUST4965,12,5765,ORD099562,99562,438,5,4,3,Loyal
CUST4966,12,6405,ORD095075,95075,4925,3,4,3,Loyal
CUST4967,8,3951,ORD069944,69944,30056,1,1,1,Lost
CUST4968,17,7385,ORD096088,96088,3912,4,5,4,Champions
CUST4969,11,4996,ORD087146,87146,12854,2,3,2,At Risk
CUST4970,19,12868,ORD097833,97833,2167,4,5,5,Champions
CUST4971,16,7792,ORD091598,91598,8402,2,5,4,At Risk
CUST4972,10,7539,ORD096513,96513,3487,4,2,4,New Customers
CUST4973,17,10807,ORD097233,97233,2767,4,5,5,Champions
CUST4974,9,5593,ORD095613,95613,4387,4,2,2,New Customers
CUST4975,7,3768,ORD098576,98576,1424,5,1,1,New Customers
CUST4976,12,6369,ORD099432,99432,568,5,4,3,Loyal
CUST4977,18,8888,ORD099396,99396,604,5,5,5,Champions
CUST4978,7,4716,ORD079095,79095,20905,1,1,2,Lost
CUST4979,6,5091,ORD086584,86584,13416,2,1,2,Promising
CUST4980,10,9118,ORD097582,97582,2418,4,2,5,New Customers
CUST4981,11,5287,ORD095457,95457,4543,4,3,2,Loyal
CUST4982,10,5851,ORD071039,71039,28961,1,2,3,Hibernating
CUST4983,10,4171,ORD098821,98821,1179,5,2,1,New Customers
CUST4984,8,4569,ORD080929,80929,19071,1,1,2,Lost
CUST4985,12,8270,ORD096374,96374,3626,4,4,4,Champions
CUST4986,11,5978,ORD095424,95424,4576,4,3,3,Loyal
CUST4987,9,7195,ORD090899,90899,9101,2,2,4,Hibernating
CUST4988,4,2873,ORD094828,94828,5172,3,1,1,Promising
CUST4989,11,6825,ORD096136,96136,3864,4,3,3,Loyal
CUST4990,7,3416,ORD095130,95130,4870,3,1,1,Promising
CUST4991,12,5721,ORD094889,94889,5111,3,4,2,Loyal
CUST4992,15,9251,ORD096941,96941,3059,4,5,5,Champions
CUST4993,9,4518,ORD082160,82160,17840,1,2,2,Promising
CUST4994,16,9508,ORD097767,97767,2233,4,5,5,Champions
CUST4995,12,9030,ORD078193,78193,21807,1,4,5,At Risk
CUST4996,5,4071,ORD096483,96483,3517,4,1,1,New Customers
CUST4997,18,12459,ORD090633,90633,9367,2,5,5,At Risk
CUST4998,8,2695,ORD094670,94670,5330,3,1,1,Promising
CUST4999,8,4527,ORD075732,75732,24268,1,1,2,Lost
CUST5000,9,5246,ORD096671,96671,3329,4,2,2,New Customers
CUST5001,16,7550,ORD099853,99853,147,5,5,4,Champions
CUST5002,15,9715,ORD088701,88701,11299,2,5,5,At Risk
CUST5003,7,2577,ORD083731,83731,16269,1,1,1,Lost
CUST5004,10,5518,ORD072936,72936,27064,1,2,2,Promising
CUST5005,11,8550,ORD097765,97765,2235,4,3,4,Loyal
CUST5006,13,8786,ORD095210,95210,4790,3,4,5,Loyal
CUST5007,9,5934,ORD098388,98388,1612,5,2,3,New Customers
CUST5008,13,8547,ORD096610,96610,3390,4,4,4,Champions
CUST5009,22,14712,ORD082655,82655,17345,1,5,5,At Risk
CUST5010,4,3804,ORD085870,85870,14130,2,1,1,Promising
CUST5011,18,9199,ORD094361,94361,5639,3,5,5,Loyal
CUST5012,9,7835,ORD088154,88154,11846,2,2,4,Hibernating
CUST5013,11,5021,ORD095745,95745,4255,4,3,2,Loyal
CUST5014,11,5359,ORD087934,87934,12066,2,3,2,At Risk
CUST5015,10,5663,ORD078600,78600,21400,1,2,2,Promising
CUST5016,7,1713,ORD084293,84293,15707,1,1,1,Lost
CUST5017,11,6853,ORD095914,95914,4086,4,3,3,Loyal
CUST5018,10,4450,ORD096785,96785,3215,4,2,1,New Customers
CUST5019,13,8441,ORD082392,82392,17608,1,4,4,At Risk
CUST5020,15,10710,ORD093339,93339,6661,3,5,5,Loyal
CUST5021,9,4494,ORD096874,96874,3126,4,2,2,New Customers
CUST5022,11,7832,ORD086526,86526,13474,2,3,4,At Risk
CUST5023,12,5723,ORD095894,95894,4106,4,4,2,Loyal
CUST5024,13,7954,ORD090317,90317,9683,2,4,4,At Risk
CUST5025,12,8194,ORD096194,96194,3806,4,4,4,Champions
CUST5026,15,6731,ORD084298,84298,15702,1,5,3,At Risk
CUST5027,7,3200,ORD047039,47039,52961,1,1,1,Lost
CUST5028,21,11327,ORD093732,93732,6268,3,5,5,Loyal
CUST5029,14,6379,ORD097329,97329,2671,4,5,3,Loyal
CUST5030,7,3294,ORD097431,97431,2569,4,1,1,New Customers
CUST5031,13,7380,ORD097184,97184,2816,4,4,4,Champions
CUST5032,17,8772,ORD093519,93519,6481,3,5,5,Loyal
CUST5033,13,8392,ORD090413,90413,9587,2,4,4,At Risk
CUST5034,10,4171,ORD072901,72901,27099,1,2,1,Promising
CUST5035,14,11618,ORD099798,99798,202,5,5,5,Champions
CUST5036,16,10429,ORD097612,97612,2388,4,5,5,Champions
CUST5037,13,8072,ORD095058,95058,4942,3,4,4,Loyal
CUST5038,10,3198,ORD096515,96515,3485,4,2,1,New Customers
CUST5039,8,4071,ORD095703,95703,4297,4,1,1,New Customers
CUST5040,13,5645,ORD091055,91055,8945,2,4,2,At Risk
CUST5041,4,2487,ORD057682,57682,42318,1,1,1,Lost
CUST5042,11,4679,ORD098032,98032,1968,5,3,2,Loyal
CUST5043,12,6472,ORD078477,78477,21523,1,4,3,At Risk
CUST5044,8,6471,ORD095757,95757,4243,4,1,3,New Customers
CUST5045,16,11213,ORD092006,92006,7994,3,5,5,Loyal
CUST5046,8,7041,ORD094543,94543,5457,3,1,4,Promising
CUST5047,13,5346,ORD094625,94625,5375,3,4,2,Loyal
CUST5048,4,2228,ORD089684,89684,10316,2,1,1,Promising
CUST5049,11,5559,ORD081419,81419,18581,1,3,2,At Risk
CUST5050,9,4945,ORD077429,77429,22571,1,2,2,Promising
CUST5051,15,8358,ORD090424,90424,9576,2,5,4,At Risk
CUST5052,8,3582,ORD089897,89897,10103,2,1,1,Promising
CUST5053,10,6124,ORD088213,88213,11787,2,2,3,Hibernating
CUST5054,14,9542,ORD087555,87555,12445,2,5,5,At Risk
CUST5055,12,6477,ORD098885,98885,1115,5,4,3,Loyal
CUST5056,9,4432,ORD096657,96657,3343,4,2,1,New Customers
CUST5057,15,6629,ORD097896,97896,2104,4,5,3,Loyal
CUST5058,7,3860,ORD097886,97886,2114,4,1,1,New Customers
CUST5059,15,8240,ORD099550,99550,450,5,5,4,Champions
CUST5060,13,7506,ORD087577,87577,12423,2,4,4,At Risk
CUST5061,7,5017,ORD062310,62310,37690,1,1,2,Lost
CUST5062,7,4062,ORD099575,99575,425,5,1,1,New Customers
CUST5063,7,5241,ORD096732,96732,3268,4,1,2,New Customers
CUST5064,13,7376,ORD093135,93135,6865,3,4,4,Loyal
CUST5065,12,7610,ORD092712,92712,7288,3,4,4,Loyal
CUST5066,14,10390,ORD086231,86231,13769,2,5,5,At Risk
CUST5067,14,8946,ORD091171,91171,8829,2,5,5,At Risk
CUST5068,14,7704,ORD085125,85125,14875,1,5,4,At Risk
CUST5069,5,1206,ORD094436,94436,5564,3,1,1,Promising
CUST5070,11,5177,ORD071652,71652,28348,1,3,2,At Risk
CUST5071,8,6400,ORD092509,92509,7491,3,1,3,Promising
CUST5072,14,5680,ORD091643,91643,8357,2,5,2,At Risk
CUST5073,16,10505,ORD079393,79393,20607,1,5,5,At Risk
CUST5074,12,7872,ORD096694,96694,3306,4,4,4,Champions
CUST5075,12,7764,ORD099718,99718,282,5,4,4,Champions
CUST5076,7,4792,ORD051559,51559,48441,1,1,2,Lost
CUST5077,5,3870,ORD089791,89791,10209,2,1,1,Promising
CUST5078,12,8291,ORD072208,72208,27792,1,4,4,At Risk
CUST5079,16,10179,ORD099664,99664,336,5,5,5,Champions
CUST5080,8,3603,ORD080550,80550,19450,1,1,1,Lost
CUST5081,14,6695,ORD096563,96563,3437,4,5,3,Loyal
CUST5082,14,7417,ORD097742,97742,2258,4,5,4,Champions
CUST5083,10,5105,ORD089749,89749,10251,2,2,2,Promising
CUST5084,11,8765,ORD097985,97985,2015,5,3,5,Loyal
CUST5085,5,3152,ORD072896,72896,27104,1,1,1,Lost
CUST5086,10,4280,ORD088174,88174,11826,2,2,1,Promising
CUST5087,11,8047,ORD096660,96660,3340,4,3,4,Loyal
CUST5088,11,6409,ORD079874,79874,20126,1,3,3,At Risk
CUST5089,14,7749,ORD099592,99592,408,5,5,4,Champions
CUST5090,12,8810,ORD097243,97243,2757,4,4,5,Champions
CUST5091,12,7337,ORD094279,94279,5721,3,4,4,Loyal
CUST5092,11,6300,ORD095600,95600,4400,4,3,3,Loyal
CUST5093,14,9041,ORD086984,86984,13016,2,5,5,At Risk
CUST5094,13,8886,ORD096683,96683,3317,4,4,5,Champions
CUST5095,13,8029,ORD091090,91090,8910,2,4,4,At Risk
CUST5096,16,8128,ORD095053,95053,4947,3,5,4,Loyal
CUST5097,10,6518,ORD093772,93772,6228,3,2,3,Potential Loyalists
CUST5098,15,8665,ORD095157,95157,4843,3,5,5,Loyal
CUST5099,11,6164,ORD088659,88659,11341,2,3,3,At Risk
CUST5100,9,4428,ORD088160,88160,11840,2,2,1,Promising
CUST5101,12,6306,ORD098081,98081,1919,5,4,3,Loyal
CUST5102,14,5056,ORD098685,98685,1315,5,5,2,Loyal
CUST5103,9,7963,ORD099489,99489,511,5,2,4,New Customers
CUST5104,13,6267,ORD091765,91765,8235,3,4,3,Loyal
CUST5105,12,6355,ORD092701,92701,7299,3,4,3,Loyal
CUST5106,11,8582,ORD099047,99047,953,5,3,5,Loyal
CUST5107,11,6222,ORD084907,84907,15093,1,3,3,At Risk
CUST5108,5,1454,ORD071370,71370,28630,1,1,1,Lost
CUST5109,6,2680,ORD083331,83331,16669,1,1,1,Lost
CUST5110,9,6878,ORD097755,97755,2245,4,2,3,New Customers
CUST5111,9,7022,ORD098913,98913,1087,5,2,4,New Customers
CUST5112,12,5395,ORD097011,97011,2989,4,4,2,Loyal
CUST5113,10,4202,ORD096110,96110,3890,4,2,1,New Customers
CUST5114,13,7695,ORD088827,88827,11173,2,4,4,At Risk
CUST5115,14,6448,ORD093082,93082,6918,3,5,3,Loyal
CUST5116,10,7936,ORD096901,96901,3099,4,2,4,New Customers
CUST5117,14,10090,ORD090954,90954,9046,2,5,5,At Risk
CUST5118,16,12941,ORD094802,94802,5198,3,5,5,Loyal
CUST5119,14,6383,ORD098337,98337,1663,5,5,3,Loyal
CUST5120,12,5420,ORD086420,86420,13580,2,4,2,At Risk
CUST5121,7,2931,ORD099715,99715,285,5,1,1,New Customers
CUST5122,12,7401,ORD097640,97640,2360,4,4,4,Champions
CUST5123,9,4282,ORD071014,71014,28986,1,2,1,Promising
CUST5124,5,2442,ORD064557,64557,35443,1,1,1,Lost
CUST5125,14,9597,ORD090055,90055,9945,2,5,5,At Risk
CUST5126,11,6734,ORD098790,98790,1210,5,3,3,Loyal
CUST5127,13,6962,ORD084656,84656,15344,1,4,3,At Risk
CUST5128,10,8491,ORD099501,99501,499,5,2,4,New Customers
CUST5129,15,10127,ORD099766,99766,234,5,5,5,Champions
CUST5130,9,4411,ORD093558,93558,6442,3,2,1,Promising
CUST5131,10,4949,ORD082543,82543,17457,1,2,2,Promising
CUST5132,7,2191,ORD077243,77243,22757,1,1,1,Lost
CUST5133,13,8219,ORD099779,99779,221,5,4,4,Champions
CUST5134,9,6394,ORD078601,78601,21399,1,2,3,Hibernating
CUST5135,14,9385,ORD095599,95599,4401,4,5,5,Champions
CUST5136,9,3223,ORD094120,94120,5880,3,2,1,Promising
CUST5137,13,6429,ORD099152,99152,848,5,4,3,Loyal
CUST5138,6,3105,ORD077364,77364,22636,1,1,1,Lost
CUST5139,10,6064,ORD089425,89425,10575,2,2,3,Hibernating
CUST5140,15,7937,ORD090254,90254,9746,2,5,4,At Risk
CUST5141,10,6941,ORD098531,98531,1469,5,2,3,New Customers
CUST5142,8,4183,ORD095260,95260,4740,3,1,1,Promising
CUST5143,14,10304,ORD095704,95704,4296,4,5,5,Champions
CUST5144,8,6762,ORD090956,90956,9044,2,1,3,Hibernating
CUST5145,6,3656,ORD093911,93911,6089,3,1,1,Promising
CUST5146,13,6891,ORD098891,98891,1109,5,4,3,Loyal
CUST5147,11,7012,ORD086688,86688,13312,2,3,4,At Risk
CUST5148,13,7259,ORD085379,85379,14621,1,4,4,At Risk
CUST5149,8,5931,ORD095572,95572,4428,4,1,3,New Customers
CUST5150,7,5010,ORD084171,84171,15829,1,1,2,Lost
CUST5151,9,5527,ORD086365,86365,13635,2,2,2,Promising
CUST5152,9,3218,ORD088598,88598,11402,2,2,1,Promising
CUST5153,12,6707,ORD095596,95596,4404,4,4,3,Loyal
CUST5154,8,5169,ORD088963,88963,11037,2,1,2,Promising
CUST5155,11,7076,ORD064683,64683,35317,1,3,4,At Risk
CUST5156,4,4682,ORD080496,80496,19504,1,1,2,Lost
CUST5157,14,8212,ORD096267,96267,3733,4,5,4,Champions
CUST5158,7,2645,ORD095784,95784,4216,4,1,1,New Customers
CUST5159,7,5892,ORD095012,95012,4988,3,1,3,Promising
CUST5160,7,4667,ORD097457,97457,2543,4,1,2,New Customers
CUST5161,9,5108,ORD092034,92034,7966,3,2,2,Promising
CUST5162,7,4110,ORD081433,81433,18567,1,1,1,Lost
CUST5163,8,5275,ORD089012,89012,10988,2,1,2,Promising
CUST5164,15,8028,ORD085934,85934,14066,2,5,4,At Risk
CUST5165,10,4505,ORD094565,94565,5435,3,2,2,Promising
CUST5166,17,8205,ORD090504,90504,9496,2,5,4,At Risk
CUST5167,8,4426,ORD098130,98130,1870,5,1,1,New Customers
CUST5168,10,5982,ORD089474,89474,10526,2,2,3,Hibernating
CUST5169,11,7344,ORD079489,79489,20511,1,3,4,At Risk
CUST5170,9,5903,ORD094678,94678,5322,3,2,3,Potential Loyalists
CUST5171,7,3909,ORD088187,88187,11813,2,1,1,Promising
CUST5172,19,12166,ORD099723,99723,277,5,5,5,Champions
CUST5173,20,11044,ORD095530,95530,4470,4,5,5,Champions
CUST5174,14,8622,ORD098624,98624,1376,5,5,5,Champions
CUST5175,10,8607,ORD098803,98803,1197,5,2,5,New Customers
CUST5176,14,7901,ORD082930,82930,17070,1,5,4,At Risk
CUST5177,13,9950,ORD097062,97062,2938,4,4,5,Champions
CUST5178,6,4895,ORD085826,85826,14174,2,1,2,Promising
CUST5179,9,8419,ORD079143,79143,20857,1,2,4,Hibernating
CUST5180,12,6404,ORD093893,93893,6107,3,4,3,Loyal
CUST5181,13,6731,ORD096601,96601,3399,4,4,3,Loyal
CUST5182,17,8819,ORD095785,95785,4215,4,5,5,Champions
CUST5183,15,7408,ORD099869,99869,131,5,5,4,Champions
CUST5184,11,5353,ORD094076,94076,5924,3,3,2,Loyal
CUST5185,15,7619,ORD089320,89320,10680,2,5,4,At Risk
CUST5186,12,6033,ORD095094,95094,4906,3,4,3,Loyal
CUST5187,8,4373,ORD083163,83163,16837,1,1,1,Lost
CUST5188,17,11593,ORD086859,86859,13141,2,5,5,At Risk
CUST5189,10,6924,ORD092896,92896,7104,3,2,3,Potential Loyalists
CUST5190,12,6950,ORD099786,99786,214,5,4,3,Loyal
CUST5191,14,9658,ORD098788,98788,1212,5,5,5,Champions
CUST5192,6,3136,ORD097635,97635,2365,4,1,1,New Customers
CUST5193,13,7685,ORD096396,96396,3604,4,4,4,Champions
CUST5194,12,8645,ORD090336,90336,9664,2,4,5,At Risk
CUST5195,12,6898,ORD092718,92718,7282,3,4,3,Loyal
CUST5196,9,3840,ORD089574,89574,10426,2,2,1,Promising
CUST5197,8,4168,ORD094161,94161,5839,3,1,1,Promising
CUST5198,8,3873,ORD096245,96245,3755,4,1,1,New Customers
CUST5199,10,6910,ORD099433,99433,567,5,2,3,New Customers
CUST5200,8,4979,ORD094376,94376,5624,3,1,2,Promising
CUST5201,13,9769,ORD097392,97392,2608,4,4,5,Champions
CUST5202,4,3352,ORD094238,94238,5762,3,1,1,Promising
CUST5203,9,6225,ORD075449,75449,24551,1,2,3,Hibernating
CUST5204,6,3618,ORD093610,93610,6390,3,1,1,Promising
CUST5205,14,7864,ORD099587,99587,413,5,5,4,Champions
CUST5206,13,9520,ORD099603,99603,397,5,4,5,Champions
CUST5207,11,4747,ORD099417,99417,583,5,3,2,Loyal
CUST5208,12,7891,ORD095809,95809,4191,4,4,4,Champions
CUST5209,13,6175,ORD097238,97238,2762,4,4,3,Loyal
CUST5210,6,6110,ORD075333,75333,24667,1,1,3,Hibernating
CUST5211,11,5748,ORD099555,99555,445,5,3,2,Loyal
CUST5212,13,10061,ORD096448,96448,3552,4,4,5,Champions
CUST5213,14,9501,ORD099462,99462,538,5,5,5,Champions
CUST5214,12,8236,ORD080900,80900,19100,1,4,4,At Risk
CUST5215,16,8008,ORD097145,97145,2855,4,5,4,Champions
CUST5216,18,7296,ORD080751,80751,19249,1,5,4,At Risk
CUST5217,12,6576,ORD096752,96752,3248,4,4,3,Loyal
CUST5218,8,5203,ORD080327,80327,19673,1,1,2,Lost
CUST5219,7,2653,ORD093468,93468,6532,3,1,1,Promising
CUST5220,8,6234,ORD095426,95426,4574,4,1,3,New Customers
CUST5221,12,5679,ORD096133,96133,3867,4,4,2,Loyal
CUST5222,8,5957,ORD094122,94122,5878,3,1,3,Promising
CUST5223,9,5983,ORD099032,99032,968,5,2,3,New Customers
CUST5224,18,9764,ORD064124,64124,35876,1,5,5,At Risk
CUST5225,13,5979,ORD099247,99247,753,5,4,3,Loyal
CUST5226,7,6514,ORD099363,99363,637,5,1,3,New Customers
CUST5227,11,5476,ORD092373,92373,7627,3,3,2,Loyal
CUST5228,7,2090,ORD072424,72424,27576,1,1,1,Lost
CUST5229,14,7477,ORD098747,98747,1253,5,5,4,Champions
CUST5230,19,11739,ORD098219,98219,1781,5,5,5,Champions
CUST5231,14,8961,ORD092860,92860,7140,3,5,5,Loyal
CUST5232,10,7348,ORD094160,94160,5840,3,2,4,Potential Loyalists
CUST5233,10,6723,ORD087576,87576,12424,2,2,3,Hibernating
CUST5234,7,3411,ORD063970,63970,36030,1,1,1,Lost
CUST5235,12,5254,ORD097691,97691,2309,4,4,2,Loyal
CUST5236,8,4343,ORD094201,94201,5799,3,1,1,Promising
CUST5237,18,11547,ORD093627,93627,6373,3,5,5,Loyal
CUST5238,13,8577,ORD089440,89440,10560,2,4,5,At Risk
CUST5239,9,9077,ORD089947,89947,10053,2,2,5,Hibernating
CUST5240,7,5464,ORD094137,94137,5863,3,1,2,Promising
CUST5241,11,5644,ORD098611,98611,1389,5,3,2,Loyal
CUST5242,2,764,ORD042714,42714,57286,1,1,1,Lost
CUST5243,12,6243,ORD095482,95482,4518,4,4,3,Loyal
CUST5244,12,5339,ORD096974,96974,3026,4,4,2,Loyal
CUST5245,6,4368,ORD097004,97004,2996,4,1,1,New Customers
CUST5246,10,4778,ORD089064,89064,10936,2,2,2,Promising
CUST5247,8,5418,ORD072932,72932,27068,1,1,2,Lost
CUST5248,3,3315,ORD088548,88548,11452,2,1,1,Promising
CUST5249,9,5103,ORD090736,90736,9264,2,2,2,Promising
CUST5250,12,6979,ORD091715,91715,8285,2,4,3,At Risk
CUST5251,8,4815,ORD099984,99984,16,5,1,2,New Customers
CUST5252,22,11791,ORD097277,97277,2723,4,5,5,Champions
CUST5253,11,4381,ORD064673,64673,35327,1,3,1,At Risk
CUST5254,17,8722,ORD095528,95528,4472,4,5,5,Champions
CUST5255,11,6403,ORD097694,97694,2306,4,3,3,Loyal
CUST5256,14,11481,ORD099799,99799,201,5,5,5,Champions
CUST5257,7,3142,ORD095669,95669,4331,4,1,1,New Customers
CUST5258,10,5528,ORD099808,99808,192,5,2,2,New Customers
CUST5259,13,9071,ORD094176,94176,5824,3,4,5,Loyal
CUST5260,12,7847,ORD092872,92872,7128,3,4,4,Loyal
CUST5261,8,5778,ORD085799,85799,14201,2,1,3,Hibernating
CUST5262,14,5769,ORD088059,88059,11941,2,5,3,At Risk
CUST5263,12,6045,ORD082657,82657,17343,1,4,3,At Risk
CUST5264,14,7464,ORD095803,95803,4197,4,5,4,Champions
CUST5265,13,9368,ORD094857,94857,5143,3,4,5,Loyal
CUST5266,13,6849,ORD081129,81129,18871,1,4,3,At Risk
CUST5267,11,8895,ORD091674,91674,8326,2,3,5,At Risk
CUST5268,7,3484,ORD098522,98522,1478,5,1,1,New Customers
CUST5269,9,7089,ORD093634,93634,6366,3,2,4,Potential Loyalists
CUST5270,12,7008,ORD060207,60207,39793,1,4,4,At Risk
CUST5271,17,12077,ORD089755,89755,10245,2,5,5,At Risk
CUST5272,12,8267,ORD084965,84965,15035,1,4,4,At Risk
CUST5273,13,6506,ORD083447,83447,16553,1,4,3,At Risk
CUST5274,10,5147,ORD088239,88239,11761,2,2,2,Promising
CUST5275,14,8895,ORD094129,94129,5871,3,5,5,Loyal
CUST5276,15,8251,ORD099346,99346,654,5,5,4,Champions
CUST5277,15,9893,ORD099633,99633,367,5,5,5,Champions
CUST5278,15,5709,ORD086331,86331,13669,2,5,2,At Risk
CUST5279,9,4092,ORD080211,80211,19789,1,2,1,Promising
CUST5280,13,8948,ORD084242,84242,15758,1,4,5,At Risk
CUST5281,7,3442,ORD097858,97858,2142,4,1,1,New Customers
CUST5282,4,3143,ORD085145,85145,14855,1,1,1,Lost
CUST5283,5,3815,ORD072465,72465,27535,1,1,1,Lost
CUST5284,9,3464,ORD089905,89905,10095,2,2,1,Promising
CUST5285,14,6294,ORD093697,93697,6303,3,5,3,Loyal
CUST5286,13,9351,ORD095306,95306,4694,3,4,5,Loyal
CUST5287,15,8548,ORD089021,89021,10979,2,5,4,At Risk
CUST5288,14,6457,ORD089432,89432,10568,2,5,3,At Risk
CUST5289,19,10478,ORD096493,96493,3507,4,5,5,Champions
CUST5290,12,6204,ORD093957,93957,6043,3,4,3,Loyal
CUST5291,11,3893,ORD091517,91517,8483,2,3,1,At Risk
CUST5292,12,6109,ORD093148,93148,6852,3,4,3,Loyal
CUST5293,9,4855,ORD087081,87081,12919,2,2,2,Promising
CUST5294,12,8335,ORD086546,86546,13454,2,4,4,At Risk
CUST5295,12,8886,ORD098689,98689,1311,5,4,5,Champions
CUST5296,8,4111,ORD080068,80068,19932,1,1,1,Lost
CUST5297,9,6311,ORD098669,98669,1331,5,2,3,New Customers
CUST5298,16,8785,ORD099197,99197,803,5,5,5,Champions
CUST5299,13,7228,ORD099883,99883,117,5,4,4,Champions
CUST5300,11,7495,ORD081162,81162,18838,1,3,4,At Risk
CUST5301,10,3880,ORD087410,87410,12590,2,2,1,Promising
CUST5302,5,4254,ORD076356,76356,23644,1,1,1,Lost
CUST5303,12,5727,ORD088986,88986,11014,2,4,2,At Risk
CUST5304,11,6332,ORD088277,88277,11723,2,3,3,At Risk
CUST5305,15,6425,ORD099994,99994,6,5,5,3,Loyal
CUST5306,18,11236,ORD099096,99096,904,5,5,5,Champions
CUST5307,10,5256,ORD094848,94848,5152,3,2,2,Promising
CUST5308,8,7930,ORD077900,77900,22100,1,1,4,Hibernating
CUST5309,11,4581,ORD094087,94087,5913,3,3,2,Loyal
CUST5310,15,5825,ORD099415,99415,585,5,5,3,Loyal
CUST5311,11,8579,ORD094254,94254,5746,3,3,5,Loyal
CUST5312,5,1295,ORD083300,83300,16700,1,1,1,Lost
CUST5313,11,6269,ORD088880,88880,11120,2,3,3,At Risk
CUST5314,10,5114,ORD096818,96818,3182,4,2,2,New Customers
CUST5315,15,8558,ORD098756,98756,1244,5,5,4,Champions
CUST5316,9,6246,ORD097932,97932,2068,4,2,3,New Customers
CUST5317,16,10188,ORD079351,79351,20649,1,5,5,At Risk
CUST5318,12,7185,ORD097519,97519,2481,4,4,4,Champions
CUST5319,12,7314,ORD085710,85710,14290,2,4,4,At Risk
CUST5320,11,6462,ORD086129,86129,13871,2,3,3,At Risk
CUST5321,6,2243,ORD071921,71921,28079,1,1,1,Lost
CUST5322,13,8425,ORD099278,99278,722,5,4,4,Champions
CUST5323,11,7431,ORD088346,88346,11654,2,3,4,At Risk
CUST5324,15,10354,ORD099996,99996,4,5,5,5,Champions
CUST5325,9,7206,ORD077652,77652,22348,1,2,4,Hibernating
CUST5326,11,5167,ORD098763,98763,1237,5,3,2,Loyal
CUST5327,10,5067,ORD092478,92478,7522,3,2,2,Promising
CUST5328,13,9299,ORD098605,98605,1395,5,4,5,Champions
CUST5329,11,4512,ORD092976,92976,7024,3,3,2,Loyal
CUST5330,7,6113,ORD096441,96441,3559,4,1,3,New Customers
CUST5331,9,5441,ORD088218,88218,11782,2,2,2,Promising
CUST5332,7,3575,ORD092022,92022,7978,3,1,1,Promising
CUST5333,20,14601,ORD095754,95754,4246,4,5,5,Champions
CUST5334,9,4920,ORD096800,96800,3200,4,2,2,New Customers
CUST5335,13,8648,ORD088385,88385,11615,2,4,5,At Risk
CUST5336,12,7779,ORD099365,99365,635,5,4,4,Champions
CUST5337,11,5657,ORD099479,99479,521,5,3,2,Loyal
CUST5338,15,10574,ORD091265,91265,8735,2,5,5,At Risk
CUST5339,11,5905,ORD099079,99079,921,5,3,3,Loyal
CUST5340,6,3205,ORD095720,95720,4280,4,1,1,New Customers
CUST5341,10,5622,ORD087611,87611,12389,2,2,2,Promising
CUST5342,15,7347,ORD095901,95901,4099,4,5,4,Champions
CUST5343,6,3486,ORD089137,89137,10863,2,1,1,Promising
CUST5344,13,6841,ORD082761,82761,17239,1,4,3,At Risk
CUST5345,15,6271,ORD089782,89782,10218,2,5,3,At Risk
CUST5346,13,7770,ORD092916,92916,7084,3,4,4,Loyal
CUST5347,14,7759,ORD098897,98897,1103,5,5,4,Champions
CUST5348,6,2198,ORD099952,99952,48,5,1,1,New Customers
CUST5349,9,5771,ORD099170,99170,830,5,2,3,New Customers
CUST5350,16,8735,ORD085787,85787,14213,2,5,5,At Risk
CUST5351,11,5177,ORD086346,86346,13654,2,3,2,At Risk
CUST5352,14,9853,ORD099395,99395,605,5,5,5,Champions
CUST5353,7,3888,ORD089419,89419,10581,2,1,1,Promising
CUST5354,9,3991,ORD076644,76644,23356,1,2,1,Promising
CUST5355,11,6217,ORD088324,88324,11676,2,3,3,At Risk
CUST5356,14,7396,ORD099545,99545,455,5,5,4,Champions
CUST5357,10,7694,ORD088171,88171,11829,2,2,4,Hibernating
CUST5358,14,7220,ORD095915,95915,4085,4,5,4,Champions
CUST5359,7,6527,ORD063519,63519,36481,1,1,3,Hibernating
CUST5360,12,6129,ORD085220,85220,14780,1,4,3,At Risk
CUST5361,5,3474,ORD069347,69347,30653,1,1,1,Lost
CUST5362,14,6077,ORD097346,97346,2654,4,5,3,Loyal
CUST5363,8,5879,ORD092511,92511,7489,3,1,3,Promising
CUST5364,8,3384,ORD086562,86562,13438,2,1,1,Promising
CUST5365,6,4057,ORD089975,89975,10025,2,1,1,Promising
CUST5366,12,5879,ORD076980,76980,23020,1,4,3,At Risk
CUST5367,12,5513,ORD087320,87320,12680,2,4,2,At Risk
CUST5368,10,5753,ORD093866,93866,6134,3,2,2,Promising
CUST5369,13,7211,ORD095175,95175,4825,3,4,4,Loyal
CUST5370,13,7525,ORD089005,89005,10995,2,4,4,At Risk
CUST5371,8,4458,ORD097100,97100,2900,4,1,1,New Customers
CUST5372,6,4791,ORD083052,83052,16948,1,1,2,Lost
CUST5373,14,6648,ORD097511,97511,2489,4,5,3,Loyal
CUST5374,14,6828,ORD089920,89920,10080,2,5,3,At Risk
CUST5375,16,9400,ORD096542,96542,3458,4,5,5,Champions
CUST5376,10,5184,ORD092732,92732,7268,3,2,2,Promising
CUST5377,6,3357,ORD095664,95664,4336,4,1,1,New Customers
CUST5378,9,5480,ORD099367,99367,633,5,2,2,New Customers
CUST5379,15,11567,ORD096436,96436,3564,4,5,5,Champions
CUST5380,12,7629,ORD091385,91385,8615,2,4,4,At Risk
CUST5381,3,1756,ORD095648,95648,4352,4,1,1,New Customers
CUST5382,18,12320,ORD099066,99066,934,5,5,5,Champions
CUST5383,6,2731,ORD092514,92514,7486,3,1,1,Promising
CUST5384,9,7209,ORD099148,99148,852,5,2,4,New Customers
CUST5385,12,7744,ORD096100,96100,3900,4,4,4,Champions
CUST5386,18,15467,ORD099435,99435,565,5,5,5,Champions
CUST5387,17,10928,ORD095246,95246,4754,3,5,5,Loyal
CUST5388,11,6019,ORD093444,93444,6556,3,3,3,Loyal
CUST5389,15,8828,ORD097894,97894,2106,4,5,5,Champions
CUST5390,13,7074,ORD094295,94295,5705,3,4,4,Loyal
CUST5391,11,7241,ORD096745,96745,3255,4,3,4,Loyal
CUST5392,12,6309,ORD093183,93183,6817,3,4,3,Loyal
CUST5393,10,5790,ORD096202,96202,3798,4,2,3,New Customers
CUST5394,12,7815,ORD095839,95839,4161,4,4,4,Champions
CUST5395,10,5322,ORD097478,97478,2522,4,2,2,New Customers
CUST5396,8,4741,ORD097860,97860,2140,4,1,2,New Customers
CUST5397,13,6931,ORD099207,99207,793,5,4,3,Loyal
CUST5398,8,6091,ORD091734,91734,8266,2,1,3,Hibernating
CUST5399,13,6644,ORD096645,96645,3355,4,4,3,Loyal
CUST5400,13,6355,ORD098647,98647,1353,5,4,3,Loyal
CUST5401,17,11955,ORD099891,99891,109,5,5,5,Champions
CUST5402,10,4734,ORD093665,93665,6335,3,2,2,Promising
CUST5403,13,7970,ORD089914,89914,10086,2,4,4,At Risk
CUST5404,9,6254,ORD094821,94821,5179,3,2,3,Potential Loyalists
CUST5405,11,3340,ORD087557,87557,12443,2,3,1,At Risk
CUST5406,6,2326,ORD088204,88204,11796,2,1,1,Promising
CUST5407,12,6955,ORD091667,91667,8333,2,4,3,At Risk
CUST5408,12,8948,ORD098211,98211,1789,5,4,5,Champions
CUST5409,13,10429,ORD095150,95150,4850,3,4,5,Loyal
CUST5410,12,6756,ORD086283,86283,13717,2,4,3,At Risk
CUST5411,7,3528,ORD092444,92444,7556,3,1,1,Promising
CUST5412,12,4390,ORD074924,74924,25076,1,4,1,At Risk
CUST5413,19,10762,ORD096187,96187,3813,4,5,5,Champions
CUST5414,14,7190,ORD091981,91981,8019,3,5,4,Loyal
CUST5415,9,4428,ORD088869,88869,11131,2,2,1,Promising
CUST5416,12,7421,ORD097364,97364,2636,4,4,4,Champions
CUST5417,11,5475,ORD093731,93731,6269,3,3,2,Loyal
CUST5418,6,3042,ORD049183,49183,50817,1,1,1,Lost
CUST5419,12,6899,ORD093599,93599,6401,3,4,3,Loyal
CUST5420,9,3709,ORD091052,91052,8948,2,2,1,Promising
CUST5421,12,7486,ORD090153,90153,9847,2,4,4,At Risk
CUST5422,9,6085,ORD077499,77499,22501,1,2,3,Hibernating
CUST5423,10,7570,ORD099387,99387,613,5,2,4,New Customers
CUST5424,8,3903,ORD098475,98475,1525,5,1,1,New Customers
CUST5425,18,9581,ORD096728,96728,3272,4,5,5,Champions
CUST5426,9,4763,ORD091073,91073,8927,2,2,2,Promising
CUST5427,5,1787,ORD062543,62543,37457,1,1,1,Lost
CUST5428,16,7235,ORD099748,99748,252,5,5,4,Champions
CUST5429,15,8450,ORD098713,98713,1287,5,5,4,Champions
CUST5430,13,9826,ORD096621,96621,3379,4,4,5,Champions
CUST5431,13,8262,ORD097596,97596,2404,4,4,4,Champions
CUST5432,8,4358,ORD093123,93123,6877,3,1,1,Promising
CUST5433,15,8372,ORD097082,97082,2918,4,5,4,Champions
CUST5434,7,4091,ORD088958,88958,11042,2,1,1,Promising
CUST5435,13,7452,ORD099739,99739,261,5,4,4,Champions
CUST5436,6,4080,ORD098661,98661,1339,5,1,1,New Customers
CUST5437,15,6654,ORD096517,96517,3483,4,5,3,Loyal
CUST5438,12,8263,ORD068451,68451,31549,1,4,4,At Risk
CUST5439,7,2449,ORD054822,54822,45178,1,1,1,Lost
CUST5440,14,5727,ORD098306,98306,1694,5,5,2,Loyal
CUST5441,20,14336,ORD091713,91713,8287,2,5,5,At Risk
CUST5442,9,4560,ORD090354,90354,9646,2,2,2,Promising
CUST5443,10,6225,ORD099260,99260,740,5,2,3,New Customers
CUST5444,11,6706,ORD090676,90676,9324,2,3,3,At Risk
CUST5445,10,5795,ORD098910,98910,1090,5,2,3,New Customers
CUST5446,11,5690,ORD098198,98198,1802,5,3,2,Loyal
CUST5447,13,7709,ORD084062,84062,15938,1,4,4,At Risk
CUST5448,14,7405,ORD095523,95523,4477,4,5,4,Champions
CUST5449,18,8106,ORD096214,96214,3786,4,5,4,Champions
CUST5450,6,3129,ORD083113,83113,16887,1,1,1,Lost
CUST5451,17,13487,ORD097981,97981,2019,5,5,5,Champions
CUST5452,9,4567,ORD097195,97195,2805,4,2,2,New Customers
CUST5453,17,11007,ORD098865,98865,1135,5,5,5,Champions
CUST5454,14,9375,ORD093694,93694,6306,3,5,5,Loyal
CUST5455,7,2050,ORD086338,86338,13662,2,1,1,Promising
CUST5456,10,6103,ORD080125,80125,19875,1,2,3,Hibernating
CUST5457,5,1935,ORD092148,92148,7852,3,1,1,Promising
CUST5458,17,8353,ORD090921,90921,9079,2,5,4,At Risk
CUST5459,10,7787,ORD090708,90708,9292,2,2,4,Hibernating
CUST5460,4,3311,ORD099827,99827,173,5,1,1,New Customers
CUST5461,9,4910,ORD089960,89960,10040,2,2,2,Promising
CUST5462,14,9276,ORD098084,98084,1916,5,5,5,Champions
CUST5463,9,3429,ORD092623,92623,7377,3,2,1,Promising
CUST5464,9,6777,ORD098675,98675,1325,5,2,3,New Customers
CUST5465,17,9454,ORD098772,98772,1228,5,5,5,Champions
CUST5466,16,10894,ORD094556,94556,5444,3,5,5,Loyal
CUST5467,14,7641,ORD094368,94368,5632,3,5,4,Loyal
CUST5468,12,7542,ORD097388,97388,2612,4,4,4,Champions
CUST5469,6,2781,ORD094722,94722,5278,3,1,1,Promising
CUST5470,12,8542,ORD091570,91570,8430,2,4,4,At Risk
CUST5471,13,8851,ORD098214,98214,1786,5,4,5,Champions
CUST5472,8,4735,ORD069677,69677,30323,1,1,2,Lost
CUST5473,8,3946,ORD089312,89312,10688,2,1,1,Promising
CUST5474,6,3417,ORD070299,70299,29701,1,1,1,Lost
CUST5475,10,4729,ORD064953,64953,35047,1,2,2,Promising
CUST5476,22,13712,ORD092909,92909,7091,3,5,5,Loyal
CUST5477,5,3928,ORD095955,95955,4045,4,1,1,New Customers
CUST5478,19,11882,ORD091198,91198,8802,2,5,5,At Risk
CUST5479,11,5962,ORD096843,96843,3157,4,3,3,Loyal
CUST5480,13,7366,ORD090859,90859,9141,2,4,4,At Risk
CUST5481,7,4888,ORD093130,93130,6870,3,1,2,Promising
CUST5482,12,6536,ORD095780,95780,4220,4,4,3,Loyal
CUST5483,8,5380,ORD073073,73073,26927,1,1,2,Lost
CUST5484,7,2997,ORD092899,92899,7101,3,1,1,Promising
CUST5485,12,6326,ORD092095,92095,7905,3,4,3,Loyal
CUST5486,11,5197,ORD097319,97319,2681,4,3,2,Loyal
CUST5487,18,10069,ORD092679,92679,7321,3,5,5,Loyal
CUST5488,11,7765,ORD095351,95351,4649,4,3,4,Loyal
CUST5489,8,2902,ORD098360,98360,1640,5,1,1,New Customers
CUST5490,18,10236,ORD096203,96203,3797,4,5,5,Champions
CUST5491,11,7924,ORD089059,89059,10941,2,3,4,At Risk
CUST5492,16,7378,ORD096031,96031,3969,4,5,4,Champions
CUST5493,12,11258,ORD096032,96032,3968,4,4,5,Champions
CUST5494,12,8075,ORD095161,95161,4839,3,4,4,Loyal
CUST5495,5,3253,ORD075877,75877,24123,1,1,1,Lost
CUST5496,14,8895,ORD093000,93000,7000,3,5,5,Loyal
CUST5497,11,5704,ORD092639,92639,7361,3,3,2,Loyal
CUST5498,12,4871,ORD092224,92224,7776,3,4,2,Loyal
CUST5499,13,8217,ORD094336,94336,5664,3,4,4,Loyal
CUST5500,11,5812,ORD089454,89454,10546,2,3,3,At Risk
CUST5501,13,8738,ORD094749,94749,5251,3,4,5,Loyal
CUST5502,10,5640,ORD095510,95510,4490,4,2,2,New Customers
CUST5503,9,4807,ORD098261,98261,1739,5,2,2,New Customers
CUST5504,10,9052,ORD099529,99529,471,5,2,5,New Customers
CUST5505,11,7853,ORD082619,82619,17381,1,3,4,At Risk
CUST5506,16,10013,ORD098810,98810,1190,5,5,5,Champions
CUST5507,11,5524,ORD097522,97522,2478,4,3,2,Loyal
CUST5508,10,4780,ORD090142,90142,9858,2,2,2,Promising
CUST5509,16,7100,ORD098181,98181,1819,5,5,4,Champions
CUST5510,8,4359,ORD091764,91764,8236,3,1,1,Promising
CUST5511,7,5396,ORD095362,95362,4638,4,1,2,New Customers
CUST5512,16,10996,ORD099316,99316,684,5,5,5,Champions
CUST5513,15,6761,ORD095148,95148,4852,3,5,3,Loyal
CUST5514,7,4615,ORD082835,82835,17165,1,1,2,Lost
CUST5515,12,3992,ORD099166,99166,834,5,4,1,Loyal
CUST5516,10,6019,ORD098429,98429,1571,5,2,3,New Customers
CUST5517,5,3800,ORD094490,94490,5510,3,1,1,Promising
CUST5518,13,7528,ORD096152,96152,3848,4,4,4,Champions
CUST5519,12,5711,ORD093571,93571,6429,3,4,2,Loyal
CUST5520,16,7290,ORD091806,91806,8194,3,5,4,Loyal
CUST5521,12,7813,ORD084796,84796,15204,1,4,4,At Risk
CUST5522,13,6550,ORD094861,94861,5139,3,4,3,Loyal
CUST5523,10,6537,ORD091639,91639,8361,2,2,3,Hibernating
CUST5524,11,5952,ORD093841,93841,6159,3,3,3,Loyal
CUST5525,8,3326,ORD099593,99593,407,5,1,1,New Customers
CUST5526,13,8846,ORD091928,91928,8072,3,4,5,Loyal
CUST5527,11,10177,ORD093577,93577,6423,3,3,5,Loyal
CUST5528,5,2983,ORD037599,37599,62401,1,1,1,Lost
CUST5529,16,8082,ORD087011,87011,12989,2,5,4,At Risk
CUST5530,16,9502,ORD097646,97646,2354,4,5,5,Champions
CUST5531,5,3549,ORD095231,95231,4769,3,1,1,Promising
CUST5532,9,3019,ORD098049,98049,1951,5,2,1,New Customers
CUST5533,11,6776,ORD095421,95421,4579,4,3,3,Loyal
CUST5534,8,5707,ORD078735,78735,21265,1,1,2,Lost
CUST5535,7,4906,ORD099850,99850,150,5,1,2,New Customers
CUST5536,6,3333,ORD077534,77534,22466,1,1,1,Lost
CUST5537,6,3414,ORD094390,94390,5610,3,1,1,Promising
CUST5538,10,5801,ORD096899,96899,3101,4,2,3,New Customers
CUST5539,11,5539,ORD097221,97221,2779,4,3,2,Loyal
CUST5540,9,4555,ORD083435,83435,16565,1,2,2,Promising
CUST5541,8,5289,ORD094953,94953,5047,3,1,2,Promising
CUST5542,16,10401,ORD096741,96741,3259,4,5,5,Champions
CUST5543,15,9877,ORD098933,98933,1067,5,5,5,Champions
CUST5544,11,6689,ORD094970,94970,5030,3,3,3,Loyal
CUST5545,12,5865,ORD097857,97857,2143,4,4,3,Loyal
CUST5546,7,5812,ORD093910,93910,6090,3,1,3,Promising
CUST5547,9,5746,ORD096339,96339,3661,4,2,2,New Customers
CUST5548,7,5095,ORD088472,88472,11528,2,1,2,Promising
CUST5549,10,5906,ORD098111,98111,1889,5,2,3,New Customers
CUST5550,16,10447,ORD076911,76911,23089,1,5,5,At Risk
CUST5551,9,3745,ORD084313,84313,15687,1,2,1,Promising
CUST5552,14,5251,ORD097317,97317,2683,4,5,2,Loyal
CUST5553,12,7828,ORD072726,72726,27274,1,4,4,At Risk
CUST5554,16,8915,ORD099010,99010,990,5,5,5,Champions
CUST5555,9,4309,ORD099001,99001,999,5,2,1,New Customers
CUST5556,12,4801,ORD083929,83929,16071,1,4,2,At Risk
CUST5557,10,6513,ORD070956,70956,29044,1,2,3,Hibernating
CUST5558,14,8096,ORD099653,99653,347,5,5,4,Champions
CUST5559,12,7277,ORD079024,79024,20976,1,4,4,At Risk
CUST5560,14,7808,ORD099081,99081,919,5,5,4,Champions
CUST5561,9,2494,ORD092196,92196,7804,3,2,1,Promising
CUST5562,15,9324,ORD099832,99832,168,5,5,5,Champions
CUST5563,17,12185,ORD091243,91243,8757,2,5,5,At Risk
CUST5564,10,8152,ORD093295,93295,6705,3,2,4,Potential Loyalists
CUST5565,13,8862,ORD095731,95731,4269,4,4,5,Champions
CUST5566,14,9818,ORD085680,85680,14320,2,5,5,At Risk
CUST5567,11,9179,ORD099298,99298,702,5,3,5,Loyal
CUST5568,6,3942,ORD079776,79776,20224,1,1,1,Lost
CUST5569,14,8407,ORD082959,82959,17041,1,5,4,At Risk
CUST5570,5,2466,ORD064417,64417,35583,1,1,1,Lost
CUST5571,8,6324,ORD072715,72715,27285,1,1,3,Hibernating
CUST5572,14,8202,ORD095793,95793,4207,4,5,4,Champions
CUST5573,12,6658,ORD087479,87479,12521,2,4,3,At Risk
CUST5574,6,3320,ORD088476,88476,11524,2,1,1,Promising
CUST5575,11,6518,ORD097129,97129,2871,4,3,3,Loyal
CUST5576,14,8838,ORD098418,98418,1582,5,5,5,Champions
CUST5577,7,5228,ORD065413,65413,34587,1,1,2,Lost
CUST5578,17,12641,ORD089927,89927,10073,2,5,5,At Risk
CUST5579,8,6871,ORD052140,52140,47860,1,1,3,Hibernating
CUST5580,11,5419,ORD096085,96085,3915,4,3,2,Loyal
CUST5581,17,8559,ORD091767,91767,8233,3,5,4,Loyal
CUST5582,14,7857,ORD090634,90634,9366,2,5,4,At Risk
CUST5583,16,7457,ORD098682,98682,1318,5,5,4,Champions
CUST5584,16,8679,ORD099337,99337,663,5,5,5,Champions
CUST5585,5,3668,ORD059391,59391,40609,1,1,1,Lost
CUST5586,11,10778,ORD093036,93036,6964,3,3,5,Loyal
CUST5587,13,9029,ORD098530,98530,1470,5,4,5,Champions
CUST5588,8,4018,ORD086030,86030,13970,2,1,1,Promising
CUST5589,14,9755,ORD099345,99345,655,5,5,5,Champions
CUST5590,15,8891,ORD084572,84572,15428,1,5,5,At Risk
CUST5591,8,4543,ORD095369,95369,4631,4,1,2,New Customers
CUST5592,10,5352,ORD090322,90322,9678,2,2,2,Promising
CUST5593,12,5583,ORD099927,99927,73,5,4,2,Loyal
CUST5594,7,3107,ORD081834,81834,18166,1,1,1,Lost
CUST5595,10,4053,ORD098658,98658,1342,5,2,1,New Customers
CUST5596,13,8746,ORD090478,90478,9522,2,4,5,At Risk
CUST5597,14,9813,ORD093960,93960,6040,3,5,5,Loyal
CUST5598,13,6488,ORD088520,88520,11480,2,4,3,At Risk
CUST5599,9,5068,ORD099631,99631,369,5,2,2,New Customers
CUST5600,18,9516,ORD088184,88184,11816,2,5,5,At Risk
CUST5601,11,7558,ORD090609,90609,9391,2,3,4,At Risk
CUST5602,10,5590,ORD094325,94325,5675,3,2,2,Promising
CUST5603,8,4549,ORD098137,98137,1863,5,1,2,New Customers
CUST5604,9,6017,ORD092443,92443,7557,3,2,3,Potential Loyalists
CUST5605,4,1792,ORD091008,91008,8992,2,1,1,Promising
CUST5606,8,4943,ORD088551,88551,11449,2,1,2,Promising
CUST5607,11,7251,ORD093776,93776,6224,3,3,4,Loyal
CUST5608,8,5917,ORD098310,98310,1690,5,1,3,New Customers
CUST5609,11,7650,ORD079460,79460,20540,1,3,4,At Risk
CUST5610,11,7104,ORD083935,83935,16065,1,3,4,At Risk
CUST5611,15,9123,ORD099624,99624,376,5,5,5,Champions
CUST5612,14,9375,ORD090965,90965,9035,2,5,5,At Risk
CUST5613,16,9377,ORD097760,97760,2240,4,5,5,Champions
CUST5614,6,1767,ORD094140,94140,5860,3,1,1,Promising
CUST5615,15,10019,ORD087740,87740,12260,2,5,5,At Risk
CUST5616,10,4330,ORD091108,91108,8892,2,2,1,Promising
CUST5617,16,9090,ORD094128,94128,5872,3,5,5,Loyal
CUST5618,9,4696,ORD074633,74633,25367,1,2,2,Promising
CUST5619,13,7858,ORD084330,84330,15670,1,4,4,At Risk
CUST5620,10,4308,ORD088920,88920,11080,2,2,1,Promising
CUST5621,13,8964,ORD072874,72874,27126,1,4,5,At Risk
CUST5622,9,5987,ORD098704,98704,1296,5,2,3,New Customers
CUST5623,7,4539,ORD094783,94783,5217,3,1,2,Promising
CUST5624,10,7932,ORD095281,95281,4719,3,2,4,Potential Loyalists
CUST5625,15,5715,ORD093952,93952,6048,3,5,2,Loyal
CUST5626,9,5146,ORD095893,95893,4107,4,2,2,New Customers
CUST5627,12,6339,ORD098963,98963,1037,5,4,3,Loyal
CUST5628,12,5392,ORD090109,90109,9891,2,4,2,At Risk
CUST5629,9,5261,ORD099549,99549,451,5,2,2,New Customers
CUST5630,8,3788,ORD074970,74970,25030,1,1,1,Lost
CUST5631,10,4806,ORD077329,77329,22671,1,2,2,Promising
CUST5632,11,4012,ORD076910,76910,23090,1,3,1,At Risk
CUST5633,10,7770,ORD085188,85188,14812,1,2,4,Hibernating
CUST5634,8,3364,ORD095402,95402,4598,4,1,1,New Customers
CUST5635,11,6741,ORD099191,99191,809,5,3,3,Loyal
CUST5636,8,5992,ORD083104,83104,16896,1,1,3,Hibernating
CUST5637,13,10683,ORD089732,89732,10268,2,4,5,At Risk
CUST5638,14,7924,ORD086163,86163,13837,2,5,4,At Risk
CUST5639,12,5774,ORD091774,91774,8226,3,4,3,Loyal
CUST5640,13,6773,ORD092729,92729,7271,3,4,3,Loyal
CUST5641,10,8752,ORD097631,97631,2369,4,2,5,New Customers
CUST5642,17,9798,ORD093056,93056,6944,3,5,5,Loyal
CUST5643,11,5974,ORD070195,70195,29805,1,3,3,At Risk
CUST5644,11,4224,ORD097914,97914,2086,4,3,1,Loyal
CUST5645,6,4616,ORD093171,93171,6829,3,1,2,Promising
CUST5646,9,6221,ORD085078,85078,14922,1,2,3,Hibernating
CUST5647,14,8539,ORD099296,99296,704,5,5,4,Champions
CUST5648,12,6982,ORD095848,95848,4152,4,4,3,Loyal
CUST5649,13,7521,ORD096021,96021,3979,4,4,4,Champions
CUST5650,11,7989,ORD097606,97606,2394,4,3,4,Loyal
CUST5651,12,5131,ORD096708,96708,3292,4,4,2,Loyal
CUST5652,8,4999,ORD090371,90371,9629,2,1,2,Promising
CUST5653,10,5809,ORD093984,93984,6016,3,2,3,Potential Loyalists
CUST5654,10,5063,ORD089394,89394,10606,2,2,2,Promising
CUST5655,8,3503,ORD097727,97727,2273,4,1,1,New Customers
CUST5656,14,8732,ORD094794,94794,5206,3,5,5,Loyal
CUST5657,11,9669,ORD078383,78383,21617,1,3,5,At Risk
CUST5658,9,6055,ORD097798,97798,2202,4,2,3,New Customers
CUST5659,13,7846,ORD089733,89733,10267,2,4,4,At Risk
CUST5660,13,8037,ORD087853,87853,12147,2,4,4,At Risk
CUST5661,18,9861,ORD092831,92831,7169,3,5,5,Loyal
CUST5662,5,3109,ORD088117,88117,11883,2,1,1,Promising
CUST5663,9,7108,ORD092355,92355,7645,3,2,4,Potential Loyalists
CUST5664,13,4859,ORD095932,95932,4068,4,4,2,Loyal
CUST5665,10,5564,ORD099617,99617,383,5,2,2,New Customers
CUST5666,11,8520,ORD098416,98416,1584,5,3,4,Loyal
CUST5667,16,7292,ORD085508,85508,14492,2,5,4,At Risk
CUST5668,11,5478,ORD095214,95214,4786,3,3,2,Loyal
CUST5669,10,7469,ORD096975,96975,3025,4,2,4,New Customers
CUST5670,18,9453,ORD089241,89241,10759,2,5,5,At Risk
CUST5671,14,9861,ORD097479,97479,2521,4,5,5,Champions
CUST5672,9,4660,ORD099042,99042,958,5,2,2,New Customers
CUST5673,16,12274,ORD095083,95083,4917,3,5,5,Loyal
CUST5674,8,4424,ORD098606,98606,1394,5,1,1,New Customers
CUST5675,14,7378,ORD097396,97396,2604,4,5,4,Champions
CUST5676,16,8820,ORD098583,98583,1417,5,5,5,Champions
CUST5677,9,5579,ORD093583,93583,6417,3,2,2,Promising
CUST5678,6,1495,ORD073974,73974,26026,1,1,1,Lost
CUST5679,9,5857,ORD093053,93053,6947,3,2,3,Potential Loyalists
CUST5680,12,10530,ORD099280,99280,720,5,4,5,Champions
CUST5681,12,5870,ORD087859,87859,12141,2,4,3,At Risk
CUST5682,6,2981,ORD096713,96713,3287,4,1,1,New Customers
CUST5683,10,3832,ORD098872,98872,1128,5,2,1,New Customers
CUST5684,8,3925,ORD099840,99840,160,5,1,1,New Customers
CUST5685,10,3713,ORD099461,99461,539,5,2,1,New Customers
CUST5686,8,4788,ORD090949,90949,9051,2,1,2,Promising
CUST5687,6,2788,ORD094170,94170,5830,3,1,1,Promising
CUST5688,8,3182,ORD092018,92018,7982,3,1,1,Promising
CUST5689,9,5537,ORD095968,95968,4032,4,2,2,New Customers
CUST5690,7,2864,ORD059260,59260,40740,1,1,1,Lost
CUST5691,10,4418,ORD093280,93280,6720,3,2,1,Promising
CUST5692,4,2968,ORD071591,71591,28409,1,1,1,Lost
CUST5693,11,6821,ORD099785,99785,215,5,3,3,Loyal
CUST5694,10,5714,ORD094554,94554,5446,3,2,2,Promising
CUST5695,10,5785,ORD073099,73099,26901,1,2,3,Hibernating
CUST5696,11,6900,ORD099898,99898,102,5,3,3,Loyal
CUST5697,9,3229,ORD098771,98771,1229,5,2,1,New Customers
CUST5698,13,5977,ORD099131,99131,869,5,4,3,Loyal
CUST5699,20,12410,ORD089476,89476,10524,2,5,5,At Risk
CUST5700,13,3885,ORD099496,99496,504,5,4,1,Loyal
CUST5701,14,8079,ORD089592,89592,10408,2,5,4,At Risk
CUST5702,11,6380,ORD084661,84661,15339,1,3,3,At Risk
CUST5703,8,5601,ORD080083,80083,19917,1,1,2,Lost
CUST5704,5,1779,ORD084349,84349,15651,1,1,1,Lost
CUST5705,12,7033,ORD098768,98768,1232,5,4,4,Champions
CUST5706,14,6169,ORD077570,77570,22430,1,5,3,At Risk
CUST5707,10,7129,ORD085252,85252,14748,1,2,4,Hibernating
CUST5708,5,3644,ORD081670,81670,18330,1,1,1,Lost
CUST5709,7,4969,ORD062106,62106,37894,1,1,2,Lost
CUST5710,13,4432,ORD078272,78272,21728,1,4,1,At Risk
CUST5711,8,4625,ORD098079,98079,1921,5,1,2,New Customers
CUST5712,12,5611,ORD098546,98546,1454,5,4,2,Loyal
CUST5713,9,4894,ORD094941,94941,5059,3,2,2,Promising
CUST5714,13,8659,ORD096929,96929,3071,4,4,5,Champions
CUST5715,13,7104,ORD098535,98535,1465,5,4,4,Champions
CUST5716,11,8278,ORD076436,76436,23564,1,3,4,At Risk
CUST5717,13,8631,ORD092393,92393,7607,3,4,5,Loyal
CUST5718,14,6776,ORD097872,97872,2128,4,5,3,Loyal
CUST5719,10,3650,ORD091069,91069,8931,2,2,1,Promising
CUST5720,10,7132,ORD092596,92596,7404,3,2,4,Potential Loyalists
CUST5721,7,4534,ORD086754,86754,13246,2,1,2,Promising
CUST5722,6,2977,ORD093199,93199,6801,3,1,1,Promising
CUST5723,8,3645,ORD089788,89788,10212,2,1,1,Promising
CUST5724,7,2924,ORD089653,89653,10347,2,1,1,Promising
CUST5725,11,9584,ORD086897,86897,13103,2,3,5,At Risk
CUST5726,10,7699,ORD081800,81800,18200,1,2,4,Hibernating
CUST5727,15,9775,ORD092817,92817,7183,3,5,5,Loyal
CUST5728,15,9100,ORD080023,80023,19977,1,5,5,At Risk
CUST5729,9,5182,ORD099789,99789,211,5,2,2,New Customers
CUST5730,6,4021,ORD094371,94371,5629,3,1,1,Promising
CUST5731,12,9147,ORD099459,99459,541,5,4,5,Champions
CUST5732,7,4411,ORD081606,81606,18394,1,1,1,Lost
CUST5733,12,7173,ORD083868,83868,16132,1,4,4,At Risk
CUST5734,18,8115,ORD098775,98775,1225,5,5,4,Champions
CUST5735,8,5123,ORD076239,76239,23761,1,1,2,Lost
CUST5736,11,7888,ORD099813,99813,187,5,3,4,Loyal
CUST5737,6,3567,ORD053209,53209,46791,1,1,1,Lost
CUST5738,7,7679,ORD094872,94872,5128,3,1,4,Promising
CUST5739,14,6944,ORD095702,95702,4298,4,5,3,Loyal
CUST5740,14,10004,ORD094633,94633,5367,3,5,5,Loyal
CUST5741,9,3936,ORD088779,88779,11221,2,2,1,Promising
CUST5742,15,12079,ORD099208,99208,792,5,5,5,Champions
CUST5743,12,8455,ORD094079,94079,5921,3,4,4,Loyal
CUST5744,9,6231,ORD084271,84271,15729,1,2,3,Hibernating
CUST5745,17,10645,ORD093219,93219,6781,3,5,5,Loyal
CUST5746,9,4457,ORD086135,86135,13865,2,2,1,Promising
CUST5747,8,5506,ORD064233,64233,35767,1,1,2,Lost
CUST5748,11,8365,ORD091374,91374,8626,2,3,4,At Risk
CUST5749,14,6260,ORD084218,84218,15782,1,5,3,At Risk
CUST5750,8,2843,ORD087652,87652,12348,2,1,1,Promising
CUST5751,9,3223,ORD085791,85791,14209,2,2,1,Promising
CUST5752,12,5846,ORD096161,96161,3839,4,4,3,Loyal
CUST5753,10,7503,ORD085272,85272,14728,1,2,4,Hibernating
CUST5754,16,8596,ORD098220,98220,1780,5,5,5,Champions
CUST5755,11,4986,ORD090646,90646,9354,2,3,2,At Risk
CUST5756,7,3864,ORD096496,96496,3504,4,1,1,New Customers
CUST5757,16,12986,ORD081022,81022,18978,1,5,5,At Risk
CUST5758,10,5924,ORD080193,80193,19807,1,2,3,Hibernating
CUST5759,12,7721,ORD087010,87010,12990,2,4,4,At Risk
CUST5760,10,6933,ORD097706,97706,2294,4,2,3,New Customers
CUST5761,18,8309,ORD098957,98957,1043,5,5,4,Champions
CUST5762,13,8475,ORD094661,94661,5339,3,4,4,Loyal
CUST5763,10,5187,ORD091317,91317,8683,2,2,2,Promising
CUST5764,14,9078,ORD091882,91882,8118,3,5,5,Loyal
CUST5765,10,6869,ORD093923,93923,6077,3,2,3,Potential Loyalists
CUST5766,12,4093,ORD093940,93940,6060,3,4,1,Loyal
CUST5767,14,7490,ORD095747,95747,4253,4,5,4,Champions
CUST5768,12,8506,ORD094851,94851,5149,3,4,4,Loyal
CUST5769,16,8023,ORD085424,85424,14576,1,5,4,At Risk
CUST5770,8,4128,ORD097752,97752,2248,4,1,1,New Customers
CUST5771,10,4318,ORD064641,64641,35359,1,2,1,Promising
CUST5772,9,6018,ORD097673,97673,2327,4,2,3,New Customers
CUST5773,10,5675,ORD097900,97900,2100,4,2,2,New Customers
CUST5774,11,7193,ORD099292,99292,708,5,3,4,Loyal
CUST5775,15,7636,ORD092812,92812,7188,3,5,4,Loyal
CUST5776,5,3456,ORD096533,96533,3467,4,1,1,New Customers
CUST5777,11,8595,ORD088581,88581,11419,2,3,5,At Risk
CUST5778,13,7507,ORD087427,87427,12573,2,4,4,At Risk
CUST5779,8,5006,ORD093719,93719,6281,3,1,2,Promising
CUST5780,11,3897,ORD091753,91753,8247,3,3,1,Loyal
CUST5781,15,9952,ORD095078,95078,4922,3,5,5,Loyal
CUST5782,7,6075,ORD079511,79511,20489,1,1,3,Hibernating
CUST5783,13,6863,ORD093168,93168,6832,3,4,3,Loyal
CUST5784,7,5615,ORD077969,77969,22031,1,1,2,Lost
CUST5785,11,8053,ORD093948,93948,6052,3,3,4,Loyal
CUST5786,15,10254,ORD092698,92698,7302,3,5,5,Loyal
CUST5787,9,5880,ORD096510,96510,3490,4,2,3,New Customers
CUST5788,9,7749,ORD097508,97508,2492,4,2,4,New Customers
CUST5789,14,9296,ORD094684,94684,5316,3,5,5,Loyal
CUST5790,12,7803,ORD094743,94743,5257,3,4,4,Loyal
CUST5791,8,3943,ORD097548,97548,2452,4,1,1,New Customers
CUST5792,12,7165,ORD099486,99486,514,5,4,4,Champions
CUST5793,6,4611,ORD096989,96989,3011,4,1,2,New Customers
CUST5794,6,3897,ORD068801,68801,31199,1,1,1,Lost
CUST5795,12,6687,ORD092669,92669,7331,3,4,3,Loyal
CUST5796,9,6252,ORD098022,98022,1978,5,2,3,New Customers
CUST5797,11,7104,ORD097301,97301,2699,4,3,4,Loyal
CUST5798,11,5720,ORD096983,96983,3017,4,3,2,Loyal
CUST5799,10,6894,ORD096516,96516,3484,4,2,3,New Customers
CUST5800,11,6145,ORD099454,99454,546,5,3,3,Loyal
CUST5801,12,9951,ORD092741,92741,7259,3,4,5,Loyal
CUST5802,7,4422,ORD099743,99743,257,5,1,1,New Customers
CUST5803,10,5550,ORD097286,97286,2714,4,2,2,New Customers
CUST5804,7,4675,ORD092602,92602,7398,3,1,2,Promising
CUST5805,14,7726,ORD093408,93408,6592,3,5,4,Loyal
CUST5806,15,9108,ORD088266,88266,11734,2,5,5,At Risk
CUST5807,18,8469,ORD098754,98754,1246,5,5,4,Champions
CUST5808,15,8957,ORD099906,99906,94,5,5,5,Champions
CUST5809,9,4539,ORD092098,92098,7902,3,2,2,Promising
CUST5810,8,5149,ORD087556,87556,12444,2,1,2,Promising
CUST5811,11,5683,ORD058469,58469,41531,1,3,2,At Risk
CUST5812,14,8167,ORD096630,96630,3370,4,5,4,Champions
CUST5813,18,9208,ORD098386,98386,1614,5,5,5,Champions
CUST5814,8,4669,ORD092039,92039,7961,3,1,2,Promising
CUST5815,9,3257,ORD082826,82826,17174,1,2,1,Promising
CUST5816,11,5074,ORD098948,98948,1052,5,3,2,Loyal
CUST5817,9,3276,ORD047945,47945,52055,1,2,1,Promising
CUST5818,9,4687,ORD099361,99361,639,5,2,2,New Customers
CUST5819,11,9078,ORD062559,62559,37441,1,3,5,At Risk
CUST5820,11,8172,ORD084304,84304,15696,1,3,4,At Risk
CUST5821,10,5381,ORD080046,80046,19954,1,2,2,Promising
CUST5822,8,3834,ORD099221,99221,779,5,1,1,New Customers
CUST5823,11,5580,ORD093057,93057,6943,3,3,2,Loyal
CUST5824,8,3408,ORD091959,91959,8041,3,1,1,Promising
CUST5825,16,8993,ORD098468,98468,1532,5,5,5,Champions
CUST5826,16,10314,ORD094681,94681,5319,3,5,5,Loyal
CUST5827,10,4112,ORD099508,99508,492,5,2,1,New Customers
CUST5828,7,3084,ORD099205,99205,795,5,1,1,New Customers
CUST5829,8,5746,ORD080148,80148,19852,1,1,2,Lost
CUST5830,15,7371,ORD098336,98336,1664,5,5,4,Champions
CUST5831,12,5486,ORD096813,96813,3187,4,4,2,Loyal
CUST5832,17,13942,ORD091397,91397,8603,2,5,5,At Risk
CUST5833,12,8652,ORD098731,98731,1269,5,4,5,Champions
CUST5834,12,5893,ORD090989,90989,9011,2,4,3,At Risk
CUST5835,13,7462,ORD099582,99582,418,5,4,4,Champions
CUST5836,8,3724,ORD088903,88903,11097,2,1,1,Promising
CUST5837,10,7669,ORD097600,97600,2400,4,2,4,New Customers
CUST5838,7,3463,ORD099175,99175,825,5,1,1,New Customers
CUST5839,12,5210,ORD098937,98937,1063,5,4,2,Loyal
CUST5840,10,6629,ORD095734,95734,4266,4,2,3,New Customers
CUST5841,14,9169,ORD098920,98920,1080,5,5,5,Champions
CUST5842,11,7048,ORD097163,97163,2837,4,3,4,Loyal
CUST5843,14,7631,ORD095776,95776,4224,4,5,4,Champions
CUST5844,14,5439,ORD096106,96106,3894,4,5,2,Loyal
CUST5845,16,8372,ORD099665,99665,335,5,5,4,Champions
CUST5846,13,9160,ORD098588,98588,1412,5,4,5,Champions
CUST5847,11,7017,ORD081714,81714,18286,1,3,4,At Risk
CUST5848,7,4049,ORD093950,93950,6050,3,1,1,Promising
CUST5849,11,8812,ORD075113,75113,24887,1,3,5,At Risk
CUST5850,11,7387,ORD088597,88597,11403,2,3,4,At Risk
CUST5851,6,2784,ORD092329,92329,7671,3,1,1,Promising
CUST5852,14,8666,ORD099382,99382,618,5,5,5,Champions
CUST5853,9,3473,ORD099358,99358,642,5,2,1,New Customers
CUST5854,6,2793,ORD098029,98029,1971,5,1,1,New Customers
CUST5855,7,2866,ORD082024,82024,17976,1,1,1,Lost
CUST5856,7,5594,ORD099642,99642,358,5,1,2,New Customers
CUST5857,8,5517,ORD077853,77853,22147,1,1,2,Lost
CUST5858,7,2502,ORD090240,90240,9760,2,1,1,Promising
CUST5859,10,7747,ORD092046,92046,7954,3,2,4,Potential Loyalists
CUST5860,13,8112,ORD098518,98518,1482,5,4,4,Champions
CUST5861,16,7939,ORD098497,98497,1503,5,5,4,Champions
CUST5862,16,9378,ORD083018,83018,16982,1,5,5,At Risk
CUST5863,8,6716,ORD097183,97183,2817,4,1,3,New Customers
CUST5864,13,10421,ORD096678,96678,3322,4,4,5,Champions
CUST5865,8,4178,ORD088908,88908,11092,2,1,1,Promising
CUST5866,5,1680,ORD088643,88643,11357,2,1,1,Promising
CUST5867,16,7450,ORD084517,84517,15483,1,5,4,At Risk
CUST5868,18,10171,ORD094381,94381,5619,3,5,5,Loyal
CUST5869,6,4135,ORD098113,98113,1887,5,1,1,New Customers
CUST5870,7,4263,ORD087205,87205,12795,2,1,1,Promising
CUST5871,12,7997,ORD096426,96426,3574,4,4,4,Champions
CUST5872,8,4972,ORD085609,85609,14391,2,1,2,Promising
CUST5873,13,7733,ORD097766,97766,2234,4,4,4,Champions
CUST5874,15,7477,ORD099063,99063,937,5,5,4,Champions
CUST5875,8,3224,ORD067257,67257,32743,1,1,1,Lost
CUST5876,13,8942,ORD092306,92306,7694,3,4,5,Loyal
CUST5877,8,6228,ORD098545,98545,1455,5,1,3,New Customers
CUST5878,10,6441,ORD099283,99283,717,5,2,3,New Customers
CUST5879,11,6451,ORD096865,96865,3135,4,3,3,Loyal
CUST5880,6,4365,ORD091314,91314,8686,2,1,1,Promising
CUST5881,10,6197,ORD099457,99457,543,5,2,3,New Customers
CUST5882,7,3884,ORD097190,97190,2810,4,1,1,New Customers
CUST5883,14,9265,ORD098384,98384,1616,5,5,5,Champions
CUST5884,10,5718,ORD099578,99578,422,5,2,2,New Customers
CUST5885,15,8519,ORD098254,98254,1746,5,5,4,Champions
CUST5886,13,4773,ORD094013,94013,5987,3,4,2,Loyal
CUST5887,7,4382,ORD086356,86356,13644,2,1,1,Promising
CUST5888,17,11887,ORD099443,99443,557,5,5,5,Champions
CUST5889,17,10077,ORD098536,98536,1464,5,5,5,Champions
CUST5890,13,7178,ORD092875,92875,7125,3,4,4,Loyal
CUST5891,16,8255,ORD087932,87932,12068,2,5,4,At Risk
CUST5892,6,3503,ORD094697,94697,5303,3,1,1,Promising
CUST5893,4,2601,ORD095147,95147,4853,3,1,1,Promising
CUST5894,9,5346,ORD098973,98973,1027,5,2,2,New Customers
CUST5895,14,5845,ORD096318,96318,3682,4,5,3,Loyal
CUST5896,13,10567,ORD088845,88845,11155,2,4,5,At Risk
CUST5897,12,5968,ORD077204,77204,22796,1,4,3,At Risk
CUST5898,6,3622,ORD087099,87099,12901,2,1,1,Promising
CUST5899,11,4062,ORD098841,98841,1159,5,3,1,Loyal
CUST5900,7,6441,ORD096593,96593,3407,4,1,3,New Customers
CUST5901,15,7861,ORD092556,92556,7444,3,5,4,Loyal
CUST5902,23,14203,ORD098580,98580,1420,5,5,5,Champions
CUST5903,14,8269,ORD092944,92944,7056,3,5,4,Loyal
CUST5904,10,4843,ORD090215,90215,9785,2,2,2,Promising
CUST5905,15,12071,ORD096417,96417,3583,4,5,5,Champions
CUST5906,5,2749,ORD091474,91474,8526,2,1,1,Promising
CUST5907,13,9581,ORD084757,84757,15243,1,4,5,At Risk
CUST5908,10,5800,ORD087570,87570,12430,2,2,3,Hibernating
CUST5909,13,7730,ORD093265,93265,6735,3,4,4,Loyal
CUST5910,10,5972,ORD099355,99355,645,5,2,3,New Customers
CUST5911,15,8551,ORD084451,84451,15549,1,5,4,At Risk
CUST5912,9,3936,ORD066314,66314,33686,1,2,1,Promising
CUST5913,15,6469,ORD090280,90280,9720,2,5,3,At Risk
CUST5914,9,5247,ORD081605,81605,18395,1,2,2,Promising
CUST5915,11,5298,ORD075187,75187,24813,1,3,2,At Risk
CUST5916,16,11962,ORD086679,86679,13321,2,5,5,At Risk
CUST5917,11,8513,ORD087658,87658,12342,2,3,4,At Risk
CUST5918,14,8322,ORD092521,92521,7479,3,5,4,Loyal
CUST5919,13,4615,ORD087483,87483,12517,2,4,2,At Risk
CUST5920,17,10678,ORD096828,96828,3172,4,5,5,Champions
CUST5921,11,7072,ORD099691,99691,309,5,3,4,Loyal
CUST5922,15,9839,ORD099122,99122,878,5,5,5,Champions
CUST5923,12,6928,ORD092902,92902,7098,3,4,3,Loyal
CUST5924,11,6589,ORD076021,76021,23979,1,3,3,At Risk
CUST5925,12,6983,ORD094649,94649,5351,3,4,3,Loyal
CUST5926,10,4727,ORD093494,93494,6506,3,2,2,Promising
CUST5927,14,8812,ORD095288,95288,4712,3,5,5,Loyal
CUST5928,9,5971,ORD090644,90644,9356,2,2,3,Hibernating
CUST5929,12,8758,ORD073041,73041,26959,1,4,5,At Risk
CUST5930,8,4854,ORD076520,76520,23480,1,1,2,Lost
CUST5931,5,3959,ORD071069,71069,28931,1,1,1,Lost
CUST5932,8,3995,ORD081595,81595,18405,1,1,1,Lost
CUST5933,15,10134,ORD097678,97678,2322,4,5,5,Champions
CUST5934,17,9858,ORD099466,99466,534,5,5,5,Champions
CUST5935,10,5570,ORD098725,98725,1275,5,2,2,New Customers
CUST5936,11,5967,ORD091053,91053,8947,2,3,3,At Risk
CUST5937,12,6409,ORD098094,98094,1906,5,4,3,Loyal
CUST5938,10,5654,ORD076037,76037,23963,1,2,2,Promising
CUST5939,12,7279,ORD099564,99564,436,5,4,4,Champions
CUST5940,14,9923,ORD078291,78291,21709,1,5,5,At Risk
CUST5941,8,4028,ORD079679,79679,20321,1,1,1,Lost
CUST5942,12,8729,ORD095923,95923,4077,4,4,5,Champions
CUST5943,9,3860,ORD076767,76767,23233,1,2,1,Promising
CUST5944,8,5567,ORD089756,89756,10244,2,1,2,Promising
CUST5945,6,3385,ORD099598,99598,402,5,1,1,New Customers
CUST5946,8,4033,ORD089778,89778,10222,2,1,1,Promising
CUST5947,17,10170,ORD095830,95830,4170,4,5,5,Champions
CUST5948,9,5454,ORD087052,87052,12948,2,2,2,Promising
CUST5949,11,7663,ORD068344,68344,31656,1,3,4,At Risk
CUST5950,6,4536,ORD085331,85331,14669,1,1,2,Lost
CUST5951,10,5846,ORD097128,97128,2872,4,2,3,New Customers
CUST5952,7,3489,ORD047920,47920,52080,1,1,1,Lost
CUST5953,16,9955,ORD097412,97412,2588,4,5,5,Champions
CUST5954,6,4273,ORD097733,97733,2267,4,1,1,New Customers
CUST5955,12,6807,ORD098567,98567,1433,5,4,3,Loyal
CUST5956,12,6461,ORD088007,88007,11993,2,4,3,At Risk
CUST5957,13,7414,ORD098696,98696,1304,5,4,4,Champions
CUST5958,11,3853,ORD083990,83990,16010,1,3,1,At Risk
CUST5959,16,9198,ORD085210,85210,14790,1,5,5,At Risk
CUST5960,12,6664,ORD093335,93335,6665,3,4,3,Loyal
CUST5961,12,6214,ORD099682,99682,318,5,4,3,Loyal
CUST5962,7,5131,ORD091396,91396,8604,2,1,2,Promising
CUST5963,17,9942,ORD093589,93589,6411,3,5,5,Loyal
CUST5964,7,3396,ORD085251,85251,14749,1,1,1,Lost
CUST5965,10,4600,ORD095991,95991,4009,4,2,2,New Customers
CUST5966,6,4677,ORD087297,87297,12703,2,1,2,Promising
CUST5967,13,8771,ORD098646,98646,1354,5,4,5,Champions
CUST5968,9,3825,ORD084526,84526,15474,1,2,1,Promising
CUST5969,12,6482,ORD090477,90477,9523,2,4,3,At Risk
CUST5970,12,6053,ORD093965,93965,6035,3,4,3,Loyal
CUST5971,14,9315,ORD098829,98829,1171,5,5,5,Champions
CUST5972,8,4648,ORD095386,95386,4614,4,1,2,New Customers
CUST5973,7,4631,ORD091585,91585,8415,2,1,2,Promising
CUST5974,4,3095,ORD049771,49771,50229,1,1,1,Lost
CUST5975,14,5618,ORD098959,98959,1041,5,5,2,Loyal
CUST5976,13,9264,ORD096454,96454,3546,4,4,5,Champions
CUST5977,10,4362,ORD099326,99326,674,5,2,1,New Customers
CUST5978,10,6611,ORD096826,96826,3174,4,2,3,New Customers
CUST5979,11,8704,ORD077032,77032,22968,1,3,5,At Risk
CUST5980,11,3433,ORD093546,93546,6454,3,3,1,Loyal
CUST5981,13,4865,ORD090819,90819,9181,2,4,2,At Risk
CUST5982,11,6582,ORD093173,93173,6827,3,3,3,Loyal
CUST5983,13,6590,ORD096438,96438,3562,4,4,3,Loyal
CUST5984,7,4814,ORD074461,74461,25539,1,1,2,Lost
CUST5985,14,9784,ORD080005,80005,19995,1,5,5,At Risk
CUST5986,8,3229,ORD096822,96822,3178,4,1,1,New Customers
CUST5987,13,6786,ORD099900,99900,100,5,4,3,Loyal
CUST5988,5,2837,ORD087024,87024,12976,2,1,1,Promising
CUST5989,10,5815,ORD072501,72501,27499,1,2,3,Hibernating
CUST5990,15,11526,ORD096738,96738,3262,4,5,5,Champions
CUST5991,11,9062,ORD098180,98180,1820,5,3,5,Loyal
CUST5992,11,5448,ORD083220,83220,16780,1,3,2,At Risk
CUST5993,7,3611,ORD095505,95505,4495,4,1,1,New Customers
CUST5994,9,4910,ORD098979,98979,1021,5,2,2,New Customers
CUST5995,12,7396,ORD088984,88984,11016,2,4,4,At Risk
CUST5996,7,3467,ORD081083,81083,18917,1,1,1,Lost
CUST5997,10,8089,ORD090653,90653,9347,2,2,4,Hibernating
CUST5998,10,3799,ORD093355,93355,6645,3,2,1,Promising
CUST5999,14,7175,ORD096981,96981,3019,4,5,4,Champions
CUST6000,10,5825,ORD090345,90345,9655,2,2,3,Hibernating
CUST6001,10,6390,ORD096412,96412,3588,4,2,3,New Customers
CUST6002,13,6794,ORD099645,99645,355,5,4,3,Loyal
CUST6003,10,6056,ORD098324,98324,1676,5,2,3,New Customers
CUST6004,14,7076,ORD097193,97193,2807,4,5,4,Champions
CUST6005,9,2770,ORD094729,94729,5271,3,2,1,Promising
CUST6006,12,5203,ORD080902,80902,19098,1,4,2,At Risk
CUST6007,10,4550,ORD095906,95906,4094,4,2,2,New Customers
CUST6008,15,10646,ORD090678,90678,9322,2,5,5,At Risk
CUST6009,13,5539,ORD093748,93748,6252,3,4,2,Loyal
CUST6010,11,9435,ORD091867,91867,8133,3,3,5,Loyal
CUST6011,16,9433,ORD095202,95202,4798,3,5,5,Loyal
CUST6012,13,7971,ORD090472,90472,9528,2,4,4,At Risk
CUST6013,5,2496,ORD085619,85619,14381,2,1,1,Promising
CUST6014,16,6948,ORD096882,96882,3118,4,5,3,Loyal
CUST6015,11,5689,ORD094566,94566,5434,3,3,2,Loyal
CUST6016,16,9069,ORD095939,95939,4061,4,5,5,Champions
CUST6017,12,6304,ORD092900,92900,7100,3,4,3,Loyal
CUST6018,5,2631,ORD088633,88633,11367,2,1,1,Promising
CUST6019,12,7794,ORD094745,94745,5255,3,4,4,Loyal
CUST6020,7,6565,ORD095630,95630,4370,4,1,3,New Customers
CUST6021,8,2764,ORD093039,93039,6961,3,1,1,Promising
CUST6022,11,4560,ORD096812,96812,3188,4,3,2,Loyal
CUST6023,11,5759,ORD087675,87675,12325,2,3,3,At Risk
CUST6024,10,5316,ORD099487,99487,513,5,2,2,New Customers
CUST6025,8,3301,ORD096903,96903,3097,4,1,1,New Customers
CUST6026,12,5137,ORD086836,86836,13164,2,4,2,At Risk
CUST6027,8,5035,ORD079635,79635,20365,1,1,2,Lost
CUST6028,16,12241,ORD098602,98602,1398,5,5,5,Champions
CUST6029,7,2501,ORD087045,87045,12955,2,1,1,Promising
CUST6030,6,4817,ORD095935,95935,4065,4,1,2,New Customers
CUST6031,8,4668,ORD083993,83993,16007,1,1,2,Lost
CUST6032,10,4803,ORD086657,86657,13343,2,2,2,Promising
CUST6033,11,7083,ORD099431,99431,569,5,3,4,Loyal
CUST6034,13,5544,ORD094236,94236,5764,3,4,2,Loyal
CUST6035,10,4873,ORD098571,98571,1429,5,2,2,New Customers
CUST6036,17,10145,ORD099478,99478,522,5,5,5,Champions
CUST6037,13,7405,ORD099420,99420,580,5,4,4,Champions
CUST6038,11,4541,ORD091291,91291,8709,2,3,2,At Risk
CUST6039,16,6883,ORD084338,84338,15662,1,5,3,At Risk
CUST6040,7,2607,ORD075657,75657,24343,1,1,1,Lost
CUST6041,7,4037,ORD086408,86408,13592,2,1,1,Promising
CUST6042,6,2292,ORD075777,75777,24223,1,1,1,Lost
CUST6043,7,6571,ORD080915,80915,19085,1,1,3,Hibernating
CUST6044,9,4560,ORD086739,86739,13261,2,2,2,Promising
CUST6045,13,5742,ORD088989,88989,11011,2,4,2,At Risk
CUST6046,11,8864,ORD089544,89544,10456,2,3,5,At Risk
CUST6047,10,5708,ORD094141,94141,5859,3,2,2,Promising
CUST6048,5,2214,ORD095559,95559,4441,4,1,1,New Customers
CUST6049,14,8174,ORD098702,98702,1298,5,5,4,Champions
CUST6050,16,8754,ORD090694,90694,9306,2,5,5,At Risk
CUST6051,16,9029,ORD099955,99955,45,5,5,5,Champions
CUST6052,10,6209,ORD086473,86473,13527,2,2,3,Hibernating
CUST6053,8,4298,ORD095240,95240,4760,3,1,1,Promising
CUST6054,16,9838,ORD098125,98125,1875,5,5,5,Champions
CUST6055,12,9110,ORD089720,89720,10280,2,4,5,At Risk
CUST6056,11,8096,ORD086590,86590,13410,2,3,4,At Risk
CUST6057,10,5261,ORD078047,78047,21953,1,2,2,Promising
CUST6058,9,5513,ORD085434,85434,14566,1,2,2,Promising
CUST6059,7,3380,ORD098789,98789,1211,5,1,1,New Customers
CUST6060,8,3753,ORD087234,87234,12766,2,1,1,Promising
CUST6061,15,10028,ORD087330,87330,12670,2,5,5,At Risk
CUST6062,8,3667,ORD059956,59956,40044,1,1,1,Lost
CUST6063,8,5268,ORD072246,72246,27754,1,1,2,Lost
CUST6064,10,5302,ORD071178,71178,28822,1,2,2,Promising
CUST6065,8,3936,ORD090986,90986,9014,2,1,1,Promising
CUST6066,9,5311,ORD092241,92241,7759,3,2,2,Promising
CUST6067,17,7661,ORD088737,88737,11263,2,5,4,At Risk
CUST6068,12,6821,ORD098406,98406,1594,5,4,3,Loyal
CUST6069,12,5356,ORD096196,96196,3804,4,4,2,Loyal
CUST6070,13,7290,ORD099018,99018,982,5,4,4,Champions
CUST6071,15,8203,ORD093223,93223,6777,3,5,4,Loyal
CUST6072,19,12308,ORD098875,98875,1125,5,5,5,Champions
CUST6073,6,3827,ORD097299,97299,2701,4,1,1,New Customers
CUST6074,10,5634,ORD084753,84753,15247,1,2,2,Promising
CUST6075,12,6564,ORD085741,85741,14259,2,4,3,At Risk
CUST6076,9,6550,ORD097370,97370,2630,4,2,3,New Customers
CUST6077,11,6827,ORD099881,99881,119,5,3,3,Loyal
CUST6078,14,5005,ORD099331,99331,669,5,5,2,Loyal
CUST6079,7,3316,ORD066334,66334,33666,1,1,1,Lost
CUST6080,20,13532,ORD094835,94835,5165,3,5,5,Loyal
CUST6081,9,3348,ORD093695,93695,6305,3,2,1,Promising
CUST6082,6,3043,ORD081768,81768,18232,1,1,1,Lost
CUST6083,13,9544,ORD095291,95291,4709,3,4,5,Loyal
CUST6084,11,6498,ORD095586,95586,4414,4,3,3,Loyal
CUST6085,14,8275,ORD089884,89884,10116,2,5,4,At Risk
CUST6086,8,5107,ORD088750,88750,11250,2,1,2,Promising
CUST6087,12,7248,ORD094805,94805,5195,3,4,4,Loyal
CUST6088,6,4013,ORD083734,83734,16266,1,1,1,Lost
CUST6089,12,5902,ORD094928,94928,5072,3,4,3,Loyal
CUST6090,9,5055,ORD071255,71255,28745,1,2,2,Promising
CUST6091,12,7781,ORD091908,91908,8092,3,4,4,Loyal
CUST6092,19,13948,ORD091619,91619,8381,2,5,5,At Risk
CUST6093,12,5535,ORD090548,90548,9452,2,4,2,At Risk
CUST6094,11,4183,ORD097142,97142,2858,4,3,1,Loyal
CUST6095,12,5805,ORD096153,96153,3847,4,4,3,Loyal
CUST6096,13,8302,ORD089843,89843,10157,2,4,4,At Risk
CUST6097,9,6459,ORD092141,92141,7859,3,2,3,Potential Loyalists
CUST6098,14,10703,ORD093231,93231,6769,3,5,5,Loyal
CUST6099,4,1203,ORD065180,65180,34820,1,1,1,Lost
CUST6100,9,3749,ORD091078,91078,8922,2,2,1,Promising
CUST6101,13,9644,ORD091970,91970,8030,3,4,5,Loyal
CUST6102,7,2686,ORD097801,97801,2199,4,1,1,New Customers
CUST6103,13,7648,ORD092456,92456,7544,3,4,4,Loyal
CUST6104,9,2590,ORD094909,94909,5091,3,2,1,Promising
CUST6105,17,9358,ORD075344,75344,24656,1,5,5,At Risk
CUST6106,9,4784,ORD090465,90465,9535,2,2,2,Promising
CUST6107,17,9585,ORD096345,96345,3655,4,5,5,Champions
CUST6108,6,4275,ORD082123,82123,17877,1,1,1,Lost
CUST6109,11,7773,ORD076338,76338,23662,1,3,4,At Risk
CUST6110,7,4754,ORD091658,91658,8342,2,1,2,Promising
CUST6111,13,7696,ORD074427,74427,25573,1,4,4,At Risk
CUST6112,17,8417,ORD098554,98554,1446,5,5,4,Champions
CUST6113,10,5865,ORD099213,99213,787,5,2,3,New Customers
CUST6114,14,7242,ORD064561,64561,35439,1,5,4,At Risk
CUST6115,14,7168,ORD095474,95474,4526,4,5,4,Champions
CUST6116,11,6071,ORD091998,91998,8002,3,3,3,Loyal
CUST6117,5,3919,ORD090987,90987,9013,2,1,1,Promising
CUST6118,12,5705,ORD096860,96860,3140,4,4,2,Loyal
CUST6119,13,6173,ORD095890,95890,4110,4,4,3,Loyal
CUST6120,8,2809,ORD098082,98082,1918,5,1,1,New Customers
CUST6121,9,5343,ORD099512,99512,488,5,2,2,New Customers
CUST6122,8,4481,ORD090021,90021,9979,2,1,1,Promising
CUST6123,9,10174,ORD094972,94972,5028,3,2,5,Potential Loyalists
CUST6124,9,5469,ORD099736,99736,264,5,2,2,New Customers
CUST6125,8,4587,ORD077589,77589,22411,1,1,2,Lost
CUST6126,8,3429,ORD071479,71479,28521,1,1,1,Lost
CUST6127,9,7127,ORD094177,94177,5823,3,2,4,Potential Loyalists
CUST6128,12,6895,ORD082765,82765,17235,1,4,3,At Risk
CUST6129,14,11095,ORD082827,82827,17173,1,5,5,At Risk
CUST6130,11,7128,ORD099652,99652,348,5,3,4,Loyal
CUST6131,19,9147,ORD092331,92331,7669,3,5,5,Loyal
CUST6132,10,4836,ORD094292,94292,5708,3,2,2,Promising
CUST6133,12,6444,ORD096422,96422,3578,4,4,3,Loyal
CUST6134,17,8180,ORD093909,93909,6091,3,5,4,Loyal
CUST6135,10,6759,ORD087881,87881,12119,2,2,3,Hibernating
CUST6136,9,5785,ORD093644,93644,6356,3,2,3,Potential Loyalists
CUST6137,13,8616,ORD097381,97381,2619,4,4,5,Champions
CUST6138,14,7487,ORD096280,96280,3720,4,5,4,Champions
CUST6139,15,7843,ORD099879,99879,121,5,5,4,Champions
CUST6140,13,5403,ORD096069,96069,3931,4,4,2,Loyal
CUST6141,6,4584,ORD067523,67523,32477,1,1,2,Lost
CUST6142,10,4292,ORD098987,98987,1013,5,2,1,New Customers
CUST6143,13,4893,ORD092749,92749,7251,3,4,2,Loyal
CUST6144,8,4822,ORD088216,88216,11784,2,1,2,Promising
CUST6145,13,5984,ORD096603,96603,3397,4,4,3,Loyal
CUST6146,8,4408,ORD068780,68780,31220,1,1,1,Lost
CUST6147,7,5853,ORD094480,94480,5520,3,1,3,Promising
CUST6148,14,8737,ORD099807,99807,193,5,5,5,Champions
CUST6149,10,7801,ORD089082,89082,10918,2,2,4,Hibernating
CUST6150,9,5217,ORD064055,64055,35945,1,2,2,Promising
CUST6151,10,8401,ORD087903,87903,12097,2,2,4,Hibernating
CUST6152,20,10618,ORD099482,99482,518,5,5,5,Champions
CUST6153,9,3891,ORD087273,87273,12727,2,2,1,Promising
CUST6154,8,5831,ORD095299,95299,4701,3,1,3,Promising
CUST6155,12,8478,ORD097492,97492,2508,4,4,4,Champions
CUST6156,6,2701,ORD044425,44425,55575,1,1,1,Lost
CUST6157,12,5896,ORD099333,99333,667,5,4,3,Loyal
CUST6158,7,3351,ORD065351,65351,34649,1,1,1,Lost
CUST6159,8,4848,ORD062542,62542,37458,1,1,2,Lost
CUST6160,6,2632,ORD094646,94646,5354,3,1,1,Promising
CUST6161,12,6088,ORD089580,89580,10420,2,4,3,At Risk
CUST6162,11,6932,ORD092723,92723,7277,3,3,3,Loyal
CUST6163,10,7024,ORD087509,87509,12491,2,2,4,Hibernating
CUST6164,8,3593,ORD091156,91156,8844,2,1,1,Promising
CUST6165,12,5585,ORD099888,99888,112,5,4,2,Loyal
CUST6166,8,3734,ORD073825,73825,26175,1,1,1,Lost
CUST6167,14,7393,ORD097281,97281,2719,4,5,4,Champions
CUST6168,9,4171,ORD065779,65779,34221,1,2,1,Promising
CUST6169,13,7774,ORD096167,96167,3833,4,4,4,Champions
CUST6170,9,4394,ORD095335,95335,4665,4,2,1,New Customers
CUST6171,10,8076,ORD093941,93941,6059,3,2,4,Potential Loyalists
CUST6172,10,4754,ORD098978,98978,1022,5,2,2,New Customers
CUST6173,4,1661,ORD080760,80760,19240,1,1,1,Lost
CUST6174,10,5703,ORD093344,93344,6656,3,2,2,Promising
CUST6175,7,3968,ORD099673,99673,327,5,1,1,New Customers
CUST6176,17,9348,ORD093252,93252,6748,3,5,5,Loyal
CUST6177,13,7574,ORD094320,94320,5680,3,4,4,Loyal
CUST6178,17,11154,ORD099290,99290,710,5,5,5,Champions
CUST6179,10,5408,ORD097063,97063,2937,4,2,2,New Customers
CUST6180,15,6944,ORD085417,85417,14583,1,5,3,At Risk
CUST6181,11,4423,ORD089766,89766,10234,2,3,1,At Risk
CUST6182,9,5393,ORD097883,97883,2117,4,2,2,New Customers
CUST6183,14,7997,ORD092917,92917,7083,3,5,4,Loyal
CUST6184,8,5442,ORD075834,75834,24166,1,1,2,Lost
CUST6185,14,10518,ORD097465,97465,2535,4,5,5,Champions
CUST6186,7,5065,ORD091354,91354,8646,2,1,2,Promising
CUST6187,10,6261,ORD097799,97799,2201,4,2,3,New Customers
CUST6188,15,8703,ORD097043,97043,2957,4,5,5,Champions
CUST6189,12,6350,ORD099844,99844,156,5,4,3,Loyal
CUST6190,15,10284,ORD097447,97447,2553,4,5,5,Champions
CUST6191,13,8036,ORD099076,99076,924,5,4,4,Champions
CUST6192,14,10144,ORD095632,95632,4368,4,5,5,Champions
CUST6193,14,13211,ORD099857,99857,143,5,5,5,Champions
CUST6194,12,8403,ORD090126,90126,9874,2,4,4,At Risk
CUST6195,8,4574,ORD097022,97022,2978,4,1,2,New Customers
CUST6196,13,5443,ORD097029,97029,2971,4,4,2,Loyal
CUST6197,10,4408,ORD099329,99329,671,5,2,1,New Customers
CUST6198,12,6073,ORD093027,93027,6973,3,4,3,Loyal
CUST6199,20,10744,ORD098230,98230,1770,5,5,5,Champions
CUST6200,5,2063,ORD088454,88454,11546,2,1,1,Promising
CUST6201,7,5000,ORD067386,67386,32614,1,1,2,Lost
CUST6202,14,8321,ORD098266,98266,1734,5,5,4,Champions
CUST6203,12,7985,ORD098667,98667,1333,5,4,4,Champions
CUST6204,9,4822,ORD099976,99976,24,5,2,2,New Customers
CUST6205,9,9639,ORD092800,92800,7200,3,2,5,Potential Loyalists
CUST6206,14,10703,ORD084292,84292,15708,1,5,5,At Risk
CUST6207,8,3686,ORD082753,82753,17247,1,1,1,Lost
CUST6208,7,4375,ORD091979,91979,8021,3,1,1,Promising
CUST6209,12,7881,ORD089400,89400,10600,2,4,4,At Risk
CUST6210,11,5669,ORD096764,96764,3236,4,3,2,Loyal
CUST6211,9,5528,ORD084423,84423,15577,1,2,2,Promising
CUST6212,10,4302,ORD093889,93889,6111,3,3,1,Loyal
CUST6213,6,3250,ORD097179,97179,2821,4,1,1,New Customers
CUST6214,17,9303,ORD097336,97336,2664,4,5,5,Champions
CUST6215,15,10185,ORD093063,93063,6937,3,5,5,Loyal
CUST6216,12,5599,ORD099769,99769,231,5,4,2,Loyal
CUST6217,10,5371,ORD099746,99746,254,5,3,2,Loyal
CUST6218,9,8204,ORD094652,94652,5348,3,2,4,Potential Loyalists
CUST6219,12,7496,ORD093795,93795,6205,3,4,4,Loyal
CUST6220,12,6715,ORD099812,99812,188,5,4,3,Loyal
CUST6221,10,6500,ORD094793,94793,5207,3,3,3,Loyal
CUST6222,12,8562,ORD099610,99610,390,5,4,4,Champions
CUST6223,4,1987,ORD094721,94721,5279,3,1,1,Promising
CUST6224,13,5255,ORD087657,87657,12343,2,4,2,At Risk
CUST6225,9,5426,ORD082229,82229,17771,1,2,2,Promising
CUST6226,10,6746,ORD093405,93405,6595,3,3,3,Loyal
CUST6227,10,5337,ORD091113,91113,8887,2,3,2,At Risk
CUST6228,15,7623,ORD098059,98059,1941,5,5,4,Champions
CUST6229,14,11064,ORD098740,98740,1260,5,5,5,Champions
CUST6230,12,6198,ORD091556,91556,8444,2,4,3,At Risk
CUST6231,13,8355,ORD097616,97616,2384,4,4,4,Champions
CUST6232,12,5213,ORD093307,93307,6693,3,4,2,Loyal
CUST6233,12,7453,ORD096282,96282,3718,4,4,4,Champions
CUST6234,15,8834,ORD096177,96177,3823,4,5,5,Champions
CUST6235,13,9300,ORD093575,93575,6425,3,4,5,Loyal
CUST6236,12,3736,ORD079587,79587,20413,1,4,1,At Risk
CUST6237,12,6315,ORD082678,82678,17322,1,4,3,At Risk
CUST6238,14,8946,ORD090214,90214,9786,2,5,5,At Risk
CUST6239,10,6458,ORD081468,81468,18532,1,3,3,At Risk
CUST6240,12,8446,ORD079595,79595,20405,1,4,4,At Risk
CUST6241,14,8328,ORD089644,89644,10356,2,5,4,At Risk
CUST6242,6,4412,ORD090565,90565,9435,2,1,1,Promising
CUST6243,17,10163,ORD099725,99725,275,5,5,5,Champions
CUST6244,8,4727,ORD083048,83048,16952,1,1,2,Lost
CUST6245,19,12942,ORD097738,97738,2262,4,5,5,Champions
CUST6246,16,7035,ORD095183,95183,4817,3,5,4,Loyal
CUST6247,11,7281,ORD086768,86768,13232,2,3,4,At Risk
CUST6248,14,9390,ORD091640,91640,8360,2,5,5,At Risk
CUST6249,13,9545,ORD087355,87355,12645,2,4,5,At Risk
CUST6250,21,11397,ORD096783,96783,3217,4,5,5,Champions
CUST6251,11,6892,ORD092565,92565,7435,3,3,3,Loyal
CUST6252,5,1837,ORD090452,90452,9548,2,1,1,Promising
CUST6253,15,8198,ORD090696,90696,9304,2,5,4,At Risk
CUST6254,15,10668,ORD093672,93672,6328,3,5,5,Loyal
CUST6255,13,7913,ORD099397,99397,603,5,4,4,Champions
CUST6256,8,4764,ORD088791,88791,11209,2,1,2,Promising
CUST6257,11,5824,ORD073021,73021,26979,1,3,3,At Risk
CUST6258,15,8918,ORD089067,89067,10933,2,5,5,At Risk
CUST6259,9,5445,ORD096932,96932,3068,4,2,2,New Customers
CUST6260,9,4910,ORD089560,89560,10440,2,2,2,Promising
CUST6261,11,3552,ORD096806,96806,3194,4,3,1,Loyal
CUST6262,12,7579,ORD095882,95882,4118,4,4,4,Champions
CUST6263,13,7042,ORD099677,99677,323,5,4,4,Champions
CUST6264,9,5492,ORD097192,97192,2808,4,2,2,New Customers
CUST6265,7,3892,ORD096588,96588,3412,4,1,1,New Customers
CUST6266,6,3885,ORD065294,65294,34706,1,1,1,Lost
CUST6267,10,7009,ORD095676,95676,4324,4,3,4,Loyal
CUST6268,11,6668,ORD082393,82393,17607,1,3,3,At Risk
CUST6269,21,10836,ORD086900,86900,13100,2,5,5,At Risk
CUST6270,10,6731,ORD089260,89260,10740,2,3,3,At Risk
CUST6271,10,8588,ORD079641,79641,20359,1,3,5,At Risk
CUST6272,10,8206,ORD097762,97762,2238,4,3,4,Loyal
CUST6273,15,6825,ORD091875,91875,8125,3,5,3,Loyal
CUST6274,11,5983,ORD073961,73961,26039,1,3,3,At Risk
CUST6275,5,3379,ORD078103,78103,21897,1,1,1,Lost
CUST6276,12,8828,ORD094703,94703,5297,3,4,5,Loyal
CUST6277,8,4983,ORD097379,97379,2621,4,1,2,New Customers
CUST6278,10,4736,ORD075718,75718,24282,1,3,2,At Risk
CUST6279,15,7704,ORD082105,82105,17895,1,5,4,At Risk
CUST6280,11,5908,ORD098814,98814,1186,5,3,3,Loyal
CUST6281,15,9123,ORD093967,93967,6033,3,5,5,Loyal
CUST6282,6,4831,ORD087695,87695,12305,2,1,2,Promising
CUST6283,5,2792,ORD074625,74625,25375,1,1,1,Lost
CUST6284,7,3897,ORD095024,95024,4976,3,1,1,Promising
CUST6285,14,8155,ORD097090,97090,2910,4,5,4,Champions
CUST6286,19,8661,ORD088394,88394,11606,2,5,5,At Risk
CUST6287,12,7771,ORD074806,74806,25194,1,4,4,At Risk
CUST6288,7,4794,ORD087372,87372,12628,2,1,2,Promising
CUST6289,10,6827,ORD083434,83434,16566,1,3,3,At Risk
CUST6290,10,6018,ORD096886,96886,3114,4,3,3,Loyal
CUST6291,12,6030,ORD088075,88075,11925,2,4,3,At Risk
CUST6292,10,5564,ORD082372,82372,17628,1,3,2,At Risk
CUST6293,12,4623,ORD095496,95496,4504,4,4,2,Loyal
CUST6294,16,11404,ORD094683,94683,5317,3,5,5,Loyal
CUST6295,12,5334,ORD099444,99444,556,5,4,2,Loyal
CUST6296,14,9244,ORD099816,99816,184,5,5,5,Champions
CUST6297,11,7519,ORD076524,76524,23476,1,3,4,At Risk
CUST6298,9,4849,ORD092517,92517,7483,3,2,2,Promising
CUST6299,13,8064,ORD093861,93861,6139,3,4,4,Loyal
CUST6300,7,3995,ORD097785,97785,2215,4,1,1,New Customers
CUST6301,11,6907,ORD099378,99378,622,5,3,3,Loyal
CUST6302,17,10030,ORD097861,97861,2139,4,5,5,Champions
CUST6303,9,4587,ORD071739,71739,28261,1,2,2,Promising
CUST6304,11,5163,ORD092059,92059,7941,3,3,2,Loyal
CUST6305,6,3099,ORD097680,97680,2320,4,1,1,New Customers
CUST6306,3,1166,ORD064291,64291,35709,1,1,1,Lost
CUST6307,12,9741,ORD091650,91650,8350,2,4,5,At Risk
CUST6308,10,7932,ORD074552,74552,25448,1,3,4,At Risk
CUST6309,8,4735,ORD094148,94148,5852,3,1,2,Promising
CUST6310,7,4719,ORD096992,96992,3008,4,1,2,New Customers
CUST6311,16,11433,ORD087078,87078,12922,2,5,5,At Risk
CUST6312,9,5918,ORD096219,96219,3781,4,2,3,New Customers
CUST6313,14,7315,ORD099406,99406,594,5,5,4,Champions
CUST6314,17,10524,ORD097771,97771,2229,4,5,5,Champions
CUST6315,11,5229,ORD095865,95865,4135,4,3,2,Loyal
CUST6316,11,6408,ORD091123,91123,8877,2,3,3,At Risk
CUST6317,11,5619,ORD096165,96165,3835,4,3,2,Loyal
CUST6318,11,7038,ORD087021,87021,12979,2,3,4,At Risk
CUST6319,6,4575,ORD060332,60332,39668,1,1,2,Lost
CUST6320,7,2973,ORD075048,75048,24952,1,1,1,Lost
CUST6321,4,2108,ORD088399,88399,11601,2,1,1,Promising
CUST6322,10,5281,ORD097846,97846,2154,4,3,2,Loyal
CUST6323,10,6641,ORD086939,86939,13061,2,3,3,At Risk
CUST6324,7,4344,ORD092756,92756,7244,3,1,1,Promising
CUST6325,9,3617,ORD089669,89669,10331,2,2,1,Promising
CUST6326,13,7103,ORD099751,99751,249,5,4,4,Champions
CUST6327,13,6782,ORD097185,97185,2815,4,4,3,Loyal
CUST6328,12,7340,ORD097867,97867,2133,4,4,4,Champions
CUST6329,9,5390,ORD082712,82712,17288,1,2,2,Promising
CUST6330,11,6376,ORD094992,94992,5008,3,3,3,Loyal
CUST6331,11,5596,ORD088953,88953,11047,2,3,2,At Risk
CUST6332,9,5350,ORD097219,97219,2781,4,2,2,New Customers
CUST6333,7,4355,ORD097906,97906,2094,4,1,1,New Customers
CUST6334,16,8317,ORD091172,91172,8828,2,5,4,At Risk
CUST6335,8,5313,ORD098905,98905,1095,5,1,2,New Customers
CUST6336,12,6006,ORD088224,88224,11776,2,4,3,At Risk
CUST6337,13,7810,ORD082829,82829,17171,1,4,4,At Risk
CUST6338,12,8881,ORD092221,92221,7779,3,4,5,Loyal
CUST6339,14,8248,ORD098783,98783,1217,5,5,4,Champions
CUST6340,15,6682,ORD096906,96906,3094,4,5,3,Loyal
CUST6341,15,9167,ORD093403,93403,6597,3,5,5,Loyal
CUST6342,12,5015,ORD087585,87585,12415,2,4,2,At Risk
CUST6343,10,5276,ORD077545,77545,22455,1,3,2,At Risk
CUST6344,9,5155,ORD097073,97073,2927,4,2,2,New Customers
CUST6345,11,6437,ORD090707,90707,9293,2,3,3,At Risk
CUST6346,10,4357,ORD089009,89009,10991,2,3,1,At Risk
CUST6347,10,5784,ORD062578,62578,37422,1,3,3,At Risk
CUST6348,7,4756,ORD095973,95973,4027,4,1,2,New Customers
CUST6349,9,6296,ORD083291,83291,16709,1,2,3,Hibernating
CUST6350,11,5359,ORD094251,94251,5749,3,3,2,Loyal
CUST6351,19,8259,ORD098743,98743,1257,5,5,4,Champions
CUST6352,10,6747,ORD093485,93485,6515,3,3,3,Loyal
CUST6353,15,8245,ORD088611,88611,11389,2,5,4,At Risk
CUST6354,8,3807,ORD095265,95265,4735,3,1,1,Promising
CUST6355,13,8676,ORD095729,95729,4271,4,4,5,Champions
CUST6356,6,3952,ORD049717,49717,50283,1,1,1,Lost
CUST6357,7,3818,ORD092654,92654,7346,3,1,1,Promising
CUST6358,8,5464,ORD084593,84593,15407,1,1,2,Lost
CUST6359,17,10711,ORD091778,91778,8222,3,5,5,Loyal
CUST6360,9,6104,ORD090642,90642,9358,2,2,3,Hibernating
CUST6361,11,6396,ORD096246,96246,3754,4,3,3,Loyal
CUST6362,14,7291,ORD097667,97667,2333,4,5,4,Champions
CUST6363,20,11385,ORD093202,93202,6798,3,5,5,Loyal
CUST6364,11,4296,ORD076632,76632,23368,1,3,1,At Risk
CUST6365,11,9633,ORD096896,96896,3104,4,3,5,Loyal
CUST6366,7,5172,ORD095636,95636,4364,4,1,2,New Customers
CUST6367,12,6218,ORD095640,95640,4360,4,4,3,Loyal
CUST6368,17,6804,ORD090352,90352,9648,2,5,3,At Risk
CUST6369,11,6050,ORD090753,90753,9247,2,3,3,At Risk
CUST6370,16,9557,ORD094339,94339,5661,3,5,5,Loyal
CUST6371,14,8072,ORD098918,98918,1082,5,5,4,Champions
CUST6372,11,7198,ORD092528,92528,7472,3,3,4,Loyal
CUST6373,8,8405,ORD098785,98785,1215,5,1,4,New Customers
CUST6374,7,5606,ORD095965,95965,4035,4,1,2,New Customers
CUST6375,10,7176,ORD098312,98312,1688,5,3,4,Loyal
CUST6376,11,4429,ORD094966,94966,5034,3,3,1,Loyal
CUST6377,10,6888,ORD082371,82371,17629,1,3,3,At Risk
CUST6378,14,5739,ORD094884,94884,5116,3,5,2,Loyal
CUST6379,8,3885,ORD080474,80474,19526,1,1,1,Lost
CUST6380,7,3985,ORD095466,95466,4534,4,1,1,New Customers
CUST6381,9,5880,ORD092690,92690,7310,3,2,3,Potential Loyalists
CUST6382,9,8551,ORD082704,82704,17296,1,2,4,Hibernating
CUST6383,14,9181,ORD098864,98864,1136,5,5,5,Champions
CUST6384,19,9307,ORD097463,97463,2537,4,5,5,Champions
CUST6385,8,3477,ORD062982,62982,37018,1,1,1,Lost
CUST6386,7,3230,ORD086729,86729,13271,2,1,1,Promising
CUST6387,11,6232,ORD089398,89398,10602,2,3,3,At Risk
CUST6388,6,5888,ORD097852,97852,2148,4,1,3,New Customers
CUST6389,13,5443,ORD090600,90600,9400,2,4,2,At Risk
CUST6390,4,2719,ORD084793,84793,15207,1,1,1,Lost
CUST6391,5,2548,ORD083949,83949,16051,1,1,1,Lost
CUST6392,6,1672,ORD098439,98439,1561,5,1,1,New Customers
CUST6393,5,4563,ORD096236,96236,3764,4,1,2,New Customers
CUST6394,14,10119,ORD096725,96725,3275,4,5,5,Champions
CUST6395,16,10988,ORD099097,99097,903,5,5,5,Champions
CUST6396,8,3213,ORD092618,92618,7382,3,1,1,Promising
CUST6397,10,5478,ORD094146,94146,5854,3,3,2,Loyal
CUST6398,16,12933,ORD099353,99353,647,5,5,5,Champions
CUST6399,6,3457,ORD090128,90128,9872,2,1,1,Promising
CUST6400,9,5555,ORD099544,99544,456,5,2,2,New Customers
CUST6401,8,4363,ORD088868,88868,11132,2,1,1,Promising
CUST6402,18,8891,ORD098924,98924,1076,5,5,5,Champions
CUST6403,11,7691,ORD081539,81539,18461,1,3,4,At Risk
CUST6404,11,6460,ORD098856,98856,1144,5,3,3,Loyal
CUST6405,11,4692,ORD092244,92244,7756,3,3,2,Loyal
CUST6406,13,8158,ORD094324,94324,5676,3,4,4,Loyal
CUST6407,11,8042,ORD093595,93595,6405,3,3,4,Loyal
CUST6408,9,6629,ORD080194,80194,19806,1,2,3,Hibernating
CUST6409,15,8456,ORD093108,93108,6892,3,5,4,Loyal
CUST6410,12,6172,ORD089428,89428,10572,2,4,3,At Risk
CUST6411,11,7781,ORD099836,99836,164,5,3,4,Loyal
CUST6412,14,9486,ORD093980,93980,6020,3,5,5,Loyal
CUST6413,10,6885,ORD095057,95057,4943,3,3,3,Loyal
CUST6414,17,10608,ORD098863,98863,1137,5,5,5,Champions
CUST6415,17,8332,ORD096358,96358,3642,4,5,4,Champions
CUST6416,9,6088,ORD067198,67198,32802,1,2,3,Hibernating
CUST6417,10,7278,ORD096119,96119,3881,4,3,4,Loyal
CUST6418,10,5876,ORD088838,88838,11162,2,3,3,At Risk
CUST6419,8,4098,ORD071657,71657,28343,1,1,1,Lost
CUST6420,10,2966,ORD075667,75667,24333,1,3,1,At Risk
CUST6421,13,7493,ORD077250,77250,22750,1,4,4,At Risk
CUST6422,7,5540,ORD084792,84792,15208,1,1,2,Lost
CUST6423,11,7685,ORD082550,82550,17450,1,3,4,At Risk
CUST6424,12,9061,ORD078270,78270,21730,1,4,5,At Risk
CUST6425,13,6742,ORD096285,96285,3715,4,4,3,Loyal
CUST6426,15,9784,ORD096352,96352,3648,4,5,5,Champions
CUST6427,11,7055,ORD099699,99699,301,5,3,4,Loyal
CUST6428,11,11146,ORD087721,87721,12279,2,3,5,At Risk
CUST6429,14,5870,ORD096270,96270,3730,4,5,3,Loyal
CUST6430,8,4772,ORD087522,87522,12478,2,1,2,Promising
CUST6431,16,8302,ORD096227,96227,3773,4,5,4,Champions
CUST6432,14,7602,ORD093554,93554,6446,3,5,4,Loyal
CUST6433,7,4608,ORD095107,95107,4893,3,1,2,Promising
CUST6434,8,5839,ORD076587,76587,23413,1,1,3,Hibernating
CUST6435,16,9090,ORD097657,97657,2343,4,5,5,Champions
CUST6436,11,8523,ORD099868,99868,132,5,3,4,Loyal
CUST6437,15,7713,ORD097993,97993,2007,5,5,4,Champions
CUST6438,9,4553,ORD097790,97790,2210,4,2,2,New Customers
CUST6439,9,3250,ORD081298,81298,18702,1,2,1,Promising
CUST6440,11,6667,ORD095044,95044,4956,3,3,3,Loyal
CUST6441,11,4892,ORD096333,96333,3667,4,3,2,Loyal
CUST6442,7,4450,ORD086710,86710,13290,2,1,1,Promising
CUST6443,12,4911,ORD098167,98167,1833,5,4,2,Loyal
CUST6444,12,5770,ORD091017,91017,8983,2,4,3,At Risk
CUST6445,11,7406,ORD097750,97750,2250,4,3,4,Loyal
CUST6446,12,7371,ORD098516,98516,1484,5,4,4,Champions
CUST6447,14,6733,ORD095807,95807,4193,4,5,3,Loyal
CUST6448,6,2123,ORD092911,92911,7089,3,1,1,Promising
CUST6449,10,5383,ORD094133,94133,5867,3,3,2,Loyal
CUST6450,9,6683,ORD094280,94280,5720,3,2,3,Potential Loyalists
CUST6451,8,6427,ORD094910,94910,5090,3,1,3,Promising
CUST6452,11,5249,ORD094822,94822,5178,3,3,2,Loyal
CUST6453,17,10301,ORD090176,90176,9824,2,5,5,At Risk
CUST6454,19,11739,ORD094057,94057,5943,3,5,5,Loyal
CUST6455,8,5901,ORD097311,97311,2689,4,1,3,New Customers
CUST6456,13,8021,ORD089126,89126,10874,2,4,4,At Risk
CUST6457,10,5083,ORD099500,99500,500,5,3,2,Loyal
CUST6458,11,9184,ORD099322,99322,678,5,3,5,Loyal
CUST6459,9,6529,ORD093513,93513,6487,3,2,3,Potential Loyalists
CUST6460,16,9781,ORD091544,91544,8456,2,5,5,At Risk
CUST6461,11,6657,ORD089809,89809,10191,2,3,3,At Risk
CUST6462,5,3395,ORD082304,82304,17696,1,1,1,Lost
CUST6463,11,8336,ORD098733,98733,1267,5,3,4,Loyal
CUST6464,15,12672,ORD097777,97777,2223,4,5,5,Champions
CUST6465,11,4712,ORD087751,87751,12249,2,3,2,At Risk
CUST6466,15,12076,ORD098517,98517,1483,5,5,5,Champions
CUST6467,10,5418,ORD093059,93059,6941,3,3,2,Loyal
CUST6468,17,7467,ORD090178,90178,9822,2,5,4,At Risk
CUST6469,9,3704,ORD074435,74435,25565,1,2,1,Promising
CUST6470,4,2042,ORD096109,96109,3891,4,1,1,New Customers
CUST6471,11,5809,ORD088899,88899,11101,2,3,3,At Risk
CUST6472,11,4090,ORD098260,98260,1740,5,3,1,Loyal
CUST6473,19,8605,ORD088090,88090,11910,2,5,5,At Risk
CUST6474,5,2552,ORD087707,87707,12293,2,1,1,Promising
CUST6475,8,6298,ORD080663,80663,19337,1,1,3,Hibernating
CUST6476,15,9412,ORD095129,95129,4871,3,5,5,Loyal
CUST6477,13,7245,ORD095370,95370,4630,4,4,4,Champions
CUST6478,13,7177,ORD099229,99229,771,5,4,4,Champions
CUST6479,7,3064,ORD079839,79839,20161,1,1,1,Lost
CUST6480,9,4923,ORD098432,98432,1568,5,2,2,New Customers
CUST6481,10,3668,ORD096425,96425,3575,4,3,1,Loyal
CUST6482,14,7070,ORD092576,92576,7424,3,5,4,Loyal
CUST6483,15,8769,ORD094736,94736,5264,3,5,5,Loyal
CUST6484,11,7812,ORD086914,86914,13086,2,3,4,At Risk
CUST6485,4,1891,ORD079563,79563,20437,1,1,1,Lost
CUST6486,13,8596,ORD080940,80940,19060,1,4,5,At Risk
CUST6487,12,6439,ORD097499,97499,2501,4,4,3,Loyal
CUST6488,16,7889,ORD099731,99731,269,5,5,4,Champions
CUST6489,12,8520,ORD088913,88913,11087,2,4,4,At Risk
CUST6490,11,5941,ORD097746,97746,2254,4,3,3,Loyal
CUST6491,13,6308,ORD094521,94521,5479,3,4,3,Loyal
CUST6492,12,7976,ORD092361,92361,7639,3,4,4,Loyal
CUST6493,12,9211,ORD078116,78116,21884,1,4,5,At Risk
CUST6494,9,5762,ORD088260,88260,11740,2,2,3,Hibernating
CUST6495,12,6235,ORD091930,91930,8070,3,4,3,Loyal
CUST6496,12,6238,ORD099626,99626,374,5,4,3,Loyal
CUST6497,9,4622,ORD098495,98495,1505,5,2,2,New Customers
CUST6498,13,5813,ORD093641,93641,6359,3,4,3,Loyal
CUST6499,14,7996,ORD097081,97081,2919,4,5,4,Champions
CUST6500,8,5243,ORD093112,93112,6888,3,1,2,Promising
CUST6501,9,3974,ORD094485,94485,5515,3,2,1,Promising
CUST6502,8,3697,ORD088382,88382,11618,2,1,1,Promising
CUST6503,11,6771,ORD086981,86981,13019,2,3,3,At Risk
CUST6504,11,7764,ORD092941,92941,7059,3,3,4,Loyal
CUST6505,10,5560,ORD086126,86126,13874,2,3,2,At Risk
CUST6506,10,5933,ORD098403,98403,1597,5,3,3,Loyal
CUST6507,8,4312,ORD090249,90249,9751,2,1,1,Promising
CUST6508,17,10221,ORD095622,95622,4378,4,5,5,Champions
CUST6509,15,8357,ORD095902,95902,4098,4,5,4,Champions
CUST6510,15,6655,ORD097884,97884,2116,4,5,3,Loyal
CUST6511,10,8184,ORD089307,89307,10693,2,3,4,At Risk
CUST6512,9,5989,ORD085745,85745,14255,2,2,3,Hibernating
CUST6513,7,2769,ORD098087,98087,1913,5,1,1,New Customers
CUST6514,13,6188,ORD084553,84553,15447,1,4,3,At Risk
CUST6515,20,13220,ORD092312,92312,7688,3,5,5,Loyal
CUST6516,7,4114,ORD090312,90312,9688,2,1,1,Promising
CUST6517,16,8545,ORD093526,93526,6474,3,5,4,Loyal
CUST6518,18,9401,ORD095198,95198,4802,3,5,5,Loyal
CUST6519,11,8173,ORD090714,90714,9286,2,3,4,At Risk
CUST6520,4,4386,ORD082809,82809,17191,1,1,1,Lost
CUST6521,8,5300,ORD095650,95650,4350,4,1,2,New Customers
CUST6522,10,4937,ORD099194,99194,806,5,3,2,Loyal
CUST6523,14,8325,ORD092580,92580,7420,3,5,4,Loyal
CUST6524,14,9571,ORD096789,96789,3211,4,5,5,Champions
CUST6525,8,3694,ORD093629,93629,6371,3,1,1,Promising
CUST6526,18,10488,ORD083794,83794,16206,1,5,5,At Risk
CUST6527,16,8652,ORD090570,90570,9430,2,5,5,At Risk
CUST6528,15,8028,ORD094025,94025,5975,3,5,4,Loyal
CUST6529,11,6973,ORD098855,98855,1145,5,3,3,Loyal
CUST6530,12,6756,ORD085900,85900,14100,2,4,3,At Risk
CUST6531,16,7051,ORD097633,97633,2367,4,5,4,Champions
CUST6532,8,4985,ORD083941,83941,16059,1,1,2,Lost
CUST6533,7,5328,ORD091814,91814,8186,3,1,2,Promising
CUST6534,5,2639,ORD089942,89942,10058,2,1,1,Promising
CUST6535,17,9978,ORD090456,90456,9544,2,5,5,At Risk
CUST6536,11,7001,ORD063688,63688,36312,1,3,4,At Risk
CUST6537,10,6995,ORD089147,89147,10853,2,3,3,At Risk
CUST6538,13,6563,ORD092678,92678,7322,3,4,3,Loyal
CUST6539,9,6812,ORD083181,83181,16819,1,2,3,Hibernating
CUST6540,7,5929,ORD093192,93192,6808,3,1,3,Promising
CUST6541,8,6499,ORD085235,85235,14765,1,1,3,Hibernating
CUST6542,12,8673,ORD094504,94504,5496,3,4,5,Loyal
CUST6543,14,6631,ORD096342,96342,3658,4,5,3,Loyal
CUST6544,16,10313,ORD082905,82905,17095,1,5,5,At Risk
CUST6545,10,5857,ORD086414,86414,13586,2,3,3,At Risk
CUST6546,11,5483,ORD085695,85695,14305,2,3,2,At Risk
CUST6547,8,3939,ORD090441,90441,9559,2,1,1,Promising
CUST6548,6,3885,ORD093331,93331,6669,3,1,1,Promising
CUST6549,19,12257,ORD096248,96248,3752,4,5,5,Champions
CUST6550,6,3318,ORD098938,98938,1062,5,1,1,New Customers
CUST6551,13,6242,ORD093279,93279,6721,3,4,3,Loyal
CUST6552,10,5202,ORD090842,90842,9158,2,3,2,At Risk
CUST6553,12,10499,ORD097947,97947,2053,4,4,5,Champions
CUST6554,11,4765,ORD094391,94391,5609,3,3,2,Loyal
CUST6555,11,6012,ORD097972,97972,2028,5,3,3,Loyal
CUST6556,11,10270,ORD094451,94451,5549,3,3,5,Loyal
CUST6557,10,4917,ORD086303,86303,13697,2,3,2,At Risk
CUST6558,9,8276,ORD097929,97929,2071,4,2,4,New Customers
CUST6559,8,5508,ORD090701,90701,9299,2,1,2,Promising
CUST6560,6,3106,ORD094304,94304,5696,3,1,1,Promising
CUST6561,14,10971,ORD099749,99749,251,5,5,5,Champions
CUST6562,13,6263,ORD094717,94717,5283,3,4,3,Loyal
CUST6563,13,6849,ORD091381,91381,8619,2,4,3,At Risk
CUST6564,11,8447,ORD093538,93538,6462,3,3,4,Loyal
CUST6565,11,4794,ORD098621,98621,1379,5,3,2,Loyal
CUST6566,14,10186,ORD097130,97130,2870,4,5,5,Champions
CUST6567,16,7488,ORD095072,95072,4928,3,5,4,Loyal
CUST6568,11,6743,ORD086428,86428,13572,2,3,3,At Risk
CUST6569,14,6901,ORD091742,91742,8258,2,5,3,At Risk
CUST6570,11,6704,ORD098792,98792,1208,5,3,3,Loyal
CUST6571,8,4672,ORD093158,93158,6842,3,1,2,Promising
CUST6572,11,7284,ORD086463,86463,13537,2,3,4,At Risk
CUST6573,14,6592,ORD080468,80468,19532,1,5,3,At Risk
CUST6574,12,6602,ORD093464,93464,6536,3,4,3,Loyal
CUST6575,14,6233,ORD069407,69407,30593,1,5,3,At Risk
CUST6576,12,8573,ORD090584,90584,9416,2,4,5,At Risk
CUST6577,7,4208,ORD098931,98931,1069,5,1,1,New Customers
CUST6578,11,8516,ORD088806,88806,11194,2,3,4,At Risk
CUST6579,13,5968,ORD097570,97570,2430,4,4,3,Loyal
CUST6580,10,7759,ORD097829,97829,2171,4,3,4,Loyal
CUST6581,12,7958,ORD090191,90191,9809,2,4,4,At Risk
CUST6582,12,7096,ORD053628,53628,46372,1,4,4,At Risk
CUST6583,8,3987,ORD097032,97032,2968,4,1,1,New Customers
CUST6584,9,6491,ORD092606,92606,7394,3,2,3,Potential Loyalists
CUST6585,10,7568,ORD096796,96796,3204,4,3,4,Loyal
CUST6586,13,7272,ORD095355,95355,4645,4,4,4,Champions
CUST6587,9,3251,ORD084381,84381,15619,1,2,1,Promising
CUST6588,13,8888,ORD095004,95004,4996,3,4,5,Loyal
CUST6589,6,3370,ORD087702,87702,12298,2,1,1,Promising
CUST6590,7,5080,ORD075242,75242,24758,1,1,2,Lost
CUST6591,11,6349,ORD089585,89585,10415,2,3,3,At Risk
CUST6592,11,9751,ORD099212,99212,788,5,3,5,Loyal
CUST6593,13,9859,ORD076782,76782,23218,1,4,5,At Risk
CUST6594,14,9651,ORD095399,95399,4601,4,5,5,Champions
CUST6595,12,4455,ORD090984,90984,9016,2,4,1,At Risk
CUST6596,16,6246,ORD096598,96598,3402,4,5,3,Loyal
CUST6597,14,7427,ORD090076,90076,9924,2,5,4,At Risk
CUST6598,10,5360,ORD081814,81814,18186,1,3,2,At Risk
CUST6599,3,1816,ORD026961,26961,73039,1,1,1,Lost
CUST6600,6,1935,ORD091482,91482,8518,2,1,1,Promising
CUST6601,8,6062,ORD089587,89587,10413,2,1,3,Hibernating
CUST6602,7,2908,ORD091437,91437,8563,2,1,1,Promising
CUST6603,12,8240,ORD088002,88002,11998,2,4,4,At Risk
CUST6604,12,8184,ORD097454,97454,2546,4,4,4,Champions
CUST6605,7,3176,ORD059235,59235,40765,1,1,1,Lost
CUST6606,14,7895,ORD099185,99185,815,5,5,4,Champions
CUST6607,6,3384,ORD071865,71865,28135,1,1,1,Lost
CUST6608,9,5581,ORD081412,81412,18588,1,2,2,Promising
CUST6609,8,5758,ORD090557,90557,9443,2,1,3,Hibernating
CUST6610,9,5097,ORD096484,96484,3516,4,2,2,New Customers
CUST6611,9,6442,ORD076981,76981,23019,1,2,3,Hibernating
CUST6612,4,3820,ORD089805,89805,10195,2,1,1,Promising
CUST6613,19,8336,ORD091739,91739,8261,2,5,4,At Risk
CUST6614,12,7919,ORD099921,99921,79,5,4,4,Champions
CUST6615,13,5932,ORD078080,78080,21920,1,4,3,At Risk
CUST6616,14,9149,ORD097556,97556,2444,4,5,5,Champions
CUST6617,13,8375,ORD087471,87471,12529,2,4,4,At Risk
CUST6618,13,8261,ORD078008,78008,21992,1,4,4,At Risk
CUST6619,5,4551,ORD097354,97354,2646,4,1,2,New Customers
CUST6620,9,4679,ORD088225,88225,11775,2,2,2,Promising
CUST6621,14,7570,ORD098767,98767,1233,5,5,4,Champions
CUST6622,7,2531,ORD099413,99413,587,5,1,1,New Customers
CUST6623,12,7060,ORD086256,86256,13744,2,4,4,At Risk
CUST6624,15,9900,ORD090349,90349,9651,2,5,5,At Risk
CUST6625,13,6629,ORD088582,88582,11418,2,4,3,At Risk
CUST6626,11,4573,ORD098067,98067,1933,5,3,2,Loyal
CUST6627,7,4836,ORD099859,99859,141,5,1,2,New Customers
CUST6628,13,7689,ORD077618,77618,22382,1,4,4,At Risk
CUST6629,14,8129,ORD096039,96039,3961,4,5,4,Champions
CUST6630,14,10408,ORD099180,99180,820,5,5,5,Champions
CUST6631,5,1446,ORD097261,97261,2739,4,1,1,New Customers
CUST6632,10,6441,ORD097823,97823,2177,4,3,3,Loyal
CUST6633,14,6763,ORD091477,91477,8523,2,5,3,At Risk
CUST6634,6,2270,ORD087610,87610,12390,2,1,1,Promising
CUST6635,12,4845,ORD088926,88926,11074,2,4,2,At Risk
CUST6636,10,6345,ORD096582,96582,3418,4,3,3,Loyal
CUST6637,10,6156,ORD094542,94542,5458,3,3,3,Loyal
CUST6638,14,9133,ORD087666,87666,12334,2,5,5,At Risk
CUST6639,9,6303,ORD087775,87775,12225,2,2,3,Hibernating
CUST6640,14,10761,ORD092235,92235,7765,3,5,5,Loyal
CUST6641,14,7628,ORD099460,99460,540,5,5,4,Champions
CUST6642,10,5474,ORD081411,81411,18589,1,3,2,At Risk
CUST6643,13,5789,ORD094517,94517,5483,3,4,3,Loyal
CUST6644,14,9060,ORD093321,93321,6679,3,5,5,Loyal
CUST6645,9,4536,ORD064971,64971,35029,1,2,2,Promising
CUST6646,11,8555,ORD096101,96101,3899,4,3,4,Loyal
CUST6647,12,8104,ORD086873,86873,13127,2,4,4,At Risk
CUST6648,8,4513,ORD095113,95113,4887,3,1,2,Promising
CUST6649,14,10432,ORD097411,97411,2589,4,5,5,Champions
CUST6650,12,8307,ORD099754,99754,246,5,4,4,Champions
CUST6651,14,8340,ORD067049,67049,32951,1,5,4,At Risk
CUST6652,9,4572,ORD091554,91554,8446,2,2,2,Promising
CUST6653,14,6621,ORD097009,97009,2991,4,5,3,Loyal
CUST6654,6,2797,ORD069061,69061,30939,1,1,1,Lost
CUST6655,15,9123,ORD096063,96063,3937,4,5,5,Champions
CUST6656,13,7784,ORD088947,88947,11053,2,4,4,At Risk
CUST6657,12,5774,ORD086313,86313,13687,2,4,3,At Risk
CUST6658,17,13357,ORD077886,77886,22114,1,5,5,At Risk
CUST6659,8,4203,ORD095629,95629,4371,4,1,1,New Customers
CUST6660,5,4690,ORD091298,91298,8702,2,1,2,Promising
CUST6661,10,7700,ORD099855,99855,145,5,3,4,Loyal
CUST6662,10,5710,ORD091179,91179,8821,2,3,2,At Risk
CUST6663,11,7490,ORD095041,95041,4959,3,3,4,Loyal
CUST6664,8,4908,ORD088004,88004,11996,2,1,2,Promising
CUST6665,10,4722,ORD088115,88115,11885,2,3,2,At Risk
CUST6666,11,5682,ORD092998,92998,7002,3,3,2,Loyal
CUST6667,7,6550,ORD092590,92590,7410,3,1,3,Promising
CUST6668,7,3048,ORD097451,97451,2549,4,1,1,New Customers
CUST6669,5,4983,ORD073009,73009,26991,1,1,2,Lost
CUST6670,10,5299,ORD084970,84970,15030,1,3,2,At Risk
CUST6671,10,7555,ORD099059,99059,941,5,3,4,Loyal
CUST6672,12,9213,ORD098257,98257,1743,5,4,5,Champions
CUST6673,10,6604,ORD086711,86711,13289,2,3,3,At Risk
CUST6674,15,9284,ORD095958,95958,4042,4,5,5,Champions
CUST6675,11,7288,ORD081106,81106,18894,1,3,4,At Risk
CUST6676,9,5285,ORD098886,98886,1114,5,2,2,New Customers
CUST6677,12,5364,ORD097088,97088,2912,4,4,2,Loyal
CUST6678,9,6440,ORD098600,98600,1400,5,2,3,New Customers
CUST6679,16,10171,ORD099328,99328,672,5,5,5,Champions
CUST6680,10,5693,ORD088450,88450,11550,2,3,2,At Risk
CUST6681,12,6952,ORD091552,91552,8448,2,4,3,At Risk
CUST6682,15,9144,ORD097763,97763,2237,4,5,5,Champions
CUST6683,4,1100,ORD083412,83412,16588,1,1,1,Lost
CUST6684,9,5994,ORD099613,99613,387,5,2,3,New Customers
CUST6685,15,9001,ORD094978,94978,5022,3,5,5,Loyal
CUST6686,9,4044,ORD097923,97923,2077,4,2,1,New Customers
CUST6687,15,10135,ORD094318,94318,5682,3,5,5,Loyal
CUST6688,14,9389,ORD090308,90308,9692,2,5,5,At Risk
CUST6689,4,2066,ORD070933,70933,29067,1,1,1,Lost
CUST6690,12,5327,ORD080740,80740,19260,1,4,2,At Risk
CUST6691,6,3171,ORD097731,97731,2269,4,1,1,New Customers
CUST6692,12,8406,ORD099243,99243,757,5,4,4,Champions
CUST6693,9,3921,ORD081120,81120,18880,1,2,1,Promising
CUST6694,10,5596,ORD091887,91887,8113,3,3,2,Loyal
CUST6695,15,10911,ORD090168,90168,9832,2,5,5,At Risk
CUST6696,12,8498,ORD099933,99933,67,5,4,4,Champions
CUST6697,10,6219,ORD093044,93044,6956,3,3,3,Loyal
CUST6698,12,7246,ORD095740,95740,4260,4,4,4,Champions
CUST6699,13,8211,ORD091818,91818,8182,3,4,4,Loyal
CUST6700,13,5739,ORD091751,91751,8249,3,4,2,Loyal
CUST6701,14,6993,ORD092661,92661,7339,3,5,3,Loyal
CUST6702,13,9359,ORD096175,96175,3825,4,4,5,Champions
CUST6703,8,3842,ORD096995,96995,3005,4,1,1,New Customers
CUST6704,11,6315,ORD097965,97965,2035,4,3,3,Loyal
CUST6705,14,11829,ORD099637,99637,363,5,5,5,Champions
CUST6706,10,5729,ORD086491,86491,13509,2,3,2,At Risk
CUST6707,13,8105,ORD079530,79530,20470,1,4,4,At Risk
CUST6708,9,4685,ORD096353,96353,3647,4,2,2,New Customers
CUST6709,6,3074,ORD091786,91786,8214,3,1,1,Promising
CUST6710,12,5621,ORD088484,88484,11516,2,4,2,At Risk
CUST6711,10,4461,ORD086430,86430,13570,2,3,1,At Risk
CUST6712,13,8307,ORD073999,73999,26001,1,4,4,At Risk
CUST6713,4,1757,ORD077000,77000,23000,1,1,1,Lost
CUST6714,12,7239,ORD094019,94019,5981,3,4,4,Loyal
CUST6715,11,5203,ORD084430,84430,15570,1,3,2,At Risk
CUST6716,14,10139,ORD096898,96898,3102,4,5,5,Champions
CUST6717,9,4814,ORD071798,71798,28202,1,2,2,Promising
CUST6718,13,9277,ORD097323,97323,2677,4,4,5,Champions
CUST6719,11,5416,ORD095262,95262,4738,3,3,2,Loyal
CUST6720,6,2668,ORD085515,85515,14485,2,1,1,Promising
CUST6721,8,5766,ORD098243,98243,1757,5,1,3,New Customers
CUST6722,13,7301,ORD099448,99448,552,5,4,4,Champions
CUST6723,14,8757,ORD083440,83440,16560,1,5,5,At Risk
CUST6724,9,5822,ORD094154,94154,5846,3,2,3,Potential Loyalists
CUST6725,12,9345,ORD096927,96927,3073,4,4,5,Champions
CUST6726,12,8127,ORD099058,99058,942,5,4,4,Champions
CUST6727,11,7754,ORD080192,80192,19808,1,3,4,At Risk
CUST6728,7,3608,ORD052245,52245,47755,1,1,1,Lost
CUST6729,12,7511,ORD097627,97627,2373,4,4,4,Champions
CUST6730,7,3754,ORD095059,95059,4941,3,1,1,Promising
CUST6731,13,6191,ORD086531,86531,13469,2,4,3,At Risk
CUST6732,6,4487,ORD090282,90282,9718,2,1,1,Promising
CUST6733,14,6634,ORD093201,93201,6799,3,5,3,Loyal
CUST6734,7,3811,ORD084328,84328,15672,1,1,1,Lost
CUST6735,18,11338,ORD092277,92277,7723,3,5,5,Loyal
CUST6736,13,9611,ORD096092,96092,3908,4,4,5,Champions
CUST6737,13,7306,ORD098706,98706,1294,5,4,4,Champions
CUST6738,11,5345,ORD094281,94281,5719,3,3,2,Loyal
CUST6739,7,3565,ORD071170,71170,28830,1,1,1,Lost
CUST6740,11,9233,ORD098474,98474,1526,5,3,5,Loyal
CUST6741,11,5558,ORD095543,95543,4457,4,3,2,Loyal
CUST6742,12,6529,ORD095557,95557,4443,4,4,3,Loyal
CUST6743,4,2191,ORD084731,84731,15269,1,1,1,Lost
CUST6744,14,9001,ORD091164,91164,8836,2,5,5,At Risk
CUST6745,8,6303,ORD098147,98147,1853,5,1,3,New Customers
CUST6746,13,6906,ORD098880,98880,1120,5,4,3,Loyal
CUST6747,6,1996,ORD098179,98179,1821,5,1,1,New Customers
CUST6748,8,2913,ORD095022,95022,4978,3,1,1,Promising
CUST6749,8,3341,ORD089846,89846,10154,2,1,1,Promising
CUST6750,8,4455,ORD072384,72384,27616,1,1,1,Lost
CUST6751,15,8888,ORD092766,92766,7234,3,5,5,Loyal
CUST6752,17,9271,ORD096381,96381,3619,4,5,5,Champions
CUST6753,13,8084,ORD094832,94832,5168,3,4,4,Loyal
CUST6754,10,5914,ORD092116,92116,7884,3,3,3,Loyal
CUST6755,6,3424,ORD072222,72222,27778,1,1,1,Lost
CUST6756,12,6427,ORD095312,95312,4688,3,4,3,Loyal
CUST6757,12,5859,ORD099941,99941,59,5,4,3,Loyal
CUST6758,9,6818,ORD085576,85576,14424,2,2,3,Hibernating
CUST6759,10,9113,ORD095096,95096,4904,3,3,5,Loyal
CUST6760,9,3654,ORD097672,97672,2328,4,2,1,New Customers
CUST6761,14,8237,ORD099327,99327,673,5,5,4,Champions
CUST6762,10,4858,ORD089273,89273,10727,2,3,2,At Risk
CUST6763,12,8006,ORD079842,79842,20158,1,4,4,At Risk
CUST6764,6,3677,ORD054055,54055,45945,1,1,1,Lost
CUST6765,9,5935,ORD086389,86389,13611,2,2,3,Hibernating
CUST6766,15,7477,ORD098448,98448,1552,5,5,4,Champions
CUST6767,5,1931,ORD098345,98345,1655,5,1,1,New Customers
CUST6768,7,4455,ORD093767,93767,6233,3,1,1,Promising
CUST6769,8,5110,ORD093197,93197,6803,3,1,2,Promising
CUST6770,9,3937,ORD098724,98724,1276,5,2,1,New Customers
CUST6771,11,5518,ORD087050,87050,12950,2,3,2,At Risk
CUST6772,11,6597,ORD086149,86149,13851,2,3,3,At Risk
CUST6773,10,6698,ORD074704,74704,25296,1,3,3,At Risk
CUST6774,7,3958,ORD083280,83280,16720,1,1,1,Lost
CUST6775,9,6078,ORD093564,93564,6436,3,2,3,Potential Loyalists
CUST6776,15,8142,ORD095917,95917,4083,4,5,4,Champions
CUST6777,12,10543,ORD090573,90573,9427,2,4,5,At Risk
CUST6778,6,4264,ORD091111,91111,8889,2,1,1,Promising
CUST6779,6,5530,ORD078238,78238,21762,1,1,2,Lost
CUST6780,6,1183,ORD077017,77017,22983,1,1,1,Lost
CUST6781,11,5678,ORD086979,86979,13021,2,3,2,At Risk
CUST6782,11,6575,ORD085241,85241,14759,1,3,3,At Risk
CUST6783,10,6341,ORD092110,92110,7890,3,3,3,Loyal
CUST6784,8,3977,ORD093498,93498,6502,3,1,1,Promising
CUST6785,10,6302,ORD096317,96317,3683,4,3,3,Loyal
CUST6786,15,10103,ORD085949,85949,14051,2,5,5,At Risk
CUST6787,14,8302,ORD083577,83577,16423,1,5,4,At Risk
CUST6788,9,4281,ORD098488,98488,1512,5,2,1,New Customers
CUST6789,10,7939,ORD096580,96580,3420,4,3,4,Loyal
CUST6790,10,6959,ORD093473,93473,6527,3,3,3,Loyal
CUST6791,4,2909,ORD071786,71786,28214,1,1,1,Lost
CUST6792,12,4525,ORD095835,95835,4165,4,4,2,Loyal
CUST6793,10,5614,ORD064382,64382,35618,1,3,2,At Risk
CUST6794,9,3925,ORD061514,61514,38486,1,2,1,Promising
CUST6795,11,5412,ORD098625,98625,1375,5,3,2,Loyal
CUST6796,13,4828,ORD098272,98272,1728,5,4,2,Loyal
CUST6797,12,6986,ORD073556,73556,26444,1,4,3,At Risk
CUST6798,16,10857,ORD095738,95738,4262,4,5,5,Champions
CUST6799,13,6499,ORD097716,97716,2284,4,4,3,Loyal
CUST6800,9,5577,ORD093530,93530,6470,3,2,2,Promising
CUST6801,12,5648,ORD098118,98118,1882,5,4,2,Loyal
CUST6802,8,6518,ORD091215,91215,8785,2,1,3,Hibernating
CUST6803,8,4036,ORD095040,95040,4960,3,1,1,Promising
CUST6804,10,5458,ORD093449,93449,6551,3,3,2,Loyal
CUST6805,15,10419,ORD082395,82395,17605,1,5,5,At Risk
CUST6806,9,6190,ORD094332,94332,5668,3,2,3,Potential Loyalists
CUST6807,7,4999,ORD090179,90179,9821,2,1,2,Promising
CUST6808,7,3991,ORD098307,98307,1693,5,1,1,New Customers
CUST6809,9,7536,ORD083582,83582,16418,1,2,4,Hibernating
CUST6810,16,11469,ORD099271,99271,729,5,5,5,Champions
CUST6811,10,5532,ORD098190,98190,1810,5,3,2,Loyal
CUST6812,10,7161,ORD098119,98119,1881,5,3,4,Loyal
CUST6813,10,5333,ORD092713,92713,7287,3,3,2,Loyal
CUST6814,11,3922,ORD096540,96540,3460,4,3,1,Loyal
CUST6815,19,8845,ORD099259,99259,741,5,5,5,Champions
CUST6816,11,8804,ORD088080,88080,11920,2,3,5,At Risk
CUST6817,12,6603,ORD089022,89022,10978,2,4,3,At Risk
CUST6818,14,9777,ORD085993,85993,14007,2,5,5,At Risk
CUST6819,5,1601,ORD095794,95794,4206,4,1,1,New Customers
CUST6820,10,3274,ORD080681,80681,19319,1,3,1,At Risk
CUST6821,11,9760,ORD091030,91030,8970,2,3,5,At Risk
CUST6822,12,6456,ORD085546,85546,14454,2,4,3,At Risk
CUST6823,8,3541,ORD099056,99056,944,5,1,1,New Customers
CUST6824,15,11110,ORD081029,81029,18971,1,5,5,At Risk
CUST6825,13,8260,ORD094616,94616,5384,3,4,4,Loyal
CUST6826,9,3640,ORD093521,93521,6479,3,2,1,Promising
CUST6827,6,3492,ORD051116,51116,48884,1,1,1,Lost
CUST6828,12,7213,ORD090930,90930,9070,2,4,4,At Risk
CUST6829,11,4332,ORD096390,96390,3610,4,3,1,Loyal
CUST6830,9,4131,ORD096830,96830,3170,4,2,1,New Customers
CUST6831,8,6260,ORD089483,89483,10517,2,1,3,Hibernating
CUST6832,10,4348,ORD099249,99249,751,5,3,1,Loyal
CUST6833,16,9276,ORD099541,99541,459,5,5,5,Champions
CUST6834,11,4975,ORD090257,90257,9743,2,3,2,At Risk
CUST6835,11,4766,ORD096871,96871,3129,4,3,2,Loyal
CUST6836,12,5544,ORD099020,99020,980,5,4,2,Loyal
CUST6837,11,7970,ORD093514,93514,6486,3,3,4,Loyal
CUST6838,9,4236,ORD095891,95891,4109,4,2,1,New Customers
CUST6839,8,3886,ORD098629,98629,1371,5,1,1,New Customers
CUST6840,12,7352,ORD090717,90717,9283,2,4,4,At Risk
CUST6841,13,6139,ORD090040,90040,9960,2,4,3,At Risk
CUST6842,7,4946,ORD094691,94691,5309,3,1,2,Promising
CUST6843,11,6274,ORD098761,98761,1239,5,3,3,Loyal
CUST6844,9,5409,ORD085340,85340,14660,1,2,2,Promising
CUST6845,10,8984,ORD096302,96302,3698,4,3,5,Loyal
CUST6846,7,5637,ORD092890,92890,7110,3,1,2,Promising
CUST6847,11,6734,ORD083844,83844,16156,1,3,3,At Risk
CUST6848,12,7318,ORD088995,88995,11005,2,4,4,At Risk
CUST6849,4,3042,ORD092412,92412,7588,3,1,1,Promising
CUST6850,13,5880,ORD096040,96040,3960,4,4,3,Loyal
CUST6851,8,5313,ORD098338,98338,1662,5,1,2,New Customers
CUST6852,10,6665,ORD085364,85364,14636,1,3,3,At Risk
CUST6853,14,9070,ORD095849,95849,4151,4,5,5,Champions
CUST6854,14,10935,ORD097361,97361,2639,4,5,5,Champions
CUST6855,15,10114,ORD093855,93855,6145,3,5,5,Loyal
CUST6856,8,4545,ORD088393,88393,11607,2,1,2,Promising
CUST6857,15,8489,ORD095620,95620,4380,4,5,4,Champions
CUST6858,10,5801,ORD091269,91269,8731,2,3,3,At Risk
CUST6859,9,5419,ORD097187,97187,2813,4,2,2,New Customers
CUST6860,12,6412,ORD083940,83940,16060,1,4,3,At Risk
CUST6861,10,3424,ORD076890,76890,23110,1,3,1,At Risk
CUST6862,8,3854,ORD098866,98866,1134,5,1,1,New Customers
CUST6863,7,3692,ORD059329,59329,40671,1,1,1,Lost
CUST6864,15,6702,ORD088063,88063,11937,2,5,3,At Risk
CUST6865,9,7044,ORD087519,87519,12481,2,2,4,Hibernating
CUST6866,10,5992,ORD099023,99023,977,5,3,3,Loyal
CUST6867,22,11624,ORD095558,95558,4442,4,5,5,Champions
CUST6868,11,6487,ORD090534,90534,9466,2,3,3,At Risk
CUST6869,12,8290,ORD098317,98317,1683,5,4,4,Champions
CUST6870,12,6836,ORD099922,99922,78,5,4,3,Loyal
CUST6871,6,3122,ORD052786,52786,47214,1,1,1,Lost
CUST6872,8,4796,ORD089564,89564,10436,2,1,2,Promising
CUST6873,15,7095,ORD092742,92742,7258,3,5,4,Loyal
CUST6874,6,2010,ORD097812,97812,2188,4,1,1,New Customers
CUST6875,9,5049,ORD091513,91513,8487,2,2,2,Promising
CUST6876,11,6886,ORD092820,92820,7180,3,3,3,Loyal
CUST6877,9,5128,ORD084775,84775,15225,1,2,2,Promising
CUST6878,15,10446,ORD098442,98442,1558,5,5,5,Champions
CUST6879,7,4580,ORD097698,97698,2302,4,1,2,New Customers
CUST6880,17,7524,ORD099964,99964,36,5,5,4,Champions
CUST6881,12,6027,ORD089769,89769,10231,2,4,3,At Risk
CUST6882,11,6526,ORD099222,99222,778,5,3,3,Loyal
CUST6883,9,5503,ORD092908,92908,7092,3,2,2,Promising
CUST6884,9,5212,ORD092506,92506,7494,3,2,2,Promising
CUST6885,5,1492,ORD032060,32060,67940,1,1,1,Lost
CUST6886,9,4183,ORD048360,48360,51640,1,2,1,Promising
CUST6887,13,9741,ORD097307,97307,2693,4,4,5,Champions
CUST6888,15,8185,ORD096017,96017,3983,4,5,4,Champions
CUST6889,13,8339,ORD097505,97505,2495,4,4,4,Champions
CUST6890,11,5620,ORD090432,90432,9568,2,3,2,At Risk
CUST6891,7,4785,ORD075309,75309,24691,1,1,2,Lost
CUST6892,7,5695,ORD077870,77870,22130,1,1,2,Lost
CUST6893,9,4265,ORD095931,95931,4069,4,2,1,New Customers
CUST6894,9,4473,ORD096058,96058,3942,4,2,1,New Customers
CUST6895,10,4980,ORD099394,99394,606,5,3,2,Loyal
CUST6896,17,12056,ORD099210,99210,790,5,5,5,Champions
CUST6897,14,10810,ORD099421,99421,579,5,5,5,Champions
CUST6898,6,3642,ORD090196,90196,9804,2,1,1,Promising
CUST6899,11,6440,ORD095135,95135,4865,3,3,3,Loyal
CUST6900,10,4501,ORD088843,88843,11157,2,3,2,At Risk
CUST6901,14,9878,ORD097950,97950,2050,4,5,5,Champions
CUST6902,10,5236,ORD090097,90097,9903,2,3,2,At Risk
CUST6903,9,4630,ORD092137,92137,7863,3,2,2,Promising
CUST6904,14,8186,ORD093835,93835,6165,3,5,4,Loyal
CUST6905,11,6563,ORD099849,99849,151,5,3,3,Loyal
CUST6906,11,4997,ORD085369,85369,14631,1,3,2,At Risk
CUST6907,15,7825,ORD083307,83307,16693,1,5,4,At Risk
CUST6908,8,3983,ORD097160,97160,2840,4,1,1,New Customers
CUST6909,15,13616,ORD088691,88691,11309,2,5,5,At Risk
CUST6910,17,9830,ORD079053,79053,20947,1,5,5,At Risk
CUST6911,8,5038,ORD093677,93677,6323,3,1,2,Promising
CUST6912,12,4834,ORD098197,98197,1803,5,4,2,Loyal
CUST6913,6,3163,ORD086429,86429,13571,2,1,1,Promising
CUST6914,12,4248,ORD077879,77879,22121,1,4,1,At Risk
CUST6915,10,8660,ORD096404,96404,3596,4,3,5,Loyal
CUST6916,13,7951,ORD095470,95470,4530,4,4,4,Champions
CUST6917,10,8609,ORD090346,90346,9654,2,3,5,At Risk
CUST6918,15,7469,ORD098175,98175,1825,5,5,4,Champions
CUST6919,14,9815,ORD099503,99503,497,5,5,5,Champions
CUST6920,9,6707,ORD094623,94623,5377,3,2,3,Potential Loyalists
CUST6921,11,5073,ORD086871,86871,13129,2,3,2,At Risk
CUST6922,17,8611,ORD097952,97952,2048,4,5,5,Champions
CUST6923,10,5077,ORD097697,97697,2303,4,3,2,Loyal
CUST6924,14,11060,ORD088381,88381,11619,2,5,5,At Risk
CUST6925,17,10820,ORD088823,88823,11177,2,5,5,At Risk
CUST6926,9,5118,ORD084864,84864,15136,1,2,2,Promising
CUST6927,12,3744,ORD081911,81911,18089,1,4,1,At Risk
CUST6928,10,8063,ORD099676,99676,324,5,3,4,Loyal
CUST6929,10,8387,ORD068167,68167,31833,1,3,4,At Risk
CUST6930,14,7351,ORD094092,94092,5908,3,5,4,Loyal
CUST6931,21,9699,ORD090878,90878,9122,2,5,5,At Risk
CUST6932,13,6938,ORD095132,95132,4868,3,4,3,Loyal
CUST6933,8,4521,ORD094103,94103,5897,3,1,2,Promising
CUST6934,13,5896,ORD095203,95203,4797,3,4,3,Loyal
CUST6935,11,6909,ORD090963,90963,9037,2,3,3,At Risk
CUST6936,7,2871,ORD080752,80752,19248,1,1,1,Lost
CUST6937,14,9775,ORD096254,96254,3746,4,5,5,Champions
CUST6938,11,7757,ORD097085,97085,2915,4,3,4,Loyal
CUST6939,13,9555,ORD097157,97157,2843,4,4,5,Champions
CUST6940,15,8323,ORD091087,91087,8913,2,5,4,At Risk
CUST6941,6,4442,ORD090093,90093,9907,2,1,1,Promising
CUST6942,9,4162,ORD089088,89088,10912,2,2,1,Promising
CUST6943,9,5147,ORD099300,99300,700,5,2,2,New Customers
CUST6944,12,7327,ORD093618,93618,6382,3,4,4,Loyal
CUST6945,9,4553,ORD094621,94621,5379,3,2,2,Promising
CUST6946,4,1852,ORD098680,98680,1320,5,1,1,New Customers
CUST6947,11,6271,ORD086858,86858,13142,2,3,3,At Risk
CUST6948,10,6669,ORD096223,96223,3777,4,3,3,Loyal
CUST6949,5,4332,ORD082184,82184,17816,1,1,1,Lost
CUST6950,12,7214,ORD089448,89448,10552,2,4,4,At Risk
CUST6951,12,8742,ORD093343,93343,6657,3,4,5,Loyal
CUST6952,13,7285,ORD098662,98662,1338,5,4,4,Champions
CUST6953,13,9185,ORD086479,86479,13521,2,4,5,At Risk
CUST6954,11,8005,ORD086982,86982,13018,2,3,4,At Risk
CUST6955,15,8594,ORD099915,99915,85,5,5,5,Champions
CUST6956,13,10598,ORD081822,81822,18178,1,4,5,At Risk
CUST6957,8,5633,ORD087737,87737,12263,2,1,2,Promising
CUST6958,9,4812,ORD099646,99646,354,5,2,2,New Customers
CUST6959,8,4109,ORD076924,76924,23076,1,1,1,Lost
CUST6960,18,13268,ORD094434,94434,5566,3,5,5,Loyal
CUST6961,13,8233,ORD071035,71035,28965,1,4,4,At Risk
CUST6962,7,2955,ORD098250,98250,1750,5,1,1,New Customers
CUST6963,20,11638,ORD098610,98610,1390,5,5,5,Champions
CUST6964,15,9872,ORD098500,98500,1500,5,5,5,Champions
CUST6965,7,4531,ORD099463,99463,537,5,1,2,New Customers
CUST6966,15,10748,ORD092833,92833,7167,3,5,5,Loyal
CUST6967,12,8762,ORD090510,90510,9490,2,4,5,At Risk
CUST6968,13,5297,ORD099959,99959,41,5,4,2,Loyal
CUST6969,7,7222,ORD094438,94438,5562,3,1,4,Promising
CUST6970,11,5885,ORD094093,94093,5907,3,3,3,Loyal
CUST6971,16,9077,ORD087171,87171,12829,2,5,5,At Risk
CUST6972,9,4579,ORD095689,95689,4311,4,2,2,New Customers
CUST6973,9,7032,ORD065660,65660,34340,1,2,4,Hibernating
CUST6974,15,8470,ORD096677,96677,3323,4,5,4,Champions
CUST6975,9,5516,ORD096697,96697,3303,4,2,2,New Customers
CUST6976,15,11809,ORD097472,97472,2528,4,5,5,Champions
CUST6977,13,7074,ORD098581,98581,1419,5,4,4,Champions
CUST6978,6,2927,ORD091425,91425,8575,2,1,1,Promising
CUST6979,13,6864,ORD094379,94379,5621,3,4,3,Loyal
CUST6980,8,4883,ORD080761,80761,19239,1,1,2,Lost
CUST6981,10,6758,ORD094699,94699,5301,3,3,3,Loyal
CUST6982,13,8058,ORD099647,99647,353,5,4,4,Champions
CUST6983,12,8924,ORD093502,93502,6498,3,4,5,Loyal
CUST6984,7,3427,ORD091678,91678,8322,2,1,1,Promising
CUST6985,18,8694,ORD084159,84159,15841,1,5,5,At Risk
CUST6986,8,3132,ORD097497,97497,2503,4,1,1,New Customers
CUST6987,13,8221,ORD086947,86947,13053,2,4,4,At Risk
CUST6988,9,4031,ORD098294,98294,1706,5,2,1,New Customers
CUST6989,9,4707,ORD092500,92500,7500,3,2,2,Promising
CUST6990,12,6614,ORD096957,96957,3043,4,4,3,Loyal
CUST6991,16,9483,ORD097273,97273,2727,4,5,5,Champions
CUST6992,11,6071,ORD093754,93754,6246,3,3,3,Loyal
CUST6993,15,5623,ORD094913,94913,5087,3,5,2,Loyal
CUST6994,5,1897,ORD097804,97804,2196,4,1,1,New Customers
CUST6995,10,5196,ORD099704,99704,296,5,3,2,Loyal
CUST6996,15,8790,ORD097455,97455,2545,4,5,5,Champions
CUST6997,10,6430,ORD092168,92168,7832,3,3,3,Loyal
CUST6998,11,7667,ORD093443,93443,6557,3,3,4,Loyal
CUST6999,10,5623,ORD093631,93631,6369,3,3,2,Loyal
CUST7000,13,9082,ORD071455,71455,28545,1,4,5,At Risk
CUST7001,6,4206,ORD076939,76939,23061,1,1,1,Lost
CUST7002,9,5502,ORD093867,93867,6133,3,2,2,Promising
CUST7003,10,5881,ORD090533,90533,9467,2,3,3,At Risk
CUST7004,9,6703,ORD091116,91116,8884,2,2,3,Hibernating
CUST7005,2,1413,ORD028945,28945,71055,1,1,1,Lost
CUST7006,9,6201,ORD092037,92037,7963,3,2,3,Potential Loyalists
CUST7007,14,9561,ORD096416,96416,3584,4,5,5,Champions
CUST7008,12,5011,ORD097155,97155,2845,4,4,2,Loyal
CUST7009,8,5378,ORD093701,93701,6299,3,1,2,Promising
CUST7010,7,5566,ORD073734,73734,26266,1,1,2,Lost
CUST7011,7,3925,ORD097136,97136,2864,4,1,1,New Customers
CUST7012,9,5732,ORD083656,83656,16344,1,2,2,Promising
CUST7013,12,7836,ORD095303,95303,4697,3,4,4,Loyal
CUST7014,9,2693,ORD089861,89861,10139,2,2,1,Promising
CUST7015,12,9021,ORD094971,94971,5029,3,4,5,Loyal
CUST7016,14,10874,ORD094674,94674,5326,3,5,5,Loyal
CUST7017,8,6697,ORD090797,90797,9203,2,1,3,Hibernating
CUST7018,9,3853,ORD088036,88036,11964,2,2,1,Promising
CUST7019,9,6175,ORD092198,92198,7802,3,2,3,Potential Loyalists
CUST7020,13,6729,ORD099102,99102,898,5,4,3,Loyal
CUST7021,11,6005,ORD096185,96185,3815,4,3,3,Loyal
CUST7022,13,9922,ORD094070,94070,5930,3,4,5,Loyal
CUST7023,10,4150,ORD093055,93055,6945,3,3,1,Loyal
CUST7024,9,7004,ORD094523,94523,5477,3,2,4,Potential Loyalists
CUST7025,13,10035,ORD087948,87948,12052,2,4,5,At Risk
CUST7026,8,4075,ORD094693,94693,5307,3,1,1,Promising
CUST7027,12,5961,ORD099988,99988,12,5,4,3,Loyal
CUST7028,16,9209,ORD099623,99623,377,5,5,5,Champions
CUST7029,10,4800,ORD097957,97957,2043,4,3,2,Loyal
CUST7030,13,5577,ORD078904,78904,21096,1,4,2,At Risk
CUST7031,14,10286,ORD097820,97820,2180,4,5,5,Champions
CUST7032,8,4023,ORD093592,93592,6408,3,1,1,Promising
CUST7033,13,7183,ORD095655,95655,4345,4,4,4,Champions
CUST7034,12,7128,ORD095038,95038,4962,3,4,4,Loyal
CUST7035,16,9932,ORD099414,99414,586,5,5,5,Champions
CUST7036,6,3752,ORD058443,58443,41557,1,1,1,Lost
CUST7037,6,4081,ORD098586,98586,1414,5,1,1,New Customers
CUST7038,18,12231,ORD095414,95414,4586,4,5,5,Champions
CUST7039,13,10060,ORD092297,92297,7703,3,4,5,Loyal
CUST7040,11,5172,ORD094228,94228,5772,3,3,2,Loyal
CUST7041,12,5756,ORD093051,93051,6949,3,4,3,Loyal
CUST7042,10,6080,ORD097115,97115,2885,4,3,3,Loyal
CUST7043,13,9860,ORD098807,98807,1193,5,4,5,Champions
CUST7044,12,7079,ORD097977,97977,2023,5,4,4,Champions
CUST7045,10,5685,ORD092013,92013,7987,3,3,2,Loyal
CUST7046,10,4633,ORD083775,83775,16225,1,3,2,At Risk
CUST7047,12,9735,ORD097844,97844,2156,4,4,5,Champions
CUST7048,16,8806,ORD092880,92880,7120,3,5,5,Loyal
CUST7049,10,4037,ORD098105,98105,1895,5,3,1,Loyal
CUST7050,7,3204,ORD094735,94735,5265,3,1,1,Promising
CUST7051,10,4052,ORD083388,83388,16612,1,3,1,At Risk
CUST7052,9,6467,ORD090187,90187,9813,2,2,3,Hibernating
CUST7053,10,7807,ORD076022,76022,23978,1,3,4,At Risk
CUST7054,14,9389,ORD090149,90149,9851,2,5,5,At Risk
CUST7055,14,10741,ORD099104,99104,896,5,5,5,Champions
CUST7056,13,6548,ORD095768,95768,4232,4,4,3,Loyal
CUST7057,14,5023,ORD088774,88774,11226,2,5,2,At Risk
CUST7058,14,8059,ORD099303,99303,697,5,5,4,Champions
CUST7059,10,7898,ORD093663,93663,6337,3,3,4,Loyal
CUST7060,11,3261,ORD089316,89316,10684,2,3,1,At Risk
CUST7061,11,6708,ORD093409,93409,6591,3,3,3,Loyal
CUST7062,11,6609,ORD090843,90843,9157,2,3,3,At Risk
CUST7063,10,5423,ORD097759,97759,2241,4,3,2,Loyal
CUST7064,6,3982,ORD085430,85430,14570,1,1,1,Lost
CUST7065,12,6038,ORD082400,82400,17600,1,4,3,At Risk
CUST7066,8,5299,ORD090822,90822,9178,2,1,2,Promising
CUST7067,4,3389,ORD099826,99826,174,5,1,1,New Customers
CUST7068,11,11365,ORD076376,76376,23624,1,3,5,At Risk
CUST7069,12,7049,ORD097793,97793,2207,4,4,4,Champions
CUST7070,14,9105,ORD091645,91645,8355,2,5,5,At Risk
CUST7071,12,5094,ORD099284,99284,716,5,4,2,Loyal
CUST7072,11,5806,ORD097315,97315,2685,4,3,3,Loyal
CUST7073,8,5365,ORD084750,84750,15250,1,1,2,Lost
CUST7074,12,6985,ORD091231,91231,8769,2,4,3,At Risk
CUST7075,8,3945,ORD088976,88976,11024,2,1,1,Promising
CUST7076,12,5429,ORD086566,86566,13434,2,4,2,At Risk
CUST7077,19,10086,ORD098911,98911,1089,5,5,5,Champions
CUST7078,17,8662,ORD084564,84564,15436,1,5,5,At Risk
CUST7079,9,4886,ORD094458,94458,5542,3,2,2,Promising
CUST7080,7,4774,ORD089189,89189,10811,2,1,2,Promising
CUST7081,12,7669,ORD098157,98157,1843,5,4,4,Champions
CUST7082,14,7803,ORD094919,94919,5081,3,5,4,Loyal
CUST7083,6,4336,ORD094570,94570,5430,3,1,1,Promising
CUST7084,5,2709,ORD047810,47810,52190,1,1,1,Lost
CUST7085,11,6067,ORD093298,93298,6702,3,3,3,Loyal
CUST7086,12,7223,ORD081894,81894,18106,1,4,4,At Risk
CUST7087,13,6596,ORD090806,90806,9194,2,4,3,At Risk
CUST7088,10,6378,ORD093212,93212,6788,3,3,3,Loyal
CUST7089,18,10314,ORD099113,99113,887,5,5,5,Champions
CUST7090,8,4999,ORD072333,72333,27667,1,1,2,Lost
CUST7091,10,3774,ORD093397,93397,6603,3,3,1,Loyal
CUST7092,10,4480,ORD092425,92425,7575,3,3,1,Loyal
CUST7093,7,3671,ORD097147,97147,2853,4,1,1,New Customers
CUST7094,9,4522,ORD077733,77733,22267,1,2,2,Promising
CUST7095,11,5836,ORD098478,98478,1522,5,3,3,Loyal
CUST7096,9,4559,ORD076388,76388,23612,1,2,2,Promising
CUST7097,10,9013,ORD098363,98363,1637,5,3,5,Loyal
CUST7098,9,4950,ORD085057,85057,14943,1,2,2,Promising
CUST7099,12,7063,ORD093875,93875,6125,3,4,4,Loyal
CUST7100,10,4732,ORD099803,99803,197,5,3,2,Loyal
CUST7101,10,4961,ORD099717,99717,283,5,3,2,Loyal
CUST7102,15,9551,ORD096987,96987,3013,4,5,5,Champions
CUST7103,9,4285,ORD097845,97845,2155,4,2,1,New Customers
CUST7104,7,4475,ORD078966,78966,21034,1,1,1,Lost
CUST7105,8,5753,ORD085091,85091,14909,1,1,3,Hibernating
CUST7106,7,3217,ORD067385,67385,32615,1,1,1,Lost
CUST7107,5,2481,ORD084578,84578,15422,1,1,1,Lost
CUST7108,18,11205,ORD086358,86358,13642,2,5,5,At Risk
CUST7109,8,3689,ORD081730,81730,18270,1,1,1,Lost
CUST7110,10,4842,ORD084585,84585,15415,1,3,2,At Risk
CUST7111,11,7305,ORD092593,92593,7407,3,3,4,Loyal
CUST7112,11,7314,ORD082256,82256,17744,1,3,4,At Risk
CUST7113,15,10936,ORD095091,95091,4909,3,5,5,Loyal
CUST7114,11,8455,ORD058115,58115,41885,1,3,4,At Risk
CUST7115,16,10436,ORD096795,96795,3205,4,5,5,Champions
CUST7116,11,5368,ORD089231,89231,10769,2,3,2,At Risk
CUST7117,10,4124,ORD099311,99311,689,5,3,1,Loyal
CUST7118,10,4384,ORD098173,98173,1827,5,3,1,Loyal
CUST7119,14,7832,ORD080515,80515,19485,1,5,4,At Risk
CUST7120,11,7394,ORD085422,85422,14578,1,3,4,At Risk
CUST7121,13,6268,ORD091845,91845,8155,3,4,3,Loyal
CUST7122,17,10113,ORD095637,95637,4363,4,5,5,Champions
CUST7123,9,5472,ORD094069,94069,5931,3,2,2,Promising
CUST7124,16,11082,ORD099473,99473,527,5,5,5,Champions
CUST7125,11,7571,ORD091304,91304,8696,2,3,4,At Risk
CUST7126,14,7023,ORD099666,99666,334,5,5,4,Champions
CUST7127,12,5900,ORD099085,99085,915,5,4,3,Loyal
CUST7128,14,7088,ORD091419,91419,8581,2,5,4,At Risk
CUST7129,11,5212,ORD097936,97936,2064,4,3,2,Loyal
CUST7130,10,8100,ORD089469,89469,10531,2,3,4,At Risk
CUST7131,20,9609,ORD093165,93165,6835,3,5,5,Loyal
CUST7132,11,6062,ORD089795,89795,10205,2,3,3,At Risk
CUST7133,13,11803,ORD099772,99772,228,5,4,5,Champions
CUST7134,9,6158,ORD096616,96616,3384,4,2,3,New Customers
CUST7135,12,8805,ORD099649,99649,351,5,4,5,Champions
CUST7136,10,6001,ORD097714,97714,2286,4,3,3,Loyal
CUST7137,7,5051,ORD098758,98758,1242,5,1,2,New Customers
CUST7138,11,8254,ORD097355,97355,2645,4,3,4,Loyal
CUST7139,13,8691,ORD095992,95992,4008,4,4,5,Champions
CUST7140,13,8938,ORD087220,87220,12780,2,4,5,At Risk
CUST7141,10,6708,ORD095111,95111,4889,3,3,3,Loyal
CUST7142,8,4345,ORD089881,89881,10119,2,1,1,Promising
CUST7143,13,8750,ORD089536,89536,10464,2,4,5,At Risk
CUST7144,12,7578,ORD099493,99493,507,5,4,4,Champions
CUST7145,11,7702,ORD089218,89218,10782,2,3,4,At Risk
CUST7146,12,6732,ORD087655,87655,12345,2,4,3,At Risk
CUST7147,9,4083,ORD094934,94934,5066,3,2,1,Promising
CUST7148,8,5394,ORD076851,76851,23149,1,1,2,Lost
CUST7149,15,8099,ORD092914,92914,7086,3,5,4,Loyal
CUST7150,9,5765,ORD098413,98413,1587,5,2,3,New Customers
CUST7151,12,7423,ORD085076,85076,14924,1,4,4,At Risk
CUST7152,9,4651,ORD083286,83286,16714,1,2,2,Promising
CUST7153,10,5876,ORD092026,92026,7974,3,3,3,Loyal
CUST7154,9,5423,ORD089859,89859,10141,2,2,2,Promising
CUST7155,7,3557,ORD096252,96252,3748,4,1,1,New Customers
CUST7156,13,8167,ORD092308,92308,7692,3,4,4,Loyal
CUST7157,14,9541,ORD089691,89691,10309,2,5,5,At Risk
CUST7158,10,7242,ORD083429,83429,16571,1,3,4,At Risk
CUST7159,16,8034,ORD092504,92504,7496,3,5,4,Loyal
CUST7160,14,10049,ORD097827,97827,2173,4,5,5,Champions
CUST7161,11,4911,ORD084073,84073,15927,1,3,2,At Risk
CUST7162,8,3769,ORD085897,85897,14103,2,1,1,Promising
CUST7163,10,6281,ORD084798,84798,15202,1,3,3,At Risk
CUST7164,8,4703,ORD082603,82603,17397,1,1,2,Lost
CUST7165,16,7361,ORD099436,99436,564,5,5,4,Champions
CUST7166,14,10501,ORD080171,80171,19829,1,5,5,At Risk
CUST7167,8,5591,ORD097008,97008,2992,4,1,2,New Customers
CUST7168,5,2761,ORD097174,97174,2826,4,1,1,New Customers
CUST7169,11,7270,ORD095487,95487,4513,4,3,4,Loyal
CUST7170,11,6629,ORD079141,79141,20859,1,3,3,At Risk
CUST7171,12,7855,ORD097749,97749,2251,4,4,4,Champions
CUST7172,12,7434,ORD081941,81941,18059,1,4,4,At Risk
CUST7173,12,7309,ORD098183,98183,1817,5,4,4,Champions
CUST7174,10,4896,ORD094385,94385,5615,3,3,2,Loyal
CUST7175,9,8079,ORD075448,75448,24552,1,2,4,Hibernating
CUST7176,17,8355,ORD077558,77558,22442,1,5,4,At Risk
CUST7177,13,5840,ORD093655,93655,6345,3,4,3,Loyal
CUST7178,14,6917,ORD096568,96568,3432,4,5,3,Loyal
CUST7179,16,7984,ORD098659,98659,1341,5,5,4,Champions
CUST7180,7,5238,ORD074752,74752,25248,1,1,2,Lost
CUST7181,12,9117,ORD087929,87929,12071,2,4,5,At Risk
CUST7182,7,3155,ORD085044,85044,14956,1,1,1,Lost
CUST7183,17,12415,ORD098549,98549,1451,5,5,5,Champions
CUST7184,12,7091,ORD098321,98321,1679,5,4,4,Champions
CUST7185,12,8623,ORD069385,69385,30615,1,4,5,At Risk
CUST7186,9,3530,ORD075020,75020,24980,1,2,1,Promising
CUST7187,18,9636,ORD091177,91177,8823,2,5,5,At Risk
CUST7188,11,7137,ORD095691,95691,4309,4,3,4,Loyal
CUST7189,14,6251,ORD094316,94316,5684,3,5,3,Loyal
CUST7190,14,6447,ORD090397,90397,9603,2,5,3,At Risk
CUST7191,16,7265,ORD096523,96523,3477,4,5,4,Champions
CUST7192,9,6340,ORD096881,96881,3119,4,2,3,New Customers
CUST7193,9,7198,ORD082823,82823,17177,1,2,4,Hibernating
CUST7194,13,7394,ORD086267,86267,13733,2,4,4,At Risk
CUST7195,5,2944,ORD057161,57161,42839,1,1,1,Lost
CUST7196,9,5070,ORD071889,71889,28111,1,2,2,Promising
CUST7197,2,898,ORD092070,92070,7930,3,1,1,Promising
CUST7198,7,4338,ORD092107,92107,7893,3,1,1,Promising
CUST7199,10,8856,ORD084077,84077,15923,1,3,5,At Risk
CUST7200,13,9249,ORD089538,89538,10462,2,4,5,At Risk
CUST7201,15,10254,ORD094042,94042,5958,3,5,5,Loyal
CUST7202,14,8897,ORD093778,93778,6222,3,5,5,Loyal
CUST7203,9,3967,ORD096257,96257,3743,4,2,1,New Customers
CUST7204,10,4933,ORD091832,91832,8168,3,3,2,Loyal
CUST7205,12,7303,ORD097133,97133,2867,4,4,4,Champions
CUST7206,9,6667,ORD089015,89015,10985,2,2,3,Hibernating
CUST7207,13,5704,ORD092806,92806,7194,3,4,2,Loyal
CUST7208,15,10591,ORD095900,95900,4100,4,5,5,Champions
CUST7209,9,4955,ORD096811,96811,3189,4,2,2,New Customers
CUST7210,10,3785,ORD070364,70364,29636,1,3,1,At Risk
CUST7211,9,6232,ORD059181,59181,40819,1,2,3,Hibernating
CUST7212,6,2491,ORD095380,95380,4620,4,1,1,New Customers
CUST7213,9,5709,ORD091059,91059,8941,2,2,2,Promising
CUST7214,12,7382,ORD091040,91040,8960,2,4,4,At Risk
CUST7215,13,8170,ORD098112,98112,1888,5,4,4,Champions
CUST7216,10,7317,ORD091099,91099,8901,2,3,4,At Risk
CUST7217,6,3850,ORD097835,97835,2165,4,1,1,New Customers
CUST7218,9,5839,ORD089460,89460,10540,2,2,3,Hibernating
CUST7219,11,5832,ORD099586,99586,414,5,3,3,Loyal
CUST7220,9,5550,ORD088888,88888,11112,2,2,2,Promising
CUST7221,13,6003,ORD090246,90246,9754,2,4,3,At Risk
CUST7222,14,9176,ORD098524,98524,1476,5,5,5,Champions
CUST7223,19,11290,ORD090248,90248,9752,2,5,5,At Risk
CUST7224,14,8563,ORD097539,97539,2461,4,5,5,Champions
CUST7225,10,5286,ORD099954,99954,46,5,3,2,Loyal
CUST7226,16,7834,ORD094526,94526,5474,3,5,4,Loyal
CUST7227,7,4739,ORD074703,74703,25297,1,1,2,Lost
CUST7228,14,7289,ORD095317,95317,4683,4,5,4,Champions
CUST7229,8,5772,ORD095218,95218,4782,3,1,3,Promising
CUST7230,14,8317,ORD089492,89492,10508,2,5,4,At Risk
CUST7231,11,5739,ORD098372,98372,1628,5,3,2,Loyal
CUST7232,19,11553,ORD099340,99340,660,5,5,5,Champions
CUST7233,8,6257,ORD099265,99265,735,5,1,3,New Customers
CUST7234,15,6650,ORD097513,97513,2487,4,5,3,Loyal
CUST7235,8,4853,ORD098945,98945,1055,5,1,2,New Customers
CUST7236,15,10971,ORD090852,90852,9148,2,5,5,At Risk
CUST7237,11,6290,ORD085473,85473,14527,2,3,3,At Risk
CUST7238,8,5546,ORD097870,97870,2130,4,1,2,New Customers
CUST7239,8,4617,ORD089081,89081,10919,2,1,2,Promising
CUST7240,12,9038,ORD085255,85255,14745,1,4,5,At Risk
CUST7241,11,7015,ORD089188,89188,10812,2,3,4,At Risk
CUST7242,12,6898,ORD097025,97025,2975,4,4,3,Loyal
CUST7243,12,6000,ORD098459,98459,1541,5,4,3,Loyal
CUST7244,14,7975,ORD079359,79359,20641,1,5,4,At Risk
CUST7245,10,4986,ORD097430,97430,2570,4,3,2,Loyal
CUST7246,15,10003,ORD096979,96979,3021,4,5,5,Champions
CUST7247,14,9563,ORD097271,97271,2729,4,5,5,Champions
CUST7248,8,6115,ORD093819,93819,6181,3,1,3,Promising
CUST7249,16,8090,ORD095755,95755,4245,4,5,4,Champions
CUST7250,17,7750,ORD099273,99273,727,5,5,4,Champions
CUST7251,18,8454,ORD096380,96380,3620,4,5,4,Champions
CUST7252,6,4282,ORD093205,93205,6795,3,1,1,Promising
CUST7253,6,2631,ORD093717,93717,6283,3,1,1,Promising
CUST7254,8,4838,ORD095379,95379,4621,4,1,2,New Customers
CUST7255,12,9473,ORD085234,85234,14766,1,4,5,At Risk
CUST7256,8,5732,ORD079177,79177,20823,1,1,2,Lost
CUST7257,9,4152,ORD088314,88314,11686,2,2,1,Promising
CUST7258,17,9670,ORD097077,97077,2923,4,5,5,Champions
CUST7259,10,8242,ORD098213,98213,1787,5,3,4,Loyal
CUST7260,9,3636,ORD085832,85832,14168,2,2,1,Promising
CUST7261,13,7447,ORD097045,97045,2955,4,4,4,Champions
CUST7262,9,3779,ORD092056,92056,7944,3,2,1,Promising
CUST7263,6,5160,ORD097408,97408,2592,4,1,2,New Customers
CUST7264,7,2170,ORD089655,89655,10345,2,1,1,Promising
CUST7265,14,6163,ORD082858,82858,17142,1,5,3,At Risk
CUST7266,9,6346,ORD097438,97438,2562,4,2,3,New Customers
CUST7267,11,7787,ORD097181,97181,2819,4,3,4,Loyal
CUST7268,15,9517,ORD084555,84555,15445,1,5,5,At Risk
CUST7269,11,5362,ORD091833,91833,8167,3,3,2,Loyal
CUST7270,10,5657,ORD098834,98834,1166,5,3,2,Loyal
CUST7271,12,6961,ORD097158,97158,2842,4,4,3,Loyal
CUST7272,12,8234,ORD095449,95449,4551,4,4,4,Champions
CUST7273,9,4332,ORD085085,85085,14915,1,2,1,Promising
CUST7274,11,7641,ORD097924,97924,2076,4,3,4,Loyal
CUST7275,14,7221,ORD097264,97264,2736,4,5,4,Champions
CUST7276,16,10397,ORD090224,90224,9776,2,5,5,At Risk
CUST7277,5,3287,ORD086490,86490,13510,2,1,1,Promising
CUST7278,14,7790,ORD091913,91913,8087,3,5,4,Loyal
CUST7279,7,2622,ORD093372,93372,6628,3,1,1,Promising
CUST7280,13,7530,ORD078031,78031,21969,1,4,4,At Risk
CUST7281,8,4358,ORD090350,90350,9650,2,1,1,Promising
CUST7282,9,5146,ORD095971,95971,4029,4,2,2,New Customers
CUST7283,7,3261,ORD081633,81633,18367,1,1,1,Lost
CUST7284,13,9409,ORD099551,99551,449,5,4,5,Champions
CUST7285,7,2198,ORD093288,93288,6712,3,1,1,Promising
CUST7286,11,5864,ORD098286,98286,1714,5,3,3,Loyal
CUST7287,9,4984,ORD079397,79397,20603,1,2,2,Promising
CUST7288,9,4777,ORD097290,97290,2710,4,2,2,New Customers
CUST7289,8,3710,ORD097351,97351,2649,4,1,1,New Customers
CUST7290,15,8211,ORD096778,96778,3222,4,5,4,Champions
CUST7291,14,8421,ORD078416,78416,21584,1,5,4,At Risk
CUST7292,12,5032,ORD095652,95652,4348,4,4,2,Loyal
CUST7293,9,6511,ORD067243,67243,32757,1,2,3,Hibernating
CUST7294,14,10319,ORD093210,93210,6790,3,5,5,Loyal
CUST7295,11,9418,ORD092475,92475,7525,3,3,5,Loyal
CUST7296,12,6347,ORD096781,96781,3219,4,4,3,Loyal
CUST7297,8,6238,ORD076156,76156,23844,1,1,3,Hibernating
CUST7298,15,8853,ORD083658,83658,16342,1,5,5,At Risk
CUST7299,16,7710,ORD087123,87123,12877,2,5,4,At Risk
CUST7300,7,3911,ORD093047,93047,6953,3,1,1,Promising
CUST7301,15,8580,ORD099708,99708,292,5,5,5,Champions
CUST7302,10,7889,ORD097879,97879,2121,4,3,4,Loyal
CUST7303,10,5879,ORD099458,99458,542,5,3,3,Loyal
CUST7304,18,9567,ORD096856,96856,3144,4,5,5,Champions
CUST7305,20,10980,ORD099456,99456,544,5,5,5,Champions
CUST7306,12,9299,ORD086444,86444,13556,2,4,5,At Risk
CUST7307,10,5332,ORD093041,93041,6959,3,3,2,Loyal
CUST7308,21,11462,ORD098308,98308,1692,5,5,5,Champions
CUST7309,6,2582,ORD096259,96259,3741,4,1,1,New Customers
CUST7310,9,6978,ORD098287,98287,1713,5,2,3,New Customers
CUST7311,11,6140,ORD097337,97337,2663,4,3,3,Loyal
CUST7312,8,4879,ORD098141,98141,1859,5,1,2,New Customers
CUST7313,17,10018,ORD088878,88878,11122,2,5,5,At Risk
CUST7314,11,4441,ORD090589,90589,9411,2,3,1,At Risk
CUST7315,11,8058,ORD098849,98849,1151,5,3,4,Loyal
CUST7316,11,4010,ORD093805,93805,6195,3,3,1,Loyal
CUST7317,13,7517,ORD094065,94065,5935,3,4,4,Loyal
CUST7318,10,6646,ORD091597,91597,8403,2,3,3,At Risk
CUST7319,9,4690,ORD098796,98796,1204,5,2,2,New Customers
CUST7320,9,4966,ORD095264,95264,4736,3,2,2,Promising
CUST7321,11,8385,ORD099163,99163,837,5,3,4,Loyal
CUST7322,11,5850,ORD074093,74093,25907,1,3,3,At Risk
CUST7323,11,8208,ORD098808,98808,1192,5,3,4,Loyal
CUST7324,7,4800,ORD090074,90074,9926,2,1,2,Promising
CUST7325,10,5338,ORD098365,98365,1635,5,3,2,Loyal
CUST7326,15,6314,ORD099142,99142,858,5,5,3,Loyal
CUST7327,9,6089,ORD094619,94619,5381,3,2,3,Potential Loyalists
CUST7328,15,11233,ORD094152,94152,5848,3,5,5,Loyal
CUST7329,11,5922,ORD092132,92132,7868,3,3,3,Loyal
CUST7330,13,8491,ORD093512,93512,6488,3,4,4,Loyal
CUST7331,5,3503,ORD062392,62392,37608,1,1,1,Lost
CUST7332,8,3884,ORD099972,99972,28,5,1,1,New Customers
CUST7333,11,6972,ORD083979,83979,16021,1,3,3,At Risk
CUST7334,15,8171,ORD095896,95896,4104,4,5,4,Champions
CUST7335,10,9173,ORD097743,97743,2257,4,3,5,Loyal
CUST7336,11,5661,ORD091593,91593,8407,2,3,2,At Risk
CUST7337,10,4788,ORD090410,90410,9590,2,3,2,At Risk
CUST7338,14,6805,ORD079567,79567,20433,1,5,3,At Risk
CUST7339,7,3796,ORD059756,59756,40244,1,1,1,Lost
CUST7340,9,4514,ORD091063,91063,8937,2,2,2,Promising
CUST7341,10,5654,ORD088683,88683,11317,2,3,2,At Risk
CUST7342,12,5506,ORD083795,83795,16205,1,4,2,At Risk
CUST7343,10,5249,ORD074099,74099,25901,1,3,2,At Risk
CUST7344,10,5484,ORD092461,92461,7539,3,3,2,Loyal
CUST7345,12,5480,ORD094112,94112,5888,3,4,2,Loyal
CUST7346,10,4975,ORD096518,96518,3482,4,3,2,Loyal
CUST7347,12,6320,ORD073873,73873,26127,1,4,3,At Risk
CUST7348,13,6669,ORD072279,72279,27721,1,4,3,At Risk
CUST7349,14,11254,ORD093189,93189,6811,3,5,5,Loyal
CUST7350,9,6226,ORD052981,52981,47019,1,2,3,Hibernating
CUST7351,10,4877,ORD089373,89373,10627,2,3,2,At Risk
CUST7352,14,7385,ORD096966,96966,3034,4,5,4,Champions
CUST7353,7,4006,ORD086823,86823,13177,2,1,1,Promising
CUST7354,10,6595,ORD083339,83339,16661,1,3,3,At Risk
CUST7355,16,6708,ORD095145,95145,4855,3,5,3,Loyal
CUST7356,7,4136,ORD091975,91975,8025,3,1,1,Promising
CUST7357,11,5803,ORD094425,94425,5575,3,3,3,Loyal
CUST7358,16,9422,ORD099917,99917,83,5,5,5,Champions
CUST7359,10,7655,ORD060950,60950,39050,1,3,4,At Risk
CUST7360,10,6595,ORD098528,98528,1472,5,3,3,Loyal
CUST7361,14,11104,ORD098048,98048,1952,5,5,5,Champions
CUST7362,12,8733,ORD087827,87827,12173,2,4,5,At Risk
CUST7363,15,9587,ORD096235,96235,3765,4,5,5,Champions
CUST7364,9,7283,ORD095026,95026,4974,3,2,4,Potential Loyalists
CUST7365,11,6477,ORD089559,89559,10441,2,3,3,At Risk
CUST7366,12,5799,ORD092249,92249,7751,3,4,3,Loyal
CUST7367,12,7370,ORD095419,95419,4581,4,4,4,Champions
CUST7368,6,3220,ORD094252,94252,5748,3,1,1,Promising
CUST7369,7,2275,ORD068547,68547,31453,1,1,1,Lost
CUST7370,19,12090,ORD098265,98265,1735,5,5,5,Champions
CUST7371,16,8738,ORD099428,99428,572,5,5,5,Champions
CUST7372,11,4839,ORD097671,97671,2329,4,3,2,Loyal
CUST7373,10,5300,ORD096715,96715,3285,4,3,2,Loyal
CUST7374,16,5920,ORD095910,95910,4090,4,5,3,Loyal
CUST7375,11,5754,ORD093367,93367,6633,3,3,3,Loyal
CUST7376,7,4352,ORD079271,79271,20729,1,1,1,Lost
CUST7377,11,5904,ORD085162,85162,14838,1,3,3,At Risk
CUST7378,10,6716,ORD097327,97327,2673,4,3,3,Loyal
CUST7379,11,5012,ORD067976,67976,32024,1,3,2,At Risk
CUST7380,7,3963,ORD093908,93908,6092,3,1,1,Promising
CUST7381,14,7510,ORD095824,95824,4176,4,5,4,Champions
CUST7382,13,7060,ORD091600,91600,8400,2,4,4,At Risk
CUST7383,9,5044,ORD088612,88612,11388,2,2,2,Promising
CUST7384,5,2716,ORD094216,94216,5784,3,1,1,Promising
CUST7385,13,6977,ORD099216,99216,784,5,4,3,Loyal
CUST7386,11,5844,ORD092362,92362,7638,3,3,3,Loyal
CUST7387,18,8848,ORD098405,98405,1595,5,5,5,Champions
CUST7388,15,8228,ORD080172,80172,19828,1,5,4,At Risk
CUST7389,13,11233,ORD097134,97134,2866,4,4,5,Champions
CUST7390,12,6617,ORD097720,97720,2280,4,4,3,Loyal
CUST7391,7,5095,ORD099924,99924,76,5,1,2,New Customers
CUST7392,21,9727,ORD098707,98707,1293,5,5,5,Champions
CUST7393,6,3534,ORD098349,98349,1651,5,1,1,New Customers
CUST7394,8,3957,ORD098165,98165,1835,5,1,1,New Customers
CUST7395,16,9473,ORD099654,99654,346,5,5,5,Champions
CUST7396,15,6458,ORD093118,93118,6882,3,5,3,Loyal
CUST7397,13,8789,ORD089724,89724,10276,2,4,5,At Risk
CUST7398,13,9231,ORD098075,98075,1925,5,4,5,Champions
CUST7399,12,4449,ORD093432,93432,6568,3,4,1,Loyal
CUST7400,7,4449,ORD076602,76602,23398,1,1,1,Lost
CUST7401,21,12981,ORD097674,97674,2326,4,5,5,Champions
CUST7402,11,6384,ORD068734,68734,31266,1,3,3,At Risk
CUST7403,11,5912,ORD083589,83589,16411,1,3,3,At Risk
CUST7404,9,4325,ORD089710,89710,10290,2,2,1,Promising
CUST7405,13,6185,ORD098494,98494,1506,5,4,3,Loyal
CUST7406,14,8791,ORD089987,89987,10013,2,5,5,At Risk
CUST7407,14,9683,ORD096030,96030,3970,4,5,5,Champions
CUST7408,11,5661,ORD084559,84559,15441,1,3,2,At Risk
CUST7409,10,7314,ORD088578,88578,11422,2,3,4,At Risk
CUST7410,11,6120,ORD088130,88130,11870,2,3,3,At Risk
CUST7411,13,7545,ORD084620,84620,15380,1,4,4,At Risk
CUST7412,12,7171,ORD099874,99874,126,5,4,4,Champions
CUST7413,9,5158,ORD097772,97772,2228,4,2,2,New Customers
CUST7414,14,8729,ORD098935,98935,1065,5,5,5,Champions
CUST7415,6,2267,ORD097168,97168,2832,4,1,1,New Customers
CUST7416,7,3007,ORD098852,98852,1148,5,1,1,New Customers
CUST7417,8,4546,ORD096164,96164,3836,4,1,2,New Customers
CUST7418,13,5768,ORD088308,88308,11692,2,4,3,At Risk
CUST7419,11,4996,ORD093801,93801,6199,3,3,2,Loyal
CUST7420,11,6080,ORD097092,97092,2908,4,3,3,Loyal
CUST7421,12,5248,ORD095517,95517,4483,4,4,2,Loyal
CUST7422,10,6599,ORD092636,92636,7364,3,3,3,Loyal
CUST7423,9,6448,ORD092470,92470,7530,3,2,3,Potential Loyalists
CUST7424,9,7556,ORD091857,91857,8143,3,2,4,Potential Loyalists
CUST7425,11,5699,ORD074772,74772,25228,1,3,2,At Risk
CUST7426,8,4613,ORD095993,95993,4007,4,1,2,New Customers
CUST7427,15,9539,ORD095043,95043,4957,3,5,5,Loyal
CUST7428,12,8363,ORD093645,93645,6355,3,4,4,Loyal
CUST7429,13,8283,ORD097186,97186,2814,4,4,4,Champions
CUST7430,11,5187,ORD085980,85980,14020,2,3,2,At Risk
CUST7431,8,4566,ORD090469,90469,9531,2,1,2,Promising
CUST7432,10,6494,ORD092772,92772,7228,3,3,3,Loyal
CUST7433,7,3707,ORD078318,78318,21682,1,1,1,Lost
CUST7434,8,4617,ORD098592,98592,1408,5,1,2,New Customers
CUST7435,11,9195,ORD096918,96918,3082,4,3,5,Loyal
CUST7436,13,5989,ORD099542,99542,458,5,4,3,Loyal
CUST7437,15,7572,ORD082196,82196,17804,1,5,4,At Risk
CUST7438,15,9572,ORD081993,81993,18007,1,5,5,At Risk
CUST7439,13,7315,ORD098817,98817,1183,5,4,4,Champions
CUST7440,11,7109,ORD097313,97313,2687,4,3,4,Loyal
CUST7441,10,5534,ORD099928,99928,72,5,3,2,Loyal
CUST7442,12,8147,ORD093448,93448,6552,3,4,4,Loyal
CUST7443,13,11039,ORD087394,87394,12606,2,4,5,At Risk
CUST7444,17,10534,ORD091252,91252,8748,2,5,5,At Risk
CUST7445,13,5590,ORD096277,96277,3723,4,4,2,Loyal
CUST7446,7,3122,ORD060302,60302,39698,1,1,1,Lost
CUST7447,13,7037,ORD092044,92044,7956,3,4,4,Loyal
CUST7448,7,4919,ORD086484,86484,13516,2,1,2,Promising
CUST7449,10,4843,ORD098131,98131,1869,5,3,2,Loyal
CUST7450,9,5599,ORD096696,96696,3304,4,2,2,New Customers
CUST7451,14,8404,ORD097326,97326,2674,4,5,4,Champions
CUST7452,11,5152,ORD097266,97266,2734,4,3,2,Loyal
CUST7453,15,11877,ORD081291,81291,18709,1,5,5,At Risk
CUST7454,7,5102,ORD098398,98398,1602,5,1,2,New Customers
CUST7455,6,2581,ORD098295,98295,1705,5,1,1,New Customers
CUST7456,13,5958,ORD099975,99975,25,5,4,3,Loyal
CUST7457,15,9223,ORD095943,95943,4057,4,5,5,Champions
CUST7458,5,1318,ORD077729,77729,22271,1,1,1,Lost
CUST7459,8,3963,ORD099007,99007,993,5,1,1,New Customers
CUST7460,11,6256,ORD094094,94094,5906,3,3,3,Loyal
CUST7461,9,6079,ORD073053,73053,26947,1,2,3,Hibernating
CUST7462,11,5566,ORD098644,98644,1356,5,3,2,Loyal
CUST7463,13,9348,ORD097409,97409,2591,4,4,5,Champions
CUST7464,12,8901,ORD094541,94541,5459,3,4,5,Loyal
CUST7465,10,5973,ORD096667,96667,3333,4,3,3,Loyal
CUST7466,16,12218,ORD099835,99835,165,5,5,5,Champions
CUST7467,10,6100,ORD091798,91798,8202,3,3,3,Loyal
CUST7468,14,9277,ORD093918,93918,6082,3,5,5,Loyal
CUST7469,5,3657,ORD099886,99886,114,5,1,1,New Customers
CUST7470,10,5904,ORD095998,95998,4002,4,3,3,Loyal
CUST7471,10,7170,ORD098159,98159,1841,5,3,4,Loyal
CUST7472,11,5202,ORD089366,89366,10634,2,3,2,At Risk
CUST7473,20,12414,ORD096108,96108,3892,4,5,5,Champions
CUST7474,9,5283,ORD085720,85720,14280,2,2,2,Promising
CUST7475,12,6760,ORD099916,99916,84,5,4,3,Loyal
CUST7476,11,5905,ORD091232,91232,8768,2,3,3,At Risk
CUST7477,5,3138,ORD096709,96709,3291,4,1,1,New Customers
CUST7478,10,6046,ORD078502,78502,21498,1,3,3,At Risk
CUST7479,10,7516,ORD095913,95913,4087,4,3,4,Loyal
CUST7480,12,8803,ORD099824,99824,176,5,4,5,Champions
CUST7481,14,9220,ORD094847,94847,5153,3,5,5,Loyal
CUST7482,12,5600,ORD099862,99862,138,5,4,2,Loyal
CUST7483,9,4089,ORD098816,98816,1184,5,2,1,New Customers
CUST7484,17,10671,ORD099709,99709,291,5,5,5,Champions
CUST7485,6,5834,ORD099884,99884,116,5,1,3,New Customers
CUST7486,10,6230,ORD098850,98850,1150,5,3,3,Loyal
CUST7487,11,7916,ORD098977,98977,1023,5,3,4,Loyal
CUST7488,16,6828,ORD092027,92027,7973,3,5,3,Loyal
CUST7489,10,4038,ORD091202,91202,8798,2,3,1,At Risk
CUST7490,10,6486,ORD089405,89405,10595,2,3,3,At Risk
CUST7491,8,6770,ORD077292,77292,22708,1,1,3,Hibernating
CUST7492,10,5264,ORD089456,89456,10544,2,3,2,At Risk
CUST7493,18,9921,ORD099861,99861,139,5,5,5,Champions
CUST7494,12,4856,ORD097526,97526,2474,4,4,2,Loyal
CUST7495,13,6193,ORD096502,96502,3498,4,4,3,Loyal
CUST7496,13,8045,ORD087246,87246,12754,2,4,4,At Risk
CUST7497,11,6633,ORD085532,85532,14468,2,3,3,At Risk
CUST7498,10,4661,ORD090789,90789,9211,2,3,2,At Risk
CUST7499,8,4478,ORD095376,95376,4624,4,1,1,New Customers
CUST7500,15,7874,ORD094671,94671,5329,3,5,4,Loyal
CUST7501,8,2963,ORD068034,68034,31966,1,1,1,Lost
CUST7502,17,12800,ORD099039,99039,961,5,5,5,Champions
CUST7503,9,3839,ORD076729,76729,23271,1,2,1,Promising
CUST7504,13,6698,ORD094529,94529,5471,3,4,3,Loyal
CUST7505,14,10128,ORD081390,81390,18610,1,5,5,At Risk
CUST7506,11,6401,ORD087090,87090,12910,2,3,3,At Risk
CUST7507,8,5878,ORD095766,95766,4234,4,1,3,New Customers
CUST7508,18,11455,ORD098055,98055,1945,5,5,5,Champions
CUST7509,11,5868,ORD093236,93236,6764,3,3,3,Loyal
CUST7510,6,5655,ORD092108,92108,7892,3,1,2,Promising
CUST7511,11,8776,ORD098155,98155,1845,5,3,5,Loyal
CUST7512,9,6647,ORD072665,72665,27335,1,2,3,Hibernating
CUST7513,14,6593,ORD093956,93956,6044,3,5,3,Loyal
CUST7514,11,6970,ORD099882,99882,118,5,3,3,Loyal
CUST7515,9,6923,ORD099919,99919,81,5,2,3,New Customers
CUST7516,9,4434,ORD093676,93676,6324,3,2,1,Promising
CUST7517,11,7689,ORD099193,99193,807,5,3,4,Loyal
CUST7518,17,11939,ORD084104,84104,15896,1,5,5,At Risk
CUST7519,11,7784,ORD081012,81012,18988,1,3,4,At Risk
CUST7520,14,6975,ORD099957,99957,43,5,5,3,Loyal
CUST7521,9,4711,ORD098932,98932,1068,5,2,2,New Customers
CUST7522,10,5905,ORD095907,95907,4093,4,3,3,Loyal
CUST7523,14,9755,ORD091475,91475,8525,2,5,5,At Risk
CUST7524,16,7014,ORD096170,96170,3830,4,5,4,Champions
CUST7525,8,4416,ORD095707,95707,4293,4,1,1,New Customers
CUST7526,12,5530,ORD093358,93358,6642,3,4,2,Loyal
CUST7527,14,7512,ORD099356,99356,644,5,5,4,Champions
CUST7528,14,5229,ORD096179,96179,3821,4,5,2,Loyal
CUST7529,7,3560,ORD094658,94658,5342,3,1,1,Promising
CUST7530,13,8179,ORD099728,99728,272,5,4,4,Champions
CUST7531,12,5801,ORD082418,82418,17582,1,4,3,At Risk
CUST7532,8,5070,ORD089075,89075,10925,2,1,2,Promising
CUST7533,9,5076,ORD093080,93080,6920,3,2,2,Promising
CUST7534,9,4823,ORD091768,91768,8232,3,2,2,Promising
CUST7535,9,5711,ORD095733,95733,4267,4,2,2,New Customers
CUST7536,13,9048,ORD096888,96888,3112,4,4,5,Champions
CUST7537,6,3378,ORD077655,77655,22345,1,1,1,Lost
CUST7538,13,8396,ORD099423,99423,577,5,4,4,Champions
CUST7539,14,9614,ORD083030,83030,16970,1,5,5,At Risk
CUST7540,7,4023,ORD096393,96393,3607,4,1,1,New Customers
CUST7541,11,7214,ORD096189,96189,3811,4,3,4,Loyal
CUST7542,15,9647,ORD099936,99936,64,5,5,5,Champions
CUST7543,15,11585,ORD095511,95511,4489,4,5,5,Champions
CUST7544,12,5360,ORD098684,98684,1316,5,4,2,Loyal
CUST7545,8,3237,ORD089429,89429,10571,2,1,1,Promising
CUST7546,3,1448,ORD098461,98461,1539,5,1,1,New Customers
CUST7547,10,4569,ORD091382,91382,8618,2,3,2,At Risk
CUST7548,12,4993,ORD097931,97931,2069,4,4,2,Loyal
CUST7549,14,8108,ORD094667,94667,5333,3,5,4,Loyal
CUST7550,12,7911,ORD097220,97220,2780,4,4,4,Champions
CUST7551,9,5024,ORD073489,73489,26511,1,2,2,Promising
CUST7552,6,2270,ORD071908,71908,28092,1,1,1,Lost
CUST7553,12,5966,ORD097705,97705,2295,4,4,3,Loyal
CUST7554,12,5683,ORD099342,99342,658,5,4,2,Loyal
CUST7555,6,3923,ORD099099,99099,901,5,1,1,New Customers
CUST7556,9,4498,ORD086589,86589,13411,2,2,2,Promising
CUST7557,22,12747,ORD095791,95791,4209,4,5,5,Champions
CUST7558,11,5317,ORD091604,91604,8396,2,3,2,At Risk
CUST7559,12,5411,ORD074622,74622,25378,1,4,2,At Risk
CUST7560,8,4388,ORD086646,86646,13354,2,1,1,Promising
CUST7561,11,5965,ORD095361,95361,4639,4,3,3,Loyal
CUST7562,8,4164,ORD099579,99579,421,5,1,1,New Customers
CUST7563,14,6177,ORD096994,96994,3006,4,5,3,Loyal
CUST7564,16,9376,ORD099902,99902,98,5,5,5,Champions
CUST7565,18,11296,ORD095352,95352,4648,4,5,5,Champions
CUST7566,16,8170,ORD099777,99777,223,5,5,4,Champions
CUST7567,11,6388,ORD098290,98290,1710,5,3,3,Loyal
CUST7568,13,6025,ORD078046,78046,21954,1,4,3,At Risk
CUST7569,5,3054,ORD079282,79282,20718,1,1,1,Lost
CUST7570,11,6883,ORD099681,99681,319,5,3,3,Loyal
CUST7571,10,4727,ORD098749,98749,1251,5,3,2,Loyal
CUST7572,9,6521,ORD095782,95782,4218,4,2,3,New Customers
CUST7573,7,3252,ORD085361,85361,14639,1,1,1,Lost
CUST7574,15,9263,ORD094859,94859,5141,3,5,5,Loyal
CUST7575,12,6353,ORD096314,96314,3686,4,4,3,Loyal
CUST7576,13,9182,ORD084923,84923,15077,1,4,5,At Risk
CUST7577,18,8716,ORD089004,89004,10996,2,5,5,At Risk
CUST7578,11,7537,ORD094347,94347,5653,3,3,4,Loyal
CUST7579,9,4248,ORD096577,96577,3423,4,2,1,New Customers
CUST7580,9,5876,ORD068920,68920,31080,1,2,3,Hibernating
CUST7581,13,6376,ORD098328,98328,1672,5,4,3,Loyal
CUST7582,6,2270,ORD095521,95521,4479,4,1,1,New Customers
CUST7583,18,12002,ORD097992,97992,2008,5,5,5,Champions
CUST7584,14,6823,ORD091917,91917,8083,3,5,3,Loyal
CUST7585,10,7247,ORD099752,99752,248,5,3,4,Loyal
CUST7586,11,6863,ORD073368,73368,26632,1,3,3,At Risk
CUST7587,11,7916,ORD098811,98811,1189,5,3,4,Loyal
CUST7588,14,9984,ORD094715,94715,5285,3,5,5,Loyal
CUST7589,10,6292,ORD098417,98417,1583,5,3,3,Loyal
CUST7590,8,3722,ORD069885,69885,30115,1,1,1,Lost
CUST7591,16,8118,ORD098172,98172,1828,5,5,4,Champions
CUST7592,11,5224,ORD099695,99695,305,5,3,2,Loyal
CUST7593,15,7530,ORD095002,95002,4998,3,5,4,Loyal
CUST7594,7,6403,ORD087842,87842,12158,2,1,3,Hibernating
CUST7595,9,6038,ORD088681,88681,11319,2,2,3,Hibernating
CUST7596,9,5282,ORD094834,94834,5166,3,2,2,Promising
CUST7597,16,10595,ORD095433,95433,4567,4,5,5,Champions
CUST7598,8,2947,ORD099223,99223,777,5,1,1,New Customers
CUST7599,15,9388,ORD096357,96357,3643,4,5,5,Champions
CUST7600,14,11017,ORD099485,99485,515,5,5,5,Champions
CUST7601,16,9667,ORD092988,92988,7012,3,5,5,Loyal
CUST7602,10,6331,ORD087337,87337,12663,2,3,3,At Risk
CUST7603,4,2671,ORD095486,95486,4514,4,1,1,New Customers
CUST7604,6,5181,ORD094755,94755,5245,3,1,2,Promising
CUST7605,7,3706,ORD074822,74822,25178,1,1,1,Lost
CUST7606,14,11498,ORD099903,99903,97,5,5,5,Champions
CUST7607,17,6990,ORD084603,84603,15397,1,5,3,At Risk
CUST7608,7,6234,ORD078463,78463,21537,1,1,3,Hibernating
CUST7609,13,7038,ORD099656,99656,344,5,4,4,Champions
CUST7610,10,5454,ORD091476,91476,8524,2,3,2,At Risk
CUST7611,12,6953,ORD091684,91684,8316,2,4,3,At Risk
CUST7612,5,3075,ORD086636,86636,13364,2,1,1,Promising
CUST7613,11,5136,ORD096749,96749,3251,4,3,2,Loyal
CUST7614,10,6040,ORD098968,98968,1032,5,3,3,Loyal
CUST7615,13,7303,ORD096895,96895,3105,4,4,4,Champions
CUST7616,10,5853,ORD097915,97915,2085,4,3,3,Loyal
CUST7617,8,4139,ORD086310,86310,13690,2,1,1,Promising
CUST7618,10,5191,ORD083441,83441,16559,1,3,2,At Risk
CUST7619,12,8274,ORD099734,99734,266,5,4,4,Champions
CUST7620,6,3281,ORD091046,91046,8954,2,1,1,Promising
CUST7621,11,6342,ORD099638,99638,362,5,3,3,Loyal
CUST7622,18,8413,ORD097939,97939,2061,4,5,4,Champions
CUST7623,15,7862,ORD079703,79703,20297,1,5,4,At Risk
CUST7624,10,6919,ORD098251,98251,1749,5,3,3,Loyal
CUST7625,11,5742,ORD084152,84152,15848,1,3,2,At Risk
CUST7626,14,10059,ORD090079,90079,9921,2,5,5,At Risk
CUST7627,13,5590,ORD094645,94645,5355,3,4,2,Loyal
CUST7628,17,9803,ORD094499,94499,5501,3,5,5,Loyal
CUST7629,8,6652,ORD086098,86098,13902,2,1,3,Hibernating
CUST7630,10,6281,ORD095192,95192,4808,3,3,3,Loyal
CUST7631,11,6890,ORD097373,97373,2627,4,3,3,Loyal
CUST7632,8,3931,ORD071154,71154,28846,1,1,1,Lost
CUST7633,14,6746,ORD096168,96168,3832,4,5,3,Loyal
CUST7634,7,4242,ORD088448,88448,11552,2,1,1,Promising
CUST7635,11,4977,ORD095855,95855,4145,4,3,2,Loyal
CUST7636,12,10370,ORD096815,96815,3185,4,4,5,Champions
CUST7637,10,7082,ORD079279,79279,20721,1,3,4,At Risk
CUST7638,12,8547,ORD097854,97854,2146,4,4,4,Champions
CUST7639,13,7956,ORD083147,83147,16853,1,4,4,At Risk
CUST7640,9,3587,ORD082422,82422,17578,1,2,1,Promising
CUST7641,7,2464,ORD075088,75088,24912,1,1,1,Lost
CUST7642,12,7966,ORD098344,98344,1656,5,4,4,Champions
CUST7643,17,8299,ORD098799,98799,1201,5,5,4,Champions
CUST7644,8,8994,ORD096490,96490,3510,4,1,5,New Customers
CUST7645,8,4401,ORD092989,92989,7011,3,1,1,Promising
CUST7646,15,8238,ORD098315,98315,1685,5,5,4,Champions
CUST7647,8,3883,ORD089334,89334,10666,2,1,1,Promising
CUST7648,14,7809,ORD096824,96824,3176,4,5,4,Champions
CUST7649,9,3245,ORD071289,71289,28711,1,2,1,Promising
CUST7650,13,6350,ORD092773,92773,7227,3,4,3,Loyal
CUST7651,14,7101,ORD097881,97881,2119,4,5,4,Champions
CUST7652,11,8072,ORD077308,77308,22692,1,3,4,At Risk
CUST7653,16,9083,ORD094882,94882,5118,3,5,5,Loyal
CUST7654,11,5461,ORD098542,98542,1458,5,3,2,Loyal
CUST7655,12,7037,ORD087624,87624,12376,2,4,4,At Risk
CUST7656,14,7516,ORD071665,71665,28335,1,5,4,At Risk
CUST7657,12,8828,ORD086450,86450,13550,2,4,5,At Risk
CUST7658,17,8773,ORD093285,93285,6715,3,5,5,Loyal
CUST7659,10,4874,ORD086548,86548,13452,2,3,2,At Risk
CUST7660,11,9174,ORD076846,76846,23154,1,3,5,At Risk
CUST7661,10,4707,ORD077569,77569,22431,1,3,2,At Risk
CUST7662,14,7523,ORD092564,92564,7436,3,5,4,Loyal
CUST7663,11,5367,ORD095661,95661,4339,4,3,2,Loyal
CUST7664,12,6626,ORD099531,99531,469,5,4,3,Loyal
CUST7665,3,1707,ORD068489,68489,31511,1,1,1,Lost
CUST7666,9,3120,ORD097333,97333,2667,4,2,1,New Customers
CUST7667,9,3485,ORD096863,96863,3137,4,2,1,New Customers
CUST7668,11,6141,ORD094026,94026,5974,3,3,3,Loyal
CUST7669,14,5509,ORD088352,88352,11648,2,5,2,At Risk
CUST7670,14,6953,ORD090426,90426,9574,2,5,3,At Risk
CUST7671,13,5883,ORD093026,93026,6974,3,4,3,Loyal
CUST7672,16,9751,ORD088631,88631,11369,2,5,5,At Risk
CUST7673,7,4103,ORD083741,83741,16259,1,1,1,Lost
CUST7674,14,7435,ORD096695,96695,3305,4,5,4,Champions
CUST7675,8,4243,ORD099838,99838,162,5,1,1,New Customers
CUST7676,9,5792,ORD067935,67935,32065,1,2,3,Hibernating
CUST7677,14,6290,ORD093396,93396,6604,3,5,3,Loyal
CUST7678,16,9152,ORD090688,90688,9312,2,5,5,At Risk
CUST7679,9,4515,ORD098818,98818,1182,5,2,2,New Customers
CUST7680,11,6624,ORD093256,93256,6744,3,3,3,Loyal
CUST7681,12,7835,ORD087095,87095,12905,2,4,4,At Risk
CUST7682,10,4128,ORD085439,85439,14561,1,3,1,At Risk
CUST7683,8,3218,ORD098191,98191,1809,5,1,1,New Customers
CUST7684,13,6720,ORD098244,98244,1756,5,4,3,Loyal
CUST7685,12,8537,ORD086411,86411,13589,2,4,4,At Risk
CUST7686,11,8646,ORD088389,88389,11611,2,3,5,At Risk
CUST7687,8,5691,ORD081688,81688,18312,1,1,2,Lost
CUST7688,13,6634,ORD099659,99659,341,5,4,3,Loyal
CUST7689,7,5671,ORD095368,95368,4632,4,1,2,New Customers
CUST7690,13,7524,ORD099400,99400,600,5,4,4,Champions
CUST7691,11,4877,ORD092358,92358,7642,3,3,2,Loyal
CUST7692,12,7667,ORD090546,90546,9454,2,4,4,At Risk
CUST7693,13,7624,ORD086554,86554,13446,2,4,4,At Risk
CUST7694,13,8090,ORD097836,97836,2164,4,4,4,Champions
CUST7695,7,3556,ORD078284,78284,21716,1,1,1,Lost
CUST7696,10,7022,ORD097140,97140,2860,4,3,4,Loyal
CUST7697,21,13636,ORD096956,96956,3044,4,5,5,Champions
CUST7698,14,5006,ORD099312,99312,688,5,5,2,Loyal
CUST7699,11,7729,ORD098367,98367,1633,5,3,4,Loyal
CUST7700,7,3973,ORD098192,98192,1808,5,1,1,New Customers
CUST7701,12,7344,ORD094139,94139,5861,3,4,4,Loyal
CUST7702,9,5100,ORD087036,87036,12964,2,2,2,Promising
CUST7703,9,5317,ORD096569,96569,3431,4,2,2,New Customers
CUST7704,18,10154,ORD097042,97042,2958,4,5,5,Champions
CUST7705,12,7202,ORD089521,89521,10479,2,4,4,At Risk
CUST7706,10,5208,ORD090123,90123,9877,2,3,2,At Risk
CUST7707,6,3802,ORD095047,95047,4953,3,1,1,Promising
CUST7708,15,7557,ORD099651,99651,349,5,5,4,Champions
CUST7709,15,9050,ORD092302,92302,7698,3,5,5,Loyal
CUST7710,8,4459,ORD099860,99860,140,5,2,1,New Customers
CUST7711,8,4307,ORD099926,99926,74,5,2,1,New Customers
CUST7712,9,5079,ORD092145,92145,7855,3,2,2,Promising
CUST7713,12,6044,ORD080289,80289,19711,1,4,3,At Risk
CUST7714,14,8270,ORD080893,80893,19107,1,5,4,At Risk
CUST7715,12,7262,ORD080619,80619,19381,1,4,4,At Risk
CUST7716,9,4704,ORD096186,96186,3814,4,2,2,New Customers
CUST7717,6,3249,ORD064288,64288,35712,1,1,1,Lost
CUST7718,8,4386,ORD091955,91955,8045,3,2,1,Promising
CUST7719,14,8598,ORD096231,96231,3769,4,5,5,Champions
CUST7720,11,7625,ORD096511,96511,3489,4,3,4,Loyal
CUST7721,8,3886,ORD084240,84240,15760,1,2,1,Promising
CUST7722,12,6471,ORD098227,98227,1773,5,4,3,Loyal
CUST7723,9,3557,ORD093529,93529,6471,3,2,1,Promising
CUST7724,10,5988,ORD093074,93074,6926,3,3,3,Loyal
CUST7725,8,5095,ORD089308,89308,10692,2,2,2,Promising
CUST7726,14,4967,ORD088694,88694,11306,2,5,2,At Risk
CUST7727,7,2691,ORD087995,87995,12005,2,1,1,Promising
CUST7728,5,2139,ORD083406,83406,16594,1,1,1,Lost
CUST7729,15,9482,ORD097916,97916,2084,4,5,5,Champions
CUST7730,16,13750,ORD099670,99670,330,5,5,5,Champions
CUST7731,16,7886,ORD097132,97132,2868,4,5,4,Champions
CUST7732,10,4853,ORD091947,91947,8053,3,3,2,Loyal
CUST7733,11,4229,ORD094672,94672,5328,3,3,1,Loyal
CUST7734,10,7317,ORD094981,94981,5019,3,3,4,Loyal
CUST7735,19,9977,ORD093928,93928,6072,3,5,5,Loyal
CUST7736,12,6285,ORD091060,91060,8940,2,4,3,At Risk
CUST7737,16,8743,ORD087216,87216,12784,2,5,5,At Risk
CUST7738,10,6342,ORD098520,98520,1480,5,3,3,Loyal
CUST7739,12,6005,ORD098585,98585,1415,5,4,3,Loyal
CUST7740,5,3587,ORD079945,79945,20055,1,1,1,Lost
CUST7741,9,5429,ORD079169,79169,20831,1,2,2,Promising
CUST7742,8,5736,ORD089445,89445,10555,2,2,2,Promising
CUST7743,12,8814,ORD095770,95770,4230,4,4,5,Champions
CUST7744,10,5803,ORD093332,93332,6668,3,3,3,Loyal
CUST7745,15,9170,ORD095964,95964,4036,4,5,5,Champions
CUST7746,11,7110,ORD096181,96181,3819,4,3,4,Loyal
CUST7747,12,8289,ORD093109,93109,6891,3,4,4,Loyal
CUST7748,9,3651,ORD086234,86234,13766,2,2,1,Promising
CUST7749,10,6485,ORD099095,99095,905,5,3,3,Loyal
CUST7750,13,6710,ORD087758,87758,12242,2,4,3,At Risk
CUST7751,11,5327,ORD099068,99068,932,5,3,2,Loyal
CUST7752,8,5185,ORD099854,99854,146,5,2,2,New Customers
CUST7753,11,8458,ORD096754,96754,3246,4,3,4,Loyal
CUST7754,11,5922,ORD098134,98134,1866,5,3,3,Loyal
CUST7755,9,4575,ORD048168,48168,51832,1,2,2,Promising
CUST7756,13,7551,ORD089299,89299,10701,2,4,4,At Risk
CUST7757,10,5192,ORD096409,96409,3591,4,3,2,Loyal
CUST7758,3,1569,ORD080733,80733,19267,1,1,1,Lost
CUST7759,8,4290,ORD074945,74945,25055,1,2,1,Promising
CUST7760,8,4225,ORD085831,85831,14169,2,2,1,Promising
CUST7761,10,6393,ORD097583,97583,2417,4,3,3,Loyal
CUST7762,15,9497,ORD098001,98001,1999,5,5,5,Champions
CUST7763,9,4625,ORD095158,95158,4842,3,2,2,Promising
CUST7764,18,9607,ORD088813,88813,11187,2,5,5,At Risk
CUST7765,10,7078,ORD099965,99965,35,5,3,4,Loyal
CUST7766,10,6803,ORD097659,97659,2341,4,3,3,Loyal
CUST7767,14,7381,ORD089322,89322,10678,2,5,4,At Risk
CUST7768,8,5406,ORD090406,90406,9594,2,2,2,Promising
CUST7769,12,7831,ORD095256,95256,4744,3,4,4,Loyal
CUST7770,16,9467,ORD085393,85393,14607,1,5,5,At Risk
CUST7771,16,7957,ORD098480,98480,1520,5,5,4,Champions
CUST7772,11,6834,ORD096742,96742,3258,4,3,3,Loyal
CUST7773,9,5745,ORD091180,91180,8820,2,2,2,Promising
CUST7774,4,1240,ORD035156,35156,64844,1,1,1,Lost
CUST7775,15,9928,ORD096768,96768,3232,4,5,5,Champions
CUST7776,14,12001,ORD082700,82700,17300,1,5,5,At Risk
CUST7777,14,8458,ORD093336,93336,6664,3,5,4,Loyal
CUST7778,7,3015,ORD042504,42504,57496,1,1,1,Lost
CUST7779,10,5499,ORD059516,59516,40484,1,3,2,At Risk
CUST7780,10,7670,ORD083424,83424,16576,1,3,4,At Risk
CUST7781,9,3883,ORD079150,79150,20850,1,2,1,Promising
CUST7782,11,3723,ORD064094,64094,35906,1,3,1,At Risk
CUST7783,17,8440,ORD099858,99858,142,5,5,4,Champions
CUST7784,12,7826,ORD069133,69133,30867,1,4,4,At Risk
CUST7785,13,5994,ORD098334,98334,1666,5,4,3,Loyal
CUST7786,11,5576,ORD085561,85561,14439,2,3,2,At Risk
CUST7787,9,4660,ORD081802,81802,18198,1,2,2,Promising
CUST7788,8,6873,ORD092842,92842,7158,3,2,3,Potential Loyalists
CUST7789,11,6793,ORD096782,96782,3218,4,3,3,Loyal
CUST7790,8,6141,ORD072456,72456,27544,1,2,3,Hibernating
CUST7791,16,9997,ORD095462,95462,4538,4,5,5,Champions
CUST7792,12,6156,ORD076305,76305,23695,1,4,3,At Risk
CUST7793,12,5430,ORD081676,81676,18324,1,4,2,At Risk
CUST7794,8,5844,ORD072951,72951,27049,1,2,3,Hibernating
CUST7795,8,3035,ORD085874,85874,14126,2,2,1,Promising
CUST7796,10,5986,ORD094801,94801,5199,3,3,3,Loyal
CUST7797,9,4692,ORD093741,93741,6259,3,2,2,Promising
CUST7798,11,5521,ORD068170,68170,31830,1,3,2,At Risk
CUST7799,11,6553,ORD070874,70874,29126,1,3,3,At Risk
CUST7800,14,8782,ORD098833,98833,1167,5,5,5,Champions
CUST7801,13,8211,ORD099471,99471,529,5,4,4,Champions
CUST7802,13,9686,ORD099154,99154,846,5,4,5,Champions
CUST7803,9,6126,ORD096093,96093,3907,4,2,3,New Customers
CUST7804,15,8553,ORD095319,95319,4681,4,5,4,Champions
CUST7805,13,5726,ORD097165,97165,2835,4,4,2,Loyal
CUST7806,8,6419,ORD098300,98300,1700,5,2,3,New Customers
CUST7807,17,7526,ORD096838,96838,3162,4,5,4,Champions
CUST7808,11,6243,ORD082515,82515,17485,1,3,3,At Risk
CUST7809,16,9420,ORD098437,98437,1563,5,5,5,Champions
CUST7810,13,5607,ORD095200,95200,4800,3,4,2,Loyal
CUST7811,12,7782,ORD090260,90260,9740,2,4,4,At Risk
CUST7812,12,7923,ORD095337,95337,4663,4,4,4,Champions
CUST7813,10,7119,ORD087195,87195,12805,2,3,4,At Risk
CUST7814,7,4108,ORD091613,91613,8387,2,1,1,Promising
CUST7815,17,10369,ORD090004,90004,9996,2,5,5,At Risk
CUST7816,10,6440,ORD093964,93964,6036,3,3,3,Loyal
CUST7817,7,2362,ORD063501,63501,36499,1,1,1,Lost
CUST7818,10,6312,ORD085336,85336,14664,1,3,3,At Risk
CUST7819,14,5481,ORD093696,93696,6304,3,5,2,Loyal
CUST7820,16,5607,ORD099701,99701,299,5,5,2,Loyal
CUST7821,12,6389,ORD095314,95314,4686,3,4,3,Loyal
CUST7822,6,4155,ORD079328,79328,20672,1,1,1,Lost
CUST7823,11,7087,ORD091131,91131,8869,2,3,4,At Risk
CUST7824,17,9818,ORD096461,96461,3539,4,5,5,Champions
CUST7825,12,7810,ORD084704,84704,15296,1,4,4,At Risk
CUST7826,11,9795,ORD087749,87749,12251,2,3,5,At Risk
CUST7827,9,5676,ORD099306,99306,694,5,2,2,New Customers
CUST7828,7,3361,ORD097834,97834,2166,4,1,1,New Customers
CUST7829,13,8792,ORD085213,85213,14787,1,4,5,At Risk
CUST7830,9,4948,ORD075257,75257,24743,1,2,2,Promising
CUST7831,10,4178,ORD096985,96985,3015,4,3,1,Loyal
CUST7832,8,5872,ORD067174,67174,32826,1,2,3,Hibernating
CUST7833,11,7525,ORD095484,95484,4516,4,3,4,Loyal
CUST7834,11,5920,ORD098319,98319,1681,5,3,3,Loyal
CUST7835,11,5051,ORD090289,90289,9711,2,3,2,At Risk
CUST7836,7,4436,ORD095542,95542,4458,4,1,1,New Customers
CUST7837,8,4822,ORD072746,72746,27254,1,2,2,Promising
CUST7838,6,3848,ORD080098,80098,19902,1,1,1,Lost
CUST7839,10,6735,ORD073364,73364,26636,1,3,3,At Risk
CUST7840,16,9875,ORD097585,97585,2415,4,5,5,Champions
CUST7841,14,8899,ORD088707,88707,11293,2,5,5,At Risk
CUST7842,13,8491,ORD095675,95675,4325,4,4,4,Champions
CUST7843,15,7439,ORD098302,98302,1698,5,5,4,Champions
CUST7844,10,6155,ORD092691,92691,7309,3,3,3,Loyal
CUST7845,13,8441,ORD099588,99588,412,5,4,4,Champions
CUST7846,13,3630,ORD095095,95095,4905,3,4,1,Loyal
CUST7847,10,5791,ORD093809,93809,6191,3,3,3,Loyal
CUST7848,10,6456,ORD091883,91883,8117,3,3,3,Loyal
CUST7849,10,4745,ORD096371,96371,3629,4,3,2,Loyal
CUST7850,15,8709,ORD099856,99856,144,5,5,5,Champions
CUST7851,13,8454,ORD096823,96823,3177,4,4,4,Champions
CUST7852,14,5750,ORD095646,95646,4354,4,5,2,Loyal
CUST7853,11,9341,ORD084348,84348,15652,1,3,5,At Risk
CUST7854,10,7889,ORD089216,89216,10784,2,3,4,At Risk
CUST7855,12,6100,ORD086294,86294,13706,2,4,3,At Risk
CUST7856,8,7166,ORD080203,80203,19797,1,2,4,Hibernating
CUST7857,13,7245,ORD079409,79409,20591,1,4,4,At Risk
CUST7858,13,8596,ORD098077,98077,1923,5,4,5,Champions
CUST7859,12,6724,ORD088575,88575,11425,2,4,3,At Risk
CUST7860,13,8290,ORD095346,95346,4654,4,4,4,Champions
CUST7861,15,11207,ORD079742,79742,20258,1,5,5,At Risk
CUST7862,8,6793,ORD089205,89205,10795,2,2,3,Hibernating
CUST7863,11,6943,ORD083811,83811,16189,1,3,3,At Risk
CUST7864,16,9656,ORD086051,86051,13949,2,5,5,At Risk
CUST7865,10,5778,ORD090910,90910,9090,2,3,3,At Risk
CUST7866,9,3352,ORD066399,66399,33601,1,2,1,Promising
CUST7867,8,5799,ORD091271,91271,8729,2,2,3,Hibernating
CUST7868,16,10991,ORD094394,94394,5606,3,5,5,Loyal
CUST7869,16,9184,ORD095792,95792,4208,4,5,5,Champions
CUST7870,15,9895,ORD097520,97520,2480,4,5,5,Champions
CUST7871,9,4464,ORD082882,82882,17118,1,2,1,Promising
CUST7872,8,5152,ORD093543,93543,6457,3,2,2,Promising
CUST7873,9,4348,ORD080869,80869,19131,1,2,1,Promising
CUST7874,19,10554,ORD088905,88905,11095,2,5,5,At Risk
CUST7875,11,5394,ORD099876,99876,124,5,3,2,Loyal
CUST7876,11,7109,ORD084971,84971,15029,1,3,4,At Risk
CUST7877,19,8970,ORD092664,92664,7336,3,5,5,Loyal
CUST7878,10,7145,ORD099566,99566,434,5,3,4,Loyal
CUST7879,13,8376,ORD097060,97060,2940,4,4,4,Champions
CUST7880,10,4545,ORD085409,85409,14591,1,3,2,At Risk
CUST7881,9,6865,ORD082448,82448,17552,1,2,3,Hibernating
CUST7882,13,6854,ORD096606,96606,3394,4,4,3,Loyal
CUST7883,10,6196,ORD099241,99241,759,5,3,3,Loyal
CUST7884,8,4203,ORD088340,88340,11660,2,2,1,Promising
CUST7885,8,3754,ORD086014,86014,13986,2,2,1,Promising
CUST7886,8,4196,ORD096578,96578,3422,4,2,1,New Customers
CUST7887,8,3504,ORD091197,91197,8803,2,2,1,Promising
CUST7888,12,5156,ORD099373,99373,627,5,4,2,Loyal
CUST7889,14,7271,ORD094116,94116,5884,3,5,4,Loyal
CUST7890,5,1540,ORD096890,96890,3110,4,1,1,New Customers
CUST7891,12,6920,ORD099801,99801,199,5,4,3,Loyal
CUST7892,10,5801,ORD088039,88039,11961,2,3,3,At Risk
CUST7893,10,4407,ORD098898,98898,1102,5,3,1,Loyal
CUST7894,7,4526,ORD084482,84482,15518,1,1,2,Lost
CUST7895,11,4765,ORD097020,97020,2980,4,3,2,Loyal
CUST7896,11,4910,ORD098037,98037,1963,5,3,2,Loyal
CUST7897,18,11155,ORD097821,97821,2179,4,5,5,Champions
CUST7898,9,6465,ORD090291,90291,9709,2,2,3,Hibernating
CUST7899,11,6168,ORD091270,91270,8730,2,3,3,At Risk
CUST7900,10,6637,ORD093758,93758,6242,3,3,3,Loyal
CUST7901,10,6193,ORD082261,82261,17739,1,3,3,At Risk
CUST7902,7,3446,ORD097719,97719,2281,4,1,1,New Customers
CUST7903,15,7601,ORD097626,97626,2374,4,5,4,Champions
CUST7904,10,5213,ORD068657,68657,31343,1,3,2,At Risk
CUST7905,7,2388,ORD099720,99720,280,5,1,1,New Customers
CUST7906,11,8583,ORD096331,96331,3669,4,3,5,Loyal
CUST7907,8,4646,ORD096388,96388,3612,4,2,2,New Customers
CUST7908,10,7373,ORD098543,98543,1457,5,3,4,Loyal
CUST7909,12,10080,ORD090068,90068,9932,2,4,5,At Risk
CUST7910,7,2759,ORD059273,59273,40727,1,1,1,Lost
CUST7911,11,6587,ORD078086,78086,21914,1,3,3,At Risk
CUST7912,18,10423,ORD096962,96962,3038,4,5,5,Champions
CUST7913,14,11069,ORD093392,93392,6608,3,5,5,Loyal
CUST7914,13,9737,ORD089120,89120,10880,2,4,5,At Risk
CUST7915,7,5268,ORD063551,63551,36449,1,1,2,Lost
CUST7916,8,4886,ORD097684,97684,2316,4,2,2,New Customers
CUST7917,13,9404,ORD082714,82714,17286,1,4,5,At Risk
CUST7918,10,5021,ORD081178,81178,18822,1,3,2,At Risk
CUST7919,9,4282,ORD095118,95118,4882,3,2,1,Promising
CUST7920,11,6463,ORD072490,72490,27510,1,3,3,At Risk
CUST7921,18,7250,ORD095034,95034,4966,3,5,4,Loyal
CUST7922,11,7421,ORD094387,94387,5613,3,3,4,Loyal
CUST7923,12,5575,ORD094205,94205,5795,3,4,2,Loyal
CUST7924,10,3657,ORD095924,95924,4076,4,3,1,Loyal
CUST7925,11,6017,ORD082627,82627,17373,1,3,3,At Risk
CUST7926,9,5260,ORD090665,90665,9335,2,2,2,Promising
CUST7927,8,4448,ORD055174,55174,44826,1,2,1,Promising
CUST7928,8,4361,ORD098752,98752,1248,5,2,1,New Customers
CUST7929,11,5018,ORD098597,98597,1403,5,3,2,Loyal
CUST7930,10,5833,ORD092379,92379,7621,3,3,3,Loyal
CUST7931,13,6168,ORD078535,78535,21465,1,4,3,At Risk
CUST7932,14,8741,ORD088505,88505,11495,2,5,5,At Risk
CUST7933,12,6600,ORD088081,88081,11919,2,4,3,At Risk
CUST7934,16,11492,ORD089565,89565,10435,2,5,5,At Risk
CUST7935,7,5925,ORD096057,96057,3943,4,1,3,New Customers
CUST7936,10,6096,ORD089986,89986,10014,2,3,3,At Risk
CUST7937,13,8530,ORD081386,81386,18614,1,4,4,At Risk
CUST7938,11,5461,ORD098028,98028,1972,5,3,2,Loyal
CUST7939,15,13541,ORD097751,97751,2249,4,5,5,Champions
CUST7940,14,8685,ORD094737,94737,5263,3,5,5,Loyal
CUST7941,11,5227,ORD078087,78087,21913,1,3,2,At Risk
CUST7942,7,2678,ORD079691,79691,20309,1,1,1,Lost
CUST7943,15,10025,ORD093750,93750,6250,3,5,5,Loyal
CUST7944,14,6344,ORD091993,91993,8007,3,5,3,Loyal
CUST7945,13,9242,ORD095360,95360,4640,4,4,5,Champions
CUST7946,8,3771,ORD081025,81025,18975,1,2,1,Promising
CUST7947,15,7474,ORD099234,99234,766,5,5,4,Champions
CUST7948,15,9206,ORD099962,99962,38,5,5,5,Champions
CUST7949,10,4032,ORD090242,90242,9758,2,3,1,At Risk
CUST7950,11,6415,ORD091486,91486,8514,2,3,3,At Risk
CUST7951,20,10825,ORD094586,94586,5414,3,5,5,Loyal
CUST7952,10,4226,ORD099589,99589,411,5,3,1,Loyal
CUST7953,11,4706,ORD089357,89357,10643,2,3,2,At Risk
CUST7954,7,4771,ORD094365,94365,5635,3,1,2,Promising
CUST7955,12,7304,ORD095580,95580,4420,4,4,4,Champions
CUST7956,8,6768,ORD092774,92774,7226,3,2,3,Potential Loyalists
CUST7957,9,5198,ORD094829,94829,5171,3,2,2,Promising
CUST7958,10,5318,ORD086071,86071,13929,2,3,2,At Risk
CUST7959,8,5196,ORD099905,99905,95,5,2,2,New Customers
CUST7960,15,7943,ORD089801,89801,10199,2,5,4,At Risk
CUST7961,10,8616,ORD093460,93460,6540,3,3,5,Loyal
CUST7962,12,6665,ORD099375,99375,625,5,4,3,Loyal
CUST7963,6,2858,ORD065836,65836,34164,1,1,1,Lost
CUST7964,7,3835,ORD092279,92279,7721,3,1,1,Promising
CUST7965,12,7296,ORD074327,74327,25673,1,4,4,At Risk
CUST7966,6,2759,ORD094602,94602,5398,3,1,1,Promising
CUST7967,12,5919,ORD093291,93291,6709,3,4,3,Loyal
CUST7968,8,6953,ORD099117,99117,883,5,2,3,New Customers
CUST7969,9,4275,ORD099164,99164,836,5,2,1,New Customers
CUST7970,12,6129,ORD097745,97745,2255,4,4,3,Loyal
CUST7971,6,3918,ORD094261,94261,5739,3,1,1,Promising
CUST7972,9,5155,ORD073783,73783,26217,1,2,2,Promising
CUST7973,16,11074,ORD092642,92642,7358,3,5,5,Loyal
CUST7974,21,13013,ORD096444,96444,3556,4,5,5,Champions
CUST7975,11,5992,ORD099176,99176,824,5,3,3,Loyal
CUST7976,9,3734,ORD081755,81755,18245,1,2,1,Promising
CUST7977,13,8936,ORD099993,99993,7,5,4,5,Champions
CUST7978,10,3692,ORD082432,82432,17568,1,3,1,At Risk
CUST7979,14,7343,ORD098390,98390,1610,5,5,4,Champions
CUST7980,13,8105,ORD094806,94806,5194,3,4,4,Loyal
CUST7981,8,3972,ORD097030,97030,2970,4,2,1,New Customers
CUST7982,14,8698,ORD097241,97241,2759,4,5,5,Champions
CUST7983,14,9408,ORD087984,87984,12016,2,5,5,At Risk
CUST7984,9,4377,ORD097255,97255,2745,4,2,1,New Customers
CUST7985,18,9685,ORD092159,92159,7841,3,5,5,Loyal
CUST7986,8,3832,ORD086755,86755,13245,2,2,1,Promising
CUST7987,12,5779,ORD093032,93032,6968,3,4,3,Loyal
CUST7988,12,5922,ORD098922,98922,1078,5,4,3,Loyal
CUST7989,12,6822,ORD095736,95736,4264,4,4,3,Loyal
CUST7990,8,6968,ORD091446,91446,8554,2,2,3,Hibernating
CUST7991,14,5777,ORD098071,98071,1929,5,5,3,Loyal
CUST7992,10,10195,ORD082399,82399,17601,1,3,5,At Risk
CUST7993,8,6544,ORD097638,97638,2362,4,2,3,New Customers
CUST7994,9,6567,ORD092537,92537,7463,3,2,3,Potential Loyalists
CUST7995,7,4539,ORD088010,88010,11990,2,1,2,Promising
CUST7996,7,3783,ORD098143,98143,1857,5,1,1,New Customers
CUST7997,19,10490,ORD092322,92322,7678,3,5,5,Loyal
CUST7998,14,7402,ORD095242,95242,4758,3,5,4,Loyal
CUST7999,10,5721,ORD081062,81062,18938,1,3,2,At Risk
CUST8000,6,2736,ORD099502,99502,498,5,1,1,New Customers
CUST8001,11,4953,ORD081272,81272,18728,1,3,2,At Risk
CUST8002,12,5936,ORD080062,80062,19938,1,4,3,At Risk
CUST8003,10,4894,ORD087312,87312,12688,2,3,2,At Risk
CUST8004,13,5583,ORD085374,85374,14626,1,4,2,At Risk
CUST8005,9,6021,ORD086410,86410,13590,2,2,3,Hibernating
CUST8006,10,6463,ORD091107,91107,8893,2,3,3,At Risk
CUST8007,11,5081,ORD088384,88384,11616,2,3,2,At Risk
CUST8008,10,6415,ORD068878,68878,31122,1,3,3,At Risk
CUST8009,12,8475,ORD093600,93600,6400,3,4,4,Loyal
CUST8010,21,12366,ORD098194,98194,1806,5,5,5,Champions
CUST8011,8,4866,ORD099979,99979,21,5,2,2,New Customers
CUST8012,17,10702,ORD095696,95696,4304,4,5,5,Champions
CUST8013,4,1600,ORD097109,97109,2891,4,1,1,New Customers
CUST8014,15,7659,ORD097210,97210,2790,4,5,4,Champions
CUST8015,14,8517,ORD096053,96053,3947,4,5,4,Champions
CUST8016,6,3769,ORD089977,89977,10023,2,1,1,Promising
CUST8017,4,2560,ORD042268,42268,57732,1,1,1,Lost
CUST8018,13,6630,ORD088585,88585,11415,2,4,3,At Risk
CUST8019,13,6563,ORD097034,97034,2966,4,4,3,Loyal
CUST8020,15,12320,ORD096224,96224,3776,4,5,5,Champions
CUST8021,17,13401,ORD099990,99990,10,5,5,5,Champions
CUST8022,10,6287,ORD085458,85458,14542,1,3,3,At Risk
CUST8023,10,4358,ORD095790,95790,4210,4,3,1,Loyal
CUST8024,5,4474,ORD052725,52725,47275,1,1,1,Lost
CUST8025,20,12827,ORD095013,95013,4987,3,5,5,Loyal
CUST8026,6,2590,ORD094465,94465,5535,3,1,1,Promising
CUST8027,13,6506,ORD088309,88309,11691,2,4,3,At Risk
CUST8028,7,3035,ORD084467,84467,15533,1,1,1,Lost
CUST8029,12,5526,ORD098044,98044,1956,5,4,2,Loyal
CUST8030,11,5959,ORD089194,89194,10806,2,3,3,At Risk
CUST8031,12,9792,ORD098203,98203,1797,5,4,5,Champions
CUST8032,14,6280,ORD094210,94210,5790,3,5,3,Loyal
CUST8033,15,9141,ORD094854,94854,5146,3,5,5,Loyal
CUST8034,14,8536,ORD092557,92557,7443,3,5,4,Loyal
CUST8035,14,5661,ORD095786,95786,4214,4,5,2,Loyal
CUST8036,10,9890,ORD097097,97097,2903,4,3,5,Loyal
CUST8037,6,3276,ORD058569,58569,41431,1,1,1,Lost
CUST8038,9,5718,ORD094598,94598,5402,3,2,2,Promising
CUST8039,15,8606,ORD093562,93562,6438,3,5,5,Loyal
CUST8040,10,5641,ORD099842,99842,158,5,3,2,Loyal
CUST8041,11,5060,ORD093248,93248,6752,3,3,2,Loyal
CUST8042,10,3626,ORD099061,99061,939,5,3,1,Loyal
CUST8043,10,5883,ORD093214,93214,6786,3,3,3,Loyal
CUST8044,8,5220,ORD093009,93009,6991,3,2,2,Promising
CUST8045,10,5881,ORD099403,99403,597,5,3,3,Loyal
CUST8046,14,8082,ORD093780,93780,6220,3,5,4,Loyal
CUST8047,12,7086,ORD099932,99932,68,5,4,4,Champions
CUST8048,8,6665,ORD095224,95224,4776,3,2,3,Potential Loyalists
CUST8049,11,8460,ORD096851,96851,3149,4,3,4,Loyal
CUST8050,5,3828,ORD081997,81997,18003,1,1,1,Lost
CUST8051,11,6279,ORD094599,94599,5401,3,3,3,Loyal
CUST8052,12,4793,ORD079098,79098,20902,1,4,2,At Risk
CUST8053,5,3445,ORD075853,75853,24147,1,1,1,Lost
CUST8054,11,5130,ORD078620,78620,21380,1,3,2,At Risk
CUST8055,12,5538,ORD091376,91376,8624,2,4,2,At Risk
CUST8056,5,3945,ORD070794,70794,29206,1,1,1,Lost
CUST8057,13,8144,ORD096127,96127,3873,4,4,4,Champions
CUST8058,13,8559,ORD097661,97661,2339,4,4,4,Champions
CUST8059,15,7440,ORD097754,97754,2246,4,5,4,Champions
CUST8060,13,5736,ORD099968,99968,32,5,4,2,Loyal
CUST8061,8,4867,ORD097910,97910,2090,4,2,2,New Customers
CUST8062,19,11930,ORD097500,97500,2500,4,5,5,Champions
CUST8063,15,7997,ORD093133,93133,6867,3,5,4,Loyal
CUST8064,9,5901,ORD082685,82685,17315,1,2,3,Hibernating
CUST8065,11,5641,ORD080547,80547,19453,1,3,2,At Risk
CUST8066,13,6943,ORD091839,91839,8161,3,4,3,Loyal
CUST8067,10,7179,ORD098906,98906,1094,5,3,4,Loyal
CUST8068,9,4098,ORD083674,83674,16326,1,2,1,Promising
CUST8069,16,8340,ORD099538,99538,462,5,5,4,Champions
CUST8070,10,7783,ORD093885,93885,6115,3,3,4,Loyal
CUST8071,14,10039,ORD097285,97285,2715,4,5,5,Champions
CUST8072,7,5944,ORD094995,94995,5005,3,1,3,Promising
CUST8073,9,4313,ORD092597,92597,7403,3,2,1,Promising
CUST8074,18,11810,ORD099510,99510,490,5,5,5,Champions
CUST8075,12,5553,ORD082180,82180,17820,1,4,2,At Risk
CUST8076,9,5575,ORD097304,97304,2696,4,2,2,New Customers
CUST8077,18,12565,ORD099248,99248,752,5,5,5,Champions
CUST8078,9,5841,ORD075457,75457,24543,1,2,3,Hibernating
CUST8079,10,6210,ORD098904,98904,1096,5,3,3,Loyal
CUST8080,14,6653,ORD086706,86706,13294,2,5,3,At Risk
CUST8081,14,9498,ORD083747,83747,16253,1,5,5,At Risk
CUST8082,12,6048,ORD097724,97724,2276,4,4,3,Loyal
CUST8083,8,2001,ORD082751,82751,17249,1,2,1,Promising
CUST8084,11,5803,ORD097905,97905,2095,4,3,3,Loyal
CUST8085,12,8025,ORD076105,76105,23895,1,4,4,At Risk
CUST8086,20,8177,ORD095990,95990,4010,4,5,4,Champions
CUST8087,7,3080,ORD092208,92208,7792,3,1,1,Promising
CUST8088,13,7635,ORD089762,89762,10238,2,4,4,At Risk
CUST8089,13,7560,ORD099901,99901,99,5,4,4,Champions
CUST8090,11,5001,ORD097632,97632,2368,4,3,2,Loyal
CUST8091,12,10139,ORD087603,87603,12397,2,4,5,At Risk
CUST8092,8,5663,ORD099211,99211,789,5,2,2,New Customers
CUST8093,10,4294,ORD099669,99669,331,5,3,1,Loyal
CUST8094,12,7259,ORD097506,97506,2494,4,4,4,Champions
CUST8095,10,4468,ORD098846,98846,1154,5,3,1,Loyal
CUST8096,14,8326,ORD098083,98083,1917,5,5,4,Champions
CUST8097,12,6527,ORD097650,97650,2350,4,4,3,Loyal
CUST8098,9,5110,ORD097778,97778,2222,4,2,2,New Customers
CUST8099,10,3764,ORD094218,94218,5782,3,3,1,Loyal
CUST8100,16,8093,ORD095397,95397,4603,4,5,4,Champions
CUST8101,19,12054,ORD099274,99274,726,5,5,5,Champions
CUST8102,15,10917,ORD098837,98837,1163,5,5,5,Champions
CUST8103,11,6738,ORD095975,95975,4025,4,3,3,Loyal
CUST8104,12,7503,ORD081647,81647,18353,1,4,4,At Risk
CUST8105,12,3945,ORD074241,74241,25759,1,4,1,At Risk
CUST8106,10,5398,ORD095730,95730,4270,4,3,2,Loyal
CUST8107,14,8326,ORD096549,96549,3451,4,5,4,Champions
CUST8108,14,6857,ORD083262,83262,16738,1,5,3,At Risk
CUST8109,9,6205,ORD052837,52837,47163,1,2,3,Hibernating
CUST8110,17,8485,ORD095412,95412,4588,4,5,4,Champions
CUST8111,12,4490,ORD096536,96536,3464,4,4,1,Loyal
CUST8112,15,9402,ORD095516,95516,4484,4,5,5,Champions
CUST8113,13,9045,ORD085743,85743,14257,2,4,5,At Risk
CUST8114,11,7126,ORD097967,97967,2033,4,3,4,Loyal
CUST8115,12,8130,ORD093691,93691,6309,3,4,4,Loyal
CUST8116,12,9596,ORD093611,93611,6389,3,4,5,Loyal
CUST8117,9,6016,ORD058806,58806,41194,1,2,3,Hibernating
CUST8118,11,6309,ORD096946,96946,3054,4,3,3,Loyal
CUST8119,15,8101,ORD094813,94813,5187,3,5,4,Loyal
CUST8120,10,5723,ORD094957,94957,5043,3,3,2,Loyal
CUST8121,13,6502,ORD094865,94865,5135,3,4,3,Loyal
CUST8122,16,7870,ORD098940,98940,1060,5,5,4,Champions
CUST8123,15,10120,ORD096102,96102,3898,4,5,5,Champions
CUST8124,12,7363,ORD097991,97991,2009,5,4,4,Champions
CUST8125,5,2686,ORD082260,82260,17740,1,1,1,Lost
CUST8126,12,5078,ORD097308,97308,2692,4,4,2,Loyal
CUST8127,5,3465,ORD089182,89182,10818,2,1,1,Promising
CUST8128,8,4566,ORD096394,96394,3606,4,2,2,New Customers
CUST8129,15,11324,ORD092932,92932,7068,3,5,5,Loyal
CUST8130,14,10372,ORD074442,74442,25558,1,5,5,At Risk
CUST8131,9,6139,ORD098026,98026,1974,5,2,3,New Customers
CUST8132,11,6251,ORD084815,84815,15185,1,3,3,At Risk
CUST8133,18,11426,ORD095601,95601,4399,4,5,5,Champions
CUST8134,17,7735,ORD099516,99516,484,5,5,4,Champions
CUST8135,12,5393,ORD099692,99692,308,5,4,2,Loyal
CUST8136,11,6638,ORD083020,83020,16980,1,3,3,At Risk
CUST8137,10,3988,ORD086200,86200,13800,2,3,1,At Risk
CUST8138,7,3992,ORD071353,71353,28647,1,1,1,Lost
CUST8139,10,5448,ORD089954,89954,10046,2,3,2,At Risk
CUST8140,15,7316,ORD095307,95307,4693,3,5,4,Loyal
CUST8141,16,9797,ORD088338,88338,11662,2,5,5,At Risk
CUST8142,8,5508,ORD094151,94151,5849,3,2,2,Promising
CUST8143,7,2621,ORD089659,89659,10341,2,1,1,Promising
CUST8144,10,4354,ORD097470,97470,2530,4,3,1,Loyal
CUST8145,11,5663,ORD078813,78813,21187,1,3,2,At Risk
CUST8146,14,8225,ORD097245,97245,2755,4,5,4,Champions
CUST8147,10,5929,ORD095297,95297,4703,3,3,3,Loyal
CUST8148,11,6937,ORD096558,96558,3442,4,3,3,Loyal
CUST8149,11,5818,ORD099712,99712,288,5,3,3,Loyal
CUST8150,5,3575,ORD090045,90045,9955,2,1,1,Promising
CUST8151,9,6713,ORD080446,80446,19554,1,2,3,Hibernating
CUST8152,7,3578,ORD099408,99408,592,5,1,1,New Customers
CUST8153,8,3957,ORD098737,98737,1263,5,2,1,New Customers
CUST8154,15,11415,ORD092634,92634,7366,3,5,5,Loyal
CUST8155,15,5315,ORD096303,96303,3697,4,5,2,Loyal
CUST8156,10,5137,ORD091780,91780,8220,3,3,2,Loyal
CUST8157,8,3502,ORD092990,92990,7010,3,2,1,Promising
CUST8158,16,10556,ORD099442,99442,558,5,5,5,Champions
CUST8159,12,6203,ORD092389,92389,7611,3,4,3,Loyal
CUST8160,13,5662,ORD097868,97868,2132,4,4,2,Loyal
CUST8161,9,4912,ORD065658,65658,34342,1,2,2,Promising
CUST8162,8,4549,ORD096688,96688,3312,4,2,2,New Customers
CUST8163,7,4346,ORD072121,72121,27879,1,1,1,Lost
CUST8164,6,2120,ORD096902,96902,3098,4,1,1,New Customers
CUST8165,10,3898,ORD086213,86213,13787,2,3,1,At Risk
CUST8166,5,2086,ORD083380,83380,16620,1,1,1,Lost
CUST8167,13,7919,ORD099714,99714,286,5,4,4,Champions
CUST8168,12,5447,ORD087363,87363,12637,2,4,2,At Risk
CUST8169,11,7315,ORD083283,83283,16717,1,3,4,At Risk
CUST8170,16,13251,ORD092135,92135,7865,3,5,5,Loyal
CUST8171,14,7271,ORD098185,98185,1815,5,5,4,Champions
CUST8172,14,9979,ORD097517,97517,2483,4,5,5,Champions
CUST8173,15,7899,ORD098400,98400,1600,5,5,4,Champions
CUST8174,10,6923,ORD098698,98698,1302,5,3,3,Loyal
CUST8175,11,6667,ORD071907,71907,28093,1,3,3,At Risk
CUST8176,9,4807,ORD097663,97663,2337,4,2,2,New Customers
CUST8177,10,5732,ORD093929,93929,6071,3,3,2,Loyal
CUST8178,12,7531,ORD053958,53958,46042,1,4,4,At Risk
CUST8179,11,7329,ORD091549,91549,8451,2,3,4,At Risk
CUST8180,9,4683,ORD087630,87630,12370,2,2,2,Promising
CUST8181,9,5292,ORD090734,90734,9266,2,2,2,Promising
CUST8182,12,8570,ORD089842,89842,10158,2,4,5,At Risk
CUST8183,4,1933,ORD094770,94770,5230,3,1,1,Promising
CUST8184,12,4727,ORD099173,99173,827,5,4,2,Loyal
CUST8185,14,7643,ORD097542,97542,2458,4,5,4,Champions
CUST8186,9,4748,ORD096250,96250,3750,4,2,2,New Customers
CUST8187,11,7571,ORD096141,96141,3859,4,3,4,Loyal
CUST8188,5,6593,ORD088805,88805,11195,2,1,3,Hibernating
CUST8189,12,8297,ORD088033,88033,11967,2,4,4,At Risk
CUST8190,14,6138,ORD087985,87985,12015,2,5,3,At Risk
CUST8191,13,7392,ORD076456,76456,23544,1,4,4,At Risk
CUST8192,18,10597,ORD096221,96221,3779,4,5,5,Champions
CUST8193,15,12523,ORD098739,98739,1261,5,5,5,Champions
CUST8194,12,6591,ORD090800,90800,9200,2,4,3,At Risk
CUST8195,16,14262,ORD083230,83230,16770,1,5,5,At Risk
CUST8196,9,4147,ORD095804,95804,4196,4,2,1,New Customers
CUST8197,13,9769,ORD097703,97703,2297,4,4,5,Champions
CUST8198,12,5501,ORD099998,99998,2,5,4,2,Loyal
CUST8199,8,4248,ORD092788,92788,7212,3,2,1,Promising
CUST8200,10,8386,ORD097428,97428,2572,4,3,4,Loyal
CUST8201,7,2209,ORD097653,97653,2347,4,1,1,New Customers
CUST8202,17,11519,ORD097338,97338,2662,4,5,5,Champions
CUST8203,10,4396,ORD093716,93716,6284,3,3,1,Loyal
CUST8204,7,5865,ORD092822,92822,7178,3,1,3,Promising
CUST8205,6,3599,ORD098240,98240,1760,5,1,1,New Customers
CUST8206,15,7269,ORD095749,95749,4251,4,5,4,Champions
CUST8207,9,6849,ORD093215,93215,6785,3,2,3,Potential Loyalists
CUST8208,14,5364,ORD089477,89477,10523,2,5,2,At Risk
CUST8209,13,8541,ORD099822,99822,178,5,4,4,Champions
CUST8210,11,9006,ORD097213,97213,2787,4,3,5,Loyal
CUST8211,11,9560,ORD090596,90596,9404,2,3,5,At Risk
CUST8212,7,3943,ORD098994,98994,1006,5,1,1,New Customers
CUST8213,6,3496,ORD090341,90341,9659,2,1,1,Promising
CUST8214,15,12807,ORD099390,99390,610,5,5,5,Champions
CUST8215,9,6190,ORD099183,99183,817,5,2,3,New Customers
CUST8216,13,7050,ORD096337,96337,3663,4,4,4,Champions
CUST8217,11,5982,ORD095721,95721,4279,4,3,3,Loyal
CUST8218,11,8218,ORD095228,95228,4772,3,3,4,Loyal
CUST8219,9,3706,ORD064582,64582,35418,1,2,1,Promising
CUST8220,13,8090,ORD096007,96007,3993,4,4,4,Champions
CUST8221,4,987,ORD099437,99437,563,5,1,1,New Customers
CUST8222,14,7534,ORD092298,92298,7702,3,5,4,Loyal
CUST8223,5,3722,ORD088294,88294,11706,2,1,1,Promising
CUST8224,15,7708,ORD097568,97568,2432,4,5,4,Champions
CUST8225,9,8116,ORD079093,79093,20907,1,2,4,Hibernating
CUST8226,7,5688,ORD085281,85281,14719,1,1,2,Lost
CUST8227,12,8860,ORD093253,93253,6747,3,4,5,Loyal
CUST8228,13,6591,ORD091297,91297,8703,2,4,3,At Risk
CUST8229,6,2461,ORD091957,91957,8043,3,1,1,Promising
CUST8230,15,8487,ORD095873,95873,4127,4,5,4,Champions
CUST8231,17,9422,ORD096487,96487,3513,4,5,5,Champions
CUST8232,6,1812,ORD079518,79518,20482,1,1,1,Lost
CUST8233,10,5024,ORD084020,84020,15980,1,3,2,At Risk
CUST8234,12,8031,ORD099507,99507,493,5,4,4,Champions
CUST8235,12,9721,ORD099805,99805,195,5,4,5,Champions
CUST8236,10,4668,ORD098341,98341,1659,5,3,2,Loyal
CUST8237,10,6120,ORD099509,99509,491,5,3,3,Loyal
CUST8238,10,6273,ORD095594,95594,4406,4,3,3,Loyal
CUST8239,10,7460,ORD072102,72102,27898,1,3,4,At Risk
CUST8240,20,13373,ORD099535,99535,465,5,5,5,Champions
CUST8241,5,2402,ORD089904,89904,10096,2,1,1,Promising
CUST8242,16,10086,ORD096091,96091,3909,4,5,5,Champions
CUST8243,8,4795,ORD099721,99721,279,5,2,2,New Customers
CUST8244,15,10205,ORD099385,99385,615,5,5,5,Champions
CUST8245,13,5348,ORD092005,92005,7995,3,4,2,Loyal
CUST8246,12,6767,ORD092648,92648,7352,3,4,3,Loyal
CUST8247,16,6828,ORD099108,99108,892,5,5,3,Loyal
CUST8248,12,6083,ORD095853,95853,4147,4,4,3,Loyal
CUST8249,11,7040,ORD077980,77980,22020,1,3,4,At Risk
CUST8250,17,11407,ORD089752,89752,10248,2,5,5,At Risk
CUST8251,12,5142,ORD095862,95862,4138,4,4,2,Loyal
CUST8252,10,5656,ORD099680,99680,320,5,3,2,Loyal
CUST8253,12,8784,ORD090772,90772,9228,2,4,5,At Risk
CUST8254,8,4671,ORD084605,84605,15395,1,2,2,Promising
CUST8255,18,10307,ORD085805,85805,14195,2,5,5,At Risk
CUST8256,11,7566,ORD098836,98836,1164,5,3,4,Loyal
CUST8257,11,9138,ORD098178,98178,1822,5,3,5,Loyal
CUST8258,13,8211,ORD099430,99430,570,5,4,4,Champions
CUST8259,19,11416,ORD097682,97682,2318,4,5,5,Champions
CUST8260,11,5724,ORD097609,97609,2391,4,3,2,Loyal
CUST8261,7,3050,ORD078984,78984,21016,1,1,1,Lost
CUST8262,8,5536,ORD075586,75586,24414,1,2,2,Promising
CUST8263,5,1724,ORD090991,90991,9009,2,1,1,Promising
CUST8264,11,4441,ORD082972,82972,17028,1,3,1,At Risk
CUST8265,8,4702,ORD088245,88245,11755,2,2,2,Promising
CUST8266,10,6213,ORD096134,96134,3866,4,3,3,Loyal
CUST8267,17,10160,ORD095952,95952,4048,4,5,5,Champions
CUST8268,15,12814,ORD099086,99086,914,5,5,5,Champions
CUST8269,11,7307,ORD095946,95946,4054,4,3,4,Loyal
CUST8270,13,8170,ORD097560,97560,2440,4,4,4,Champions
CUST8271,18,10975,ORD093329,93329,6671,3,5,5,Loyal
CUST8272,13,8079,ORD083857,83857,16143,1,4,4,At Risk
CUST8273,18,14475,ORD089567,89567,10433,2,5,5,At Risk
CUST8274,9,7300,ORD087447,87447,12553,2,2,4,Hibernating
CUST8275,8,3614,ORD074826,74826,25174,1,2,1,Promising
CUST8276,10,5851,ORD094836,94836,5164,3,3,3,Loyal
CUST8277,9,4903,ORD085574,85574,14426,2,2,2,Promising
CUST8278,12,6064,ORD078447,78447,21553,1,4,3,At Risk
CUST8279,11,6209,ORD090551,90551,9449,2,3,3,At Risk
CUST8280,9,4674,ORD097628,97628,2372,4,2,2,New Customers
CUST8281,11,5040,ORD083835,83835,16165,1,3,2,At Risk
CUST8282,11,6606,ORD092515,92515,7485,3,3,3,Loyal
CUST8283,12,9246,ORD097122,97122,2878,4,4,5,Champions
CUST8284,14,5212,ORD090739,90739,9261,2,5,2,At Risk
CUST8285,18,10557,ORD096804,96804,3196,4,5,5,Champions
CUST8286,7,3895,ORD089370,89370,10630,2,1,1,Promising
CUST8287,10,6465,ORD078875,78875,21125,1,3,3,At Risk
CUST8288,7,8069,ORD080325,80325,19675,1,1,4,Hibernating
CUST8289,24,13050,ORD089614,89614,10386,2,5,5,At Risk
CUST8290,7,5493,ORD095775,95775,4225,4,1,2,New Customers
CUST8291,12,5683,ORD094452,94452,5548,3,4,2,Loyal
CUST8292,13,5550,ORD098718,98718,1282,5,4,2,Loyal
CUST8293,14,8922,ORD096923,96923,3077,4,5,5,Champions
CUST8294,8,5035,ORD097324,97324,2676,4,2,2,New Customers
CUST8295,14,8865,ORD087565,87565,12435,2,5,5,At Risk
CUST8296,10,4881,ORD097461,97461,2539,4,3,2,Loyal
CUST8297,11,7763,ORD099252,99252,748,5,3,4,Loyal
CUST8298,8,5341,ORD082928,82928,17072,1,2,2,Promising
CUST8299,6,2136,ORD067891,67891,32109,1,1,1,Lost
CUST8300,13,10264,ORD098102,98102,1898,5,4,5,Champions
CUST8301,7,4063,ORD098609,98609,1391,5,1,1,New Customers
CUST8302,7,2307,ORD094049,94049,5951,3,1,1,Promising
CUST8303,18,11501,ORD094935,94935,5065,3,5,5,Loyal
CUST8304,10,8665,ORD089497,89497,10503,2,3,5,At Risk
CUST8305,12,7253,ORD087584,87584,12416,2,4,4,At Risk
CUST8306,14,6504,ORD095527,95527,4473,4,5,3,Loyal
CUST8307,9,5682,ORD093623,93623,6377,3,2,2,Promising
CUST8308,16,8228,ORD099038,99038,962,5,5,4,Champions
CUST8309,13,6072,ORD080633,80633,19367,1,4,3,At Risk
CUST8310,6,2693,ORD091583,91583,8417,2,1,1,Promising
CUST8311,9,4541,ORD086382,86382,13618,2,2,2,Promising
CUST8312,8,4188,ORD096723,96723,3277,4,2,1,New Customers
CUST8313,10,7234,ORD090560,90560,9440,2,3,4,At Risk
CUST8314,11,7052,ORD091024,91024,8976,2,3,4,At Risk
CUST8315,8,3694,ORD099054,99054,946,5,2,1,New Customers
CUST8316,6,2500,ORD072908,72908,27092,1,1,1,Lost
CUST8317,16,8391,ORD097882,97882,2118,4,5,4,Champions
CUST8318,9,4256,ORD092174,92174,7826,3,2,1,Promising
CUST8319,16,9630,ORD093898,93898,6102,3,5,5,Loyal
CUST8320,14,7815,ORD093325,93325,6675,3,5,4,Loyal
CUST8321,9,3650,ORD094579,94579,5421,3,2,1,Promising
CUST8322,7,5066,ORD095101,95101,4899,3,1,2,Promising
CUST8323,15,8759,ORD099781,99781,219,5,5,5,Champions
CUST8324,10,8612,ORD046905,46905,53095,1,3,5,At Risk
CUST8325,7,3216,ORD097758,97758,2242,4,1,1,New Customers
CUST8326,7,4354,ORD075053,75053,24947,1,1,1,Lost
CUST8327,13,6943,ORD098148,98148,1852,5,4,3,Loyal
CUST8328,8,2598,ORD091299,91299,8701,2,2,1,Promising
CUST8329,13,7575,ORD098205,98205,1795,5,4,4,Champions
CUST8330,19,12439,ORD093281,93281,6719,3,5,5,Loyal
CUST8331,13,5649,ORD095536,95536,4464,4,4,2,Loyal
CUST8332,9,3848,ORD099469,99469,531,5,2,1,New Customers
CUST8333,6,3264,ORD079670,79670,20330,1,1,1,Lost
CUST8334,11,6747,ORD095504,95504,4496,4,3,3,Loyal
CUST8335,12,6727,ORD091129,91129,8871,2,4,3,At Risk
CUST8336,15,8615,ORD091709,91709,8291,2,5,5,At Risk
CUST8337,12,6610,ORD098701,98701,1299,5,4,3,Loyal
CUST8338,10,5461,ORD081495,81495,18505,1,3,2,At Risk
CUST8339,7,3319,ORD096415,96415,3585,4,1,1,New Customers
CUST8340,12,6094,ORD087622,87622,12378,2,4,3,At Risk
CUST8341,4,2791,ORD094265,94265,5735,3,1,1,Promising
CUST8342,7,4219,ORD092549,92549,7451,3,1,1,Promising
CUST8343,12,5851,ORD088299,88299,11701,2,4,3,At Risk
CUST8344,11,5262,ORD091281,91281,8719,2,3,2,At Risk
CUST8345,10,8227,ORD093406,93406,6594,3,3,4,Loyal
CUST8346,6,3827,ORD092579,92579,7421,3,1,1,Promising
CUST8347,16,9658,ORD094235,94235,5765,3,5,5,Loyal
CUST8348,6,2631,ORD075733,75733,24267,1,1,1,Lost
CUST8349,15,7932,ORD098409,98409,1591,5,5,4,Champions
CUST8350,12,5781,ORD099875,99875,125,5,4,3,Loyal
CUST8351,8,6511,ORD089327,89327,10673,2,2,3,Hibernating
CUST8352,7,2825,ORD089491,89491,10509,2,1,1,Promising
CUST8353,20,8884,ORD096798,96798,3202,4,5,5,Champions
CUST8354,13,9347,ORD099737,99737,263,5,4,5,Champions
CUST8355,12,4877,ORD074668,74668,25332,1,4,2,At Risk
CUST8356,7,3017,ORD096103,96103,3897,4,1,1,New Customers
CUST8357,15,9052,ORD090764,90764,9236,2,5,5,At Risk
CUST8358,9,6015,ORD091042,91042,8958,2,2,3,Hibernating
CUST8359,8,3484,ORD090009,90009,9991,2,2,1,Promising
CUST8360,13,4697,ORD093299,93299,6701,3,4,2,Loyal
CUST8361,10,6464,ORD079907,79907,20093,1,3,3,At Risk
CUST8362,10,8414,ORD070962,70962,29038,1,3,4,At Risk
CUST8363,7,3318,ORD085376,85376,14624,1,1,1,Lost
CUST8364,12,10550,ORD097406,97406,2594,4,4,5,Champions
CUST8365,12,6488,ORD099119,99119,881,5,4,3,Loyal
CUST8366,17,7794,ORD098166,98166,1834,5,5,4,Champions
CUST8367,9,7292,ORD094689,94689,5311,3,2,4,Potential Loyalists
CUST8368,14,8313,ORD090757,90757,9243,2,5,4,At Risk
CUST8369,14,9756,ORD096384,96384,3616,4,5,5,Champions
CUST8370,13,6759,ORD085469,85469,14531,1,4,3,At Risk
CUST8371,15,11802,ORD093225,93225,6775,3,5,5,Loyal
CUST8372,9,6713,ORD096868,96868,3132,4,2,3,New Customers
CUST8373,11,7640,ORD096061,96061,3939,4,3,4,Loyal
CUST8374,10,6950,ORD083195,83195,16805,1,3,3,At Risk
CUST8375,12,8897,ORD096545,96545,3455,4,4,5,Champions
CUST8376,9,5325,ORD073028,73028,26972,1,2,2,Promising
CUST8377,12,8172,ORD097534,97534,2466,4,4,4,Champions
CUST8378,10,7198,ORD090437,90437,9563,2,3,4,At Risk
CUST8379,13,5329,ORD097484,97484,2516,4,4,2,Loyal
CUST8380,19,9202,ORD096791,96791,3209,4,5,5,Champions
CUST8381,14,7876,ORD096879,96879,3121,4,5,4,Champions
CUST8382,8,3743,ORD095077,95077,4923,3,2,1,Promising
CUST8383,11,6082,ORD090920,90920,9080,2,3,3,At Risk
CUST8384,8,4550,ORD071838,71838,28162,1,2,2,Promising
CUST8385,12,5987,ORD094136,94136,5864,3,4,3,Loyal
CUST8386,9,4873,ORD099590,99590,410,5,2,2,New Customers
CUST8387,15,8661,ORD097964,97964,2036,4,5,5,Champions
CUST8388,12,9157,ORD099091,99091,909,5,4,5,Champions
CUST8389,12,5948,ORD092166,92166,7834,3,4,3,Loyal
CUST8390,5,2895,ORD049833,49833,50167,1,1,1,Lost
CUST8391,10,5066,ORD073458,73458,26542,1,3,2,At Risk
CUST8392,10,5074,ORD097818,97818,2182,4,3,2,Loyal
CUST8393,11,4953,ORD087727,87727,12273,2,3,2,At Risk
CUST8394,9,7179,ORD099189,99189,811,5,2,4,New Customers
CUST8395,11,4713,ORD098311,98311,1689,5,3,2,Loyal
CUST8396,17,10901,ORD082545,82545,17455,1,5,5,At Risk
CUST8397,13,8300,ORD098564,98564,1436,5,4,4,Champions
CUST8398,11,7268,ORD091587,91587,8413,2,3,4,At Risk
CUST8399,14,11275,ORD096421,96421,3579,4,5,5,Champions
CUST8400,9,4878,ORD069234,69234,30766,1,2,2,Promising
CUST8401,11,6475,ORD075810,75810,24190,1,3,3,At Risk
CUST8402,7,6950,ORD078411,78411,21589,1,1,3,Hibernating
CUST8403,14,7817,ORD080133,80133,19867,1,5,4,At Risk
CUST8404,15,7688,ORD086214,86214,13786,2,5,4,At Risk
CUST8405,13,7868,ORD072893,72893,27107,1,4,4,At Risk
CUST8406,16,8005,ORD099151,99151,849,5,5,4,Champions
CUST8407,12,5784,ORD099470,99470,530,5,4,3,Loyal
CUST8408,13,5567,ORD091831,91831,8169,3,4,2,Loyal
CUST8409,11,4499,ORD097295,97295,2705,4,3,2,Loyal
CUST8410,10,6409,ORD091852,91852,8148,3,3,3,Loyal
CUST8411,13,9710,ORD078240,78240,21760,1,4,5,At Risk
CUST8412,16,6643,ORD092892,92892,7108,3,5,3,Loyal
CUST8413,12,5905,ORD099315,99315,685,5,4,3,Loyal
CUST8414,12,5500,ORD098598,98598,1402,5,4,2,Loyal
CUST8415,15,9349,ORD098156,98156,1844,5,5,5,Champions
CUST8416,8,4742,ORD098331,98331,1669,5,2,2,New Customers
CUST8417,8,5963,ORD091809,91809,8191,3,2,3,Potential Loyalists
CUST8418,15,10492,ORD094950,94950,5050,3,5,5,Loyal
CUST8419,8,3516,ORD083854,83854,16146,1,2,1,Promising
CUST8420,11,8097,ORD077578,77578,22422,1,3,4,At Risk
CUST8421,10,4591,ORD090136,90136,9864,2,3,2,At Risk
CUST8422,17,11049,ORD095359,95359,4641,4,5,5,Champions
CUST8423,10,6796,ORD083231,83231,16769,1,3,3,At Risk
CUST8424,16,8276,ORD097775,97775,2225,4,5,4,Champions
CUST8425,9,6539,ORD094309,94309,5691,3,2,3,Potential Loyalists
CUST8426,5,2578,ORD057737,57737,42263,1,1,1,Lost
CUST8427,5,2263,ORD096468,96468,3532,4,1,1,New Customers
CUST8428,12,5740,ORD096355,96355,3645,4,4,2,Loyal
CUST8429,13,7667,ORD083765,83765,16235,1,4,4,At Risk
CUST8430,13,4680,ORD077241,77241,22759,1,4,2,At Risk
CUST8431,12,4341,ORD093058,93058,6942,3,4,1,Loyal
CUST8432,13,6805,ORD099810,99810,190,5,4,3,Loyal
CUST8433,18,11777,ORD098614,98614,1386,5,5,5,Champions
CUST8434,12,5900,ORD084403,84403,15597,1,4,3,At Risk
CUST8435,9,4572,ORD086727,86727,13273,2,2,2,Promising
CUST8436,12,8113,ORD093582,93582,6418,3,4,4,Loyal
CUST8437,12,6226,ORD093457,93457,6543,3,4,3,Loyal
CUST8438,10,5366,ORD086086,86086,13914,2,3,2,At Risk
CUST8439,17,11096,ORD089300,89300,10700,2,5,5,At Risk
CUST8440,12,7995,ORD097584,97584,2416,4,4,4,Champions
CUST8441,8,3421,ORD086776,86776,13224,2,2,1,Promising
CUST8442,9,4644,ORD098631,98631,1369,5,2,2,New Customers
CUST8443,17,9620,ORD095948,95948,4052,4,5,5,Champions
CUST8444,8,5683,ORD051068,51068,48932,1,2,2,Promising
CUST8445,12,12867,ORD080749,80749,19251,1,4,5,At Risk
CUST8446,8,6925,ORD084855,84855,15145,1,2,3,Hibernating
CUST8447,15,9356,ORD086661,86661,13339,2,5,5,At Risk
CUST8448,14,7529,ORD095284,95284,4716,3,5,4,Loyal
CUST8449,15,11815,ORD086732,86732,13268,2,5,5,At Risk
CUST8450,8,2389,ORD075353,75353,24647,1,2,1,Promising
CUST8451,12,5039,ORD096613,96613,3387,4,4,2,Loyal
CUST8452,8,3813,ORD084322,84322,15678,1,2,1,Promising
CUST8453,14,8130,ORD098422,98422,1578,5,5,4,Champions
CUST8454,16,14023,ORD091117,91117,8883,2,5,5,At Risk
CUST8455,8,4526,ORD093598,93598,6402,3,2,2,Promising
CUST8456,9,5996,ORD095573,95573,4427,4,2,3,New Customers
CUST8457,8,5205,ORD093539,93539,6461,3,2,2,Promising
CUST8458,12,9759,ORD095097,95097,4903,3,4,5,Loyal
CUST8459,7,2636,ORD094958,94958,5042,3,1,1,Promising
CUST8460,13,5770,ORD098633,98633,1367,5,4,3,Loyal
CUST8461,14,7346,ORD091137,91137,8863,2,5,4,At Risk
CUST8462,8,5874,ORD098764,98764,1236,5,2,3,New Customers
CUST8463,9,5372,ORD098665,98665,1335,5,2,2,New Customers
CUST8464,11,5645,ORD077069,77069,22931,1,3,2,At Risk
CUST8465,8,5151,ORD097866,97866,2134,4,2,2,New Customers
CUST8466,13,8970,ORD096036,96036,3964,4,4,5,Champions
CUST8467,11,6746,ORD090606,90606,9394,2,3,3,At Risk
CUST8468,6,4475,ORD097440,97440,2560,4,1,1,New Customers
CUST8469,9,7222,ORD097558,97558,2442,4,2,4,New Customers
CUST8470,13,5389,ORD090592,90592,9408,2,4,2,At Risk
CUST8471,14,8209,ORD098380,98380,1620,5,5,4,Champions
CUST8472,20,11059,ORD080176,80176,19824,1,5,5,At Risk
CUST8473,4,1997,ORD068341,68341,31659,1,1,1,Lost
CUST8474,13,10925,ORD099897,99897,103,5,4,5,Champions
CUST8475,14,9746,ORD098508,98508,1492,5,5,5,Champions
CUST8476,12,5847,ORD098034,98034,1966,5,4,3,Loyal
CUST8477,13,6983,ORD069260,69260,30740,1,4,3,At Risk
CUST8478,8,5094,ORD078382,78382,21618,1,2,2,Promising
CUST8479,15,9412,ORD098374,98374,1626,5,5,5,Champions
CUST8480,12,9831,ORD097419,97419,2581,4,4,5,Champions
CUST8481,9,4383,ORD096075,96075,3925,4,2,1,New Customers
CUST8482,9,4484,ORD093591,93591,6409,3,2,1,Promising
CUST8483,17,11154,ORD093250,93250,6750,3,5,5,Loyal
CUST8484,8,4652,ORD084497,84497,15503,1,2,2,Promising
CUST8485,8,1914,ORD086040,86040,13960,2,2,1,Promising
CUST8486,16,7711,ORD095149,95149,4851,3,5,4,Loyal
CUST8487,10,9617,ORD099533,99533,467,5,3,5,Loyal
CUST8488,18,9695,ORD092527,92527,7473,3,5,5,Loyal
CUST8489,5,2189,ORD075811,75811,24189,1,1,1,Lost
CUST8490,9,5787,ORD085068,85068,14932,1,2,3,Hibernating
CUST8491,14,8610,ORD093729,93729,6271,3,5,5,Loyal
CUST8492,6,2687,ORD094483,94483,5517,3,1,1,Promising
CUST8493,8,4219,ORD087319,87319,12681,2,2,1,Promising
CUST8494,7,5330,ORD085327,85327,14673,1,1,2,Lost
CUST8495,12,8058,ORD093471,93471,6529,3,4,4,Loyal
CUST8496,15,9560,ORD083831,83831,16169,1,5,5,At Risk
CUST8497,4,2702,ORD089410,89410,10590,2,1,1,Promising
CUST8498,9,6303,ORD077219,77219,22781,1,2,3,Hibernating
CUST8499,19,8966,ORD097841,97841,2159,4,5,5,Champions
CUST8500,13,7434,ORD094064,94064,5936,3,4,4,Loyal
CUST8501,18,10232,ORD085507,85507,14493,2,5,5,At Risk
CUST8502,10,4905,ORD092100,92100,7900,3,3,2,Loyal
CUST8503,11,5701,ORD088736,88736,11264,2,3,2,At Risk
CUST8504,13,9295,ORD096047,96047,3953,4,4,5,Champions
CUST8505,15,7059,ORD086185,86185,13815,2,5,4,At Risk
CUST8506,10,4901,ORD091133,91133,8867,2,3,2,At Risk
CUST8507,11,7156,ORD092797,92797,7203,3,3,4,Loyal
CUST8508,5,2705,ORD076770,76770,23230,1,1,1,Lost
CUST8509,11,7692,ORD091075,91075,8925,2,3,4,At Risk
CUST8510,13,9386,ORD099519,99519,481,5,4,5,Champions
CUST8511,15,7224,ORD094993,94993,5007,3,5,4,Loyal
CUST8512,10,5177,ORD081565,81565,18435,1,3,2,At Risk
CUST8513,11,6865,ORD091451,91451,8549,2,3,3,At Risk
CUST8514,10,9754,ORD096915,96915,3085,4,3,5,Loyal
CUST8515,11,5978,ORD099472,99472,528,5,3,3,Loyal
CUST8516,14,7171,ORD085470,85470,14530,2,5,4,At Risk
CUST8517,9,6142,ORD071962,71962,28038,1,2,3,Hibernating
CUST8518,9,4451,ORD098944,98944,1056,5,2,1,New Customers
CUST8519,6,3918,ORD089382,89382,10618,2,1,1,Promising
CUST8520,11,6756,ORD070591,70591,29409,1,3,3,At Risk
CUST8521,7,1937,ORD092372,92372,7628,3,1,1,Promising
CUST8522,13,5607,ORD091411,91411,8589,2,4,2,At Risk
CUST8523,4,1497,ORD070153,70153,29847,1,1,1,Lost
CUST8524,7,3268,ORD088940,88940,11060,2,1,1,Promising
CUST8525,5,2117,ORD088727,88727,11273,2,1,1,Promising
CUST8526,14,10936,ORD092260,92260,7740,3,5,5,Loyal
CUST8527,11,6650,ORD099567,99567,433,5,3,3,Loyal
CUST8528,10,4269,ORD098794,98794,1206,5,3,1,Loyal
CUST8529,12,7880,ORD085230,85230,14770,1,4,4,At Risk
CUST8530,9,4538,ORD082005,82005,17995,1,2,2,Promising
CUST8531,15,9803,ORD097198,97198,2802,4,5,5,Champions
CUST8532,7,3664,ORD092042,92042,7958,3,1,1,Promising
CUST8533,10,6075,ORD074206,74206,25794,1,3,3,At Risk
CUST8534,7,5229,ORD095520,95520,4480,4,1,2,New Customers
CUST8535,9,5445,ORD091481,91481,8519,2,2,2,Promising
CUST8536,11,5077,ORD089090,89090,10910,2,3,2,At Risk
CUST8537,8,6439,ORD083807,83807,16193,1,2,3,Hibernating
CUST8538,6,2500,ORD053660,53660,46340,1,1,1,Lost
CUST8539,16,8108,ORD093945,93945,6055,3,5,4,Loyal
CUST8540,16,8764,ORD090664,90664,9336,2,5,5,At Risk
CUST8541,11,5860,ORD088152,88152,11848,2,3,3,At Risk
CUST8542,11,6032,ORD095562,95562,4438,4,3,3,Loyal
CUST8543,10,7039,ORD098745,98745,1255,5,3,4,Loyal
CUST8544,9,5426,ORD089203,89203,10797,2,2,2,Promising
CUST8545,4,3889,ORD089860,89860,10140,2,1,1,Promising
CUST8546,16,6532,ORD099138,99138,862,5,5,3,Loyal
CUST8547,7,3932,ORD083646,83646,16354,1,1,1,Lost
CUST8548,12,8341,ORD091132,91132,8868,2,4,4,At Risk
CUST8549,13,7716,ORD097215,97215,2785,4,4,4,Champions
CUST8550,11,7055,ORD094819,94819,5181,3,3,4,Loyal
CUST8551,10,4740,ORD095282,95282,4718,3,3,2,Loyal
CUST8552,17,9415,ORD096892,96892,3108,4,5,5,Champions
CUST8553,12,7215,ORD096148,96148,3852,4,4,4,Champions
CUST8554,11,6294,ORD091323,91323,8677,2,3,3,At Risk
CUST8555,9,4909,ORD079368,79368,20632,1,2,2,Promising
CUST8556,12,4979,ORD092994,92994,7006,3,4,2,Loyal
CUST8557,14,6506,ORD090343,90343,9657,2,5,3,At Risk
CUST8558,12,7379,ORD086194,86194,13806,2,4,4,At Risk
CUST8559,14,7457,ORD087089,87089,12911,2,5,4,At Risk
CUST8560,15,7405,ORD099607,99607,393,5,5,4,Champions
CUST8561,6,3969,ORD088670,88670,11330,2,1,1,Promising
CUST8562,10,7719,ORD087274,87274,12726,2,3,4,At Risk
CUST8563,9,7671,ORD094751,94751,5249,3,2,4,Potential Loyalists
CUST8564,11,5513,ORD091388,91388,8612,2,3,2,At Risk
CUST8565,10,5893,ORD096831,96831,3169,4,3,3,Loyal
CUST8566,16,11730,ORD099878,99878,122,5,5,5,Champions
CUST8567,9,6500,ORD084565,84565,15435,1,2,3,Hibernating
CUST8568,14,7639,ORD094816,94816,5184,3,5,4,Loyal
CUST8569,11,6763,ORD099003,99003,997,5,3,3,Loyal
CUST8570,13,8394,ORD093198,93198,6802,3,4,4,Loyal
CUST8571,15,7203,ORD093292,93292,6708,3,5,4,Loyal
CUST8572,6,3233,ORD089014,89014,10986,2,1,1,Promising
CUST8573,8,4046,ORD080249,80249,19751,1,2,1,Promising
CUST8574,7,2331,ORD094105,94105,5895,3,1,1,Promising
CUST8575,9,7535,ORD083413,83413,16587,1,2,4,Hibernating
CUST8576,12,5888,ORD087527,87527,12473,2,4,3,At Risk
CUST8577,15,11079,ORD096872,96872,3128,4,5,5,Champions
CUST8578,9,5250,ORD091507,91507,8493,2,2,2,Promising
CUST8579,7,6365,ORD071072,71072,28928,1,1,3,Hibernating
CUST8580,15,11257,ORD093994,93994,6006,3,5,5,Loyal
CUST8581,11,6673,ORD098969,98969,1031,5,3,3,Loyal
CUST8582,8,7979,ORD095929,95929,4071,4,2,4,New Customers
CUST8583,13,7488,ORD096519,96519,3481,4,4,4,Champions
CUST8584,12,6587,ORD092278,92278,7722,3,4,3,Loyal
CUST8585,6,4078,ORD085528,85528,14472,2,1,1,Promising
CUST8586,19,11310,ORD099198,99198,802,5,5,5,Champions
CUST8587,10,6994,ORD079090,79090,20910,1,3,3,At Risk
CUST8588,9,6647,ORD085311,85311,14689,1,2,3,Hibernating
CUST8589,14,8443,ORD093169,93169,6831,3,5,4,Loyal
CUST8590,13,7095,ORD094016,94016,5984,3,4,4,Loyal
CUST8591,14,5742,ORD095699,95699,4301,4,5,2,Loyal
CUST8592,4,3003,ORD064427,64427,35573,1,1,1,Lost
CUST8593,7,3320,ORD057003,57003,42997,1,1,1,Lost
CUST8594,12,7591,ORD080435,80435,19565,1,4,4,At Risk
CUST8595,12,8287,ORD083580,83580,16420,1,4,4,At Risk
CUST8596,10,6166,ORD085541,85541,14459,2,3,3,At Risk
CUST8597,8,6330,ORD090812,90812,9188,2,2,3,Hibernating
CUST8598,12,7851,ORD079055,79055,20945,1,4,4,At Risk
CUST8599,8,3462,ORD076306,76306,23694,1,2,1,Promising
CUST8600,11,5141,ORD090268,90268,9732,2,3,2,At Risk
CUST8601,14,5743,ORD096361,96361,3639,4,5,2,Loyal
CUST8602,14,6718,ORD094694,94694,5306,3,5,3,Loyal
CUST8603,10,6047,ORD098523,98523,1477,5,3,3,Loyal
CUST8604,6,5104,ORD095870,95870,4130,4,1,2,New Customers
CUST8605,13,5263,ORD097322,97322,2678,4,4,2,Loyal
CUST8606,16,13391,ORD083383,83383,16617,1,5,5,At Risk
CUST8607,10,13126,ORD097176,97176,2824,4,3,5,Loyal
CUST8608,9,5093,ORD091207,91207,8793,2,2,2,Promising
CUST8609,11,6699,ORD098781,98781,1219,5,3,3,Loyal
CUST8610,5,2064,ORD097069,97069,2931,4,1,1,New Customers
CUST8611,10,6009,ORD088043,88043,11957,2,3,3,At Risk
CUST8612,15,8305,ORD083553,83553,16447,1,5,4,At Risk
CUST8613,17,14729,ORD098335,98335,1665,5,5,5,Champions
CUST8614,12,7911,ORD078583,78583,21417,1,4,4,At Risk
CUST8615,10,5725,ORD099045,99045,955,5,3,2,Loyal
CUST8616,15,8987,ORD099083,99083,917,5,5,5,Champions
CUST8617,17,8698,ORD090209,90209,9791,2,5,5,At Risk
CUST8618,8,3248,ORD094561,94561,5439,3,2,1,Promising
CUST8619,8,5436,ORD087100,87100,12900,2,2,2,Promising
CUST8620,12,6364,ORD090731,90731,9269,2,4,3,At Risk
CUST8621,9,5617,ORD083062,83062,16938,1,2,2,Promising
CUST8622,10,4442,ORD089583,89583,10417,2,3,1,At Risk
CUST8623,9,4527,ORD098404,98404,1596,5,2,2,New Customers
CUST8624,16,8475,ORD093313,93313,6687,3,5,4,Loyal
CUST8625,10,4789,ORD091708,91708,8292,2,3,2,At Risk
CUST8626,9,7015,ORD093640,93640,6360,3,2,4,Potential Loyalists
CUST8627,8,5561,ORD093318,93318,6682,3,2,2,Promising
CUST8628,15,11179,ORD093018,93018,6982,3,5,5,Loyal
CUST8629,9,5485,ORD098110,98110,1890,5,2,2,New Customers
CUST8630,9,5095,ORD098874,98874,1126,5,2,2,New Customers
CUST8631,8,5460,ORD097191,97191,2809,4,2,2,New Customers
CUST8632,8,4521,ORD093675,93675,6325,3,2,2,Promising
CUST8633,9,4100,ORD094138,94138,5862,3,2,1,Promising
CUST8634,5,1946,ORD094610,94610,5390,3,1,1,Promising
CUST8635,13,7295,ORD095500,95500,4500,4,4,4,Champions
CUST8636,8,3073,ORD093667,93667,6333,3,2,1,Promising
CUST8637,9,6898,ORD098096,98096,1904,5,2,3,New Customers
CUST8638,14,7917,ORD097813,97813,2187,4,5,4,Champions
CUST8639,11,8809,ORD087233,87233,12767,2,3,5,At Risk
CUST8640,15,9321,ORD098104,98104,1896,5,5,5,Champions
CUST8641,7,3077,ORD099405,99405,595,5,1,1,New Customers
CUST8642,8,4427,ORD086395,86395,13605,2,2,1,Promising
CUST8643,14,8668,ORD098309,98309,1691,5,5,5,Champions
CUST8644,10,3433,ORD085779,85779,14221,2,3,1,At Risk
CUST8645,11,7740,ORD099987,99987,13,5,3,4,Loyal
CUST8646,10,4458,ORD093482,93482,6518,3,3,1,Loyal
CUST8647,10,5024,ORD099759,99759,241,5,3,2,Loyal
CUST8648,12,5983,ORD088095,88095,11905,2,4,3,At Risk
CUST8649,12,9018,ORD081260,81260,18740,1,4,5,At Risk
CUST8650,12,5186,ORD093858,93858,6142,3,4,2,Loyal
CUST8651,10,6650,ORD097909,97909,2091,4,3,3,Loyal
CUST8652,14,8819,ORD097948,97948,2052,4,5,5,Champions
CUST8653,12,7609,ORD096072,96072,3928,4,4,4,Champions
CUST8654,13,6795,ORD098532,98532,1468,5,4,3,Loyal
CUST8655,10,6686,ORD094266,94266,5734,3,3,3,Loyal
CUST8656,13,9795,ORD097137,97137,2863,4,4,5,Champions
CUST8657,19,13085,ORD086072,86072,13928,2,5,5,At Risk
CUST8658,10,5697,ORD093247,93247,6753,3,3,2,Loyal
CUST8659,12,6183,ORD095365,95365,4635,4,4,3,Loyal
CUST8660,13,6561,ORD096213,96213,3787,4,4,3,Loyal
CUST8661,7,6303,ORD095325,95325,4675,4,1,3,New Customers
CUST8662,12,6431,ORD081623,81623,18377,1,4,3,At Risk
CUST8663,9,8651,ORD082169,82169,17831,1,2,5,Hibernating
CUST8664,10,7485,ORD089723,89723,10277,2,3,4,At Risk
CUST8665,10,5635,ORD096195,96195,3805,4,3,2,Loyal
CUST8666,8,4961,ORD085824,85824,14176,2,2,2,Promising
CUST8667,8,3125,ORD046626,46626,53374,1,2,1,Promising
CUST8668,11,4319,ORD088053,88053,11947,2,3,1,At Risk
CUST8669,15,7720,ORD095921,95921,4079,4,5,4,Champions
CUST8670,9,6737,ORD099343,99343,657,5,2,3,New Customers
CUST8671,10,3529,ORD093825,93825,6175,3,3,1,Loyal
CUST8672,14,9288,ORD091203,91203,8797,2,5,5,At Risk
CUST8673,11,5093,ORD098496,98496,1504,5,3,2,Loyal
CUST8674,12,5199,ORD088087,88087,11913,2,4,2,At Risk
CUST8675,11,7184,ORD099871,99871,129,5,3,4,Loyal
CUST8676,11,7604,ORD095344,95344,4656,4,3,4,Loyal
CUST8677,4,2628,ORD096272,96272,3728,4,1,1,New Customers
CUST8678,6,3007,ORD094215,94215,5785,3,1,1,Promising
CUST8679,16,13551,ORD080996,80996,19004,1,5,5,At Risk
CUST8680,13,7715,ORD090037,90037,9963,2,4,4,At Risk
CUST8681,9,3357,ORD075435,75435,24565,1,2,1,Promising
CUST8682,11,7595,ORD094591,94591,5409,3,3,4,Loyal
CUST8683,11,6391,ORD097938,97938,2062,4,3,3,Loyal
CUST8684,12,5947,ORD096526,96526,3474,4,4,3,Loyal
CUST8685,11,8507,ORD095577,95577,4423,4,3,4,Loyal
CUST8686,10,5634,ORD088272,88272,11728,2,3,2,At Risk
CUST8687,10,4547,ORD094572,94572,5428,3,3,2,Loyal
CUST8688,14,7833,ORD091418,91418,8582,2,5,4,At Risk
CUST8689,7,2840,ORD095950,95950,4050,4,1,1,New Customers
CUST8690,12,8334,ORD097710,97710,2290,4,4,4,Champions
CUST8691,5,3387,ORD096307,96307,3693,4,1,1,New Customers
CUST8692,12,5869,ORD099199,99199,801,5,4,3,Loyal
CUST8693,13,8131,ORD096392,96392,3608,4,4,4,Champions
CUST8694,10,4127,ORD091985,91985,8015,3,3,1,Loyal
CUST8695,10,5168,ORD086876,86876,13124,2,3,2,At Risk
CUST8696,13,8284,ORD098668,98668,1332,5,4,4,Champions
CUST8697,14,9428,ORD096817,96817,3183,4,5,5,Champions
CUST8698,15,6702,ORD091823,91823,8177,3,5,3,Loyal
CUST8699,16,9736,ORD086915,86915,13085,2,5,5,At Risk
CUST8700,11,3476,ORD089661,89661,10339,2,3,1,At Risk
CUST8701,4,2385,ORD070071,70071,29929,1,1,1,Lost
CUST8702,14,5989,ORD097395,97395,2605,4,5,3,Loyal
CUST8703,11,5455,ORD084093,84093,15907,1,3,2,At Risk
CUST8704,10,5699,ORD082334,82334,17666,1,3,2,At Risk
CUST8705,18,12654,ORD097602,97602,2398,4,5,5,Champions
CUST8706,9,3127,ORD070403,70403,29597,1,2,1,Promising
CUST8707,11,4167,ORD072806,72806,27194,1,3,1,At Risk
CUST8708,11,5748,ORD085544,85544,14456,2,3,2,At Risk
CUST8709,9,6094,ORD082784,82784,17216,1,2,3,Hibernating
CUST8710,12,6033,ORD083544,83544,16456,1,4,3,At Risk
CUST8711,13,6471,ORD097933,97933,2067,4,4,3,Loyal
CUST8712,14,5971,ORD093324,93324,6676,3,5,3,Loyal
CUST8713,13,7142,ORD085642,85642,14358,2,4,4,At Risk
CUST8714,8,3346,ORD072994,72994,27006,1,2,1,Promising
CUST8715,13,7951,ORD096362,96362,3638,4,4,4,Champions
CUST8716,12,5913,ORD083561,83561,16439,1,4,3,At Risk
CUST8717,10,6456,ORD086960,86960,13040,2,3,3,At Risk
CUST8718,10,5135,ORD092057,92057,7943,3,3,2,Loyal
CUST8719,14,8973,ORD098298,98298,1702,5,5,5,Champions
CUST8720,13,8278,ORD098217,98217,1783,5,4,4,Champions
CUST8721,9,3078,ORD085433,85433,14567,1,2,1,Promising
CUST8722,10,7869,ORD092686,92686,7314,3,3,4,Loyal
CUST8723,7,4066,ORD095177,95177,4823,3,1,1,Promising
CUST8724,13,7288,ORD099035,99035,965,5,4,4,Champions
CUST8725,11,3653,ORD091611,91611,8389,2,3,1,At Risk
CUST8726,9,6946,ORD094518,94518,5482,3,2,3,Potential Loyalists
CUST8727,11,6795,ORD094466,94466,5534,3,3,3,Loyal
CUST8728,12,5560,ORD085947,85947,14053,2,4,2,At Risk
CUST8729,13,6919,ORD097180,97180,2820,4,4,3,Loyal
CUST8730,6,5613,ORD067429,67429,32571,1,1,2,Lost
CUST8731,12,10184,ORD092518,92518,7482,3,4,5,Loyal
CUST8732,13,8029,ORD095408,95408,4592,4,4,4,Champions
CUST8733,4,1397,ORD093660,93660,6340,3,1,1,Promising
CUST8734,11,5317,ORD098209,98209,1791,5,3,2,Loyal
CUST8735,12,7779,ORD096687,96687,3313,4,4,4,Champions
CUST8736,18,12728,ORD099323,99323,677,5,5,5,Champions
CUST8737,13,9209,ORD096586,96586,3414,4,4,5,Champions
CUST8738,14,5585,ORD091020,91020,8980,2,5,2,At Risk
CUST8739,15,10002,ORD087580,87580,12420,2,5,5,At Risk
CUST8740,13,7461,ORD084719,84719,15281,1,4,4,At Risk
CUST8741,12,5694,ORD099494,99494,506,5,4,2,Loyal
CUST8742,11,6890,ORD097199,97199,2801,4,3,3,Loyal
CUST8743,11,5947,ORD065562,65562,34438,1,3,3,At Risk
CUST8744,11,7830,ORD095173,95173,4827,3,3,4,Loyal
CUST8745,10,8874,ORD088181,88181,11819,2,3,5,At Risk
CUST8746,8,4036,ORD096702,96702,3298,4,2,1,New Customers
CUST8747,9,4312,ORD093692,93692,6308,3,2,1,Promising
CUST8748,7,4571,ORD094282,94282,5718,3,1,2,Promising
CUST8749,12,5667,ORD075494,75494,24506,1,4,2,At Risk
CUST8750,13,6664,ORD098859,98859,1141,5,4,3,Loyal
CUST8751,7,5265,ORD091716,91716,8284,2,1,2,Promising
CUST8752,7,3604,ORD044612,44612,55388,1,1,1,Lost
CUST8753,16,9411,ORD099289,99289,711,5,5,5,Champions
CUST8754,7,3417,ORD087685,87685,12315,2,1,1,Promising
CUST8755,13,8243,ORD099295,99295,705,5,4,4,Champions
CUST8756,17,8015,ORD099675,99675,325,5,5,4,Champions
CUST8757,8,3735,ORD092189,92189,7811,3,2,1,Promising
CUST8758,16,8532,ORD095324,95324,4676,4,5,4,Champions
CUST8759,13,6497,ORD096953,96953,3047,4,4,3,Loyal
CUST8760,13,7554,ORD096212,96212,3788,4,4,4,Champions
CUST8761,20,11547,ORD097913,97913,2087,4,5,5,Champions
CUST8762,11,4840,ORD087465,87465,12535,2,3,2,At Risk
CUST8763,17,9495,ORD088220,88220,11780,2,5,5,At Risk
CUST8764,19,12217,ORD091224,91224,8776,2,5,5,At Risk
CUST8765,19,14077,ORD099121,99121,879,5,5,5,Champions
CUST8766,8,3746,ORD098813,98813,1187,5,2,1,New Customers
CUST8767,5,4724,ORD076082,76082,23918,1,1,2,Lost
CUST8768,8,5463,ORD082390,82390,17610,1,2,2,Promising
CUST8769,12,6929,ORD092128,92128,7872,3,4,3,Loyal
CUST8770,11,6408,ORD083846,83846,16154,1,3,3,At Risk
CUST8771,9,4809,ORD098005,98005,1995,5,2,2,New Customers
CUST8772,10,5609,ORD079986,79986,20014,1,3,2,At Risk
CUST8773,9,5100,ORD099228,99228,772,5,2,2,New Customers
CUST8774,9,6757,ORD098023,98023,1977,5,2,3,New Customers
CUST8775,17,12309,ORD090532,90532,9468,2,5,5,At Risk
CUST8776,12,6909,ORD099179,99179,821,5,4,3,Loyal
CUST8777,12,7163,ORD084307,84307,15693,1,4,4,At Risk
CUST8778,16,7813,ORD099305,99305,695,5,5,4,Champions
CUST8779,26,14782,ORD098296,98296,1704,5,5,5,Champions
CUST8780,17,9431,ORD099297,99297,703,5,5,5,Champions
CUST8781,6,6668,ORD099237,99237,763,5,1,3,New Customers
CUST8782,3,2071,ORD080305,80305,19695,1,1,1,Lost
CUST8783,9,4535,ORD086258,86258,13742,2,2,2,Promising
CUST8784,11,7340,ORD094463,94463,5537,3,3,4,Loyal
CUST8785,13,8418,ORD098992,98992,1008,5,4,4,Champions
CUST8786,9,3556,ORD083128,83128,16872,1,2,1,Promising
CUST8787,10,3301,ORD096509,96509,3491,4,3,1,Loyal
CUST8788,9,5802,ORD099920,99920,80,5,2,3,New Customers
CUST8789,6,3579,ORD092292,92292,7708,3,1,1,Promising
CUST8790,9,4928,ORD096370,96370,3630,4,2,2,New Customers
CUST8791,12,6620,ORD097237,97237,2763,4,4,3,Loyal
CUST8792,14,5854,ORD070867,70867,29133,1,5,3,At Risk
CUST8793,10,4343,ORD090974,90974,9026,2,3,1,At Risk
CUST8794,13,8204,ORD093096,93096,6904,3,4,4,Loyal
CUST8795,14,7380,ORD077411,77411,22589,1,5,4,At Risk
CUST8796,13,9647,ORD085602,85602,14398,2,4,5,At Risk
CUST8797,5,1765,ORD089379,89379,10621,2,1,1,Promising
CUST8798,12,6324,ORD089080,89080,10920,2,4,3,At Risk
CUST8799,9,4705,ORD095087,95087,4913,3,2,2,Promising
CUST8800,11,3765,ORD099783,99783,217,5,3,1,Loyal
CUST8801,12,9438,ORD098218,98218,1782,5,4,5,Champions
CUST8802,17,11159,ORD092127,92127,7873,3,5,5,Loyal
CUST8803,9,5290,ORD096348,96348,3652,4,2,2,New Customers
CUST8804,9,6063,ORD076807,76807,23193,1,2,3,Hibernating
CUST8805,12,7118,ORD099948,99948,52,5,4,4,Champions
CUST8806,5,5051,ORD082070,82070,17930,1,1,2,Lost
CUST8807,13,8383,ORD090545,90545,9455,2,4,4,At Risk
CUST8808,16,9467,ORD092786,92786,7214,3,5,5,Loyal
CUST8809,17,10739,ORD099706,99706,294,5,5,5,Champions
CUST8810,10,8183,ORD095565,95565,4435,4,3,4,Loyal
CUST8811,13,6963,ORD076141,76141,23859,1,4,3,At Risk
CUST8812,18,9318,ORD085112,85112,14888,1,5,5,At Risk
CUST8813,13,8937,ORD091461,91461,8539,2,4,5,At Risk
CUST8814,10,8321,ORD089816,89816,10184,2,3,4,At Risk
CUST8815,9,7153,ORD097164,97164,2836,4,2,4,New Customers
CUST8816,14,7460,ORD094959,94959,5041,3,5,4,Loyal
CUST8817,9,4898,ORD096343,96343,3657,4,2,2,New Customers
CUST8818,9,7002,ORD094186,94186,5814,3,2,4,Potential Loyalists
CUST8819,7,5232,ORD079413,79413,20587,1,1,2,Lost
CUST8820,12,8759,ORD090635,90635,9365,2,4,5,At Risk
CUST8821,7,5307,ORD095220,95220,4780,3,1,2,Promising
CUST8822,12,8160,ORD079215,79215,20785,1,4,4,At Risk
CUST8823,6,2310,ORD050855,50855,49145,1,1,1,Lost
CUST8824,10,4674,ORD092291,92291,7709,3,3,2,Loyal
CUST8825,9,4743,ORD091294,91294,8706,2,2,2,Promising
CUST8826,12,6118,ORD096996,96996,3004,4,4,3,Loyal
CUST8827,7,2953,ORD086015,86015,13985,2,1,1,Promising
CUST8828,10,7842,ORD095813,95813,4187,4,3,4,Loyal
CUST8829,11,8571,ORD098716,98716,1284,5,3,5,Loyal
CUST8830,2,813,ORD095899,95899,4101,4,1,1,New Customers
CUST8831,9,5006,ORD084296,84296,15704,1,2,2,Promising
CUST8832,5,1762,ORD057625,57625,42375,1,1,1,Lost
CUST8833,10,6319,ORD087789,87789,12211,2,3,3,At Risk
CUST8834,12,7265,ORD095338,95338,4662,4,4,4,Champions
CUST8835,16,6695,ORD096016,96016,3984,4,5,3,Loyal
CUST8836,13,4096,ORD075945,75945,24055,1,4,1,At Risk
CUST8837,11,6653,ORD093293,93293,6707,3,3,3,Loyal
CUST8838,18,9118,ORD092214,92214,7786,3,5,5,Loyal
CUST8839,10,5920,ORD096283,96283,3717,4,3,3,Loyal
CUST8840,12,5519,ORD098541,98541,1459,5,4,2,Loyal
CUST8841,8,6441,ORD099217,99217,783,5,2,3,New Customers
CUST8842,11,5598,ORD098339,98339,1661,5,3,2,Loyal
CUST8843,16,11985,ORD091412,91412,8588,2,5,5,At Risk
CUST8844,11,6711,ORD096780,96780,3220,4,3,3,Loyal
CUST8845,15,9287,ORD097693,97693,2307,4,5,5,Champions
CUST8846,16,7112,ORD094200,94200,5800,3,5,4,Loyal
CUST8847,12,6438,ORD098907,98907,1093,5,4,3,Loyal
CUST8848,7,4010,ORD099690,99690,310,5,1,1,New Customers
CUST8849,9,6175,ORD095905,95905,4095,4,2,3,New Customers
CUST8850,11,5719,ORD097049,97049,2951,4,3,2,Loyal
CUST8851,12,5914,ORD099230,99230,770,5,4,3,Loyal
CUST8852,11,4718,ORD099410,99410,590,5,3,2,Loyal
CUST8853,10,5392,ORD095473,95473,4527,4,3,2,Loyal
CUST8854,9,5417,ORD092503,92503,7497,3,2,2,Promising
CUST8855,8,4705,ORD061919,61919,38081,1,2,2,Promising
CUST8856,12,6627,ORD099757,99757,243,5,4,3,Loyal
CUST8857,13,6381,ORD098970,98970,1030,5,4,3,Loyal
CUST8858,13,7420,ORD099908,99908,92,5,4,4,Champions
CUST8859,8,6430,ORD081806,81806,18194,1,2,3,Hibernating
CUST8860,6,3964,ORD084301,84301,15699,1,1,1,Lost
CUST8861,7,5001,ORD080498,80498,19502,1,1,2,Lost
CUST8862,13,7139,ORD092318,92318,7682,3,4,4,Loyal
CUST8863,11,7244,ORD099184,99184,816,5,3,4,Loyal
CUST8864,10,5950,ORD086525,86525,13475,2,3,3,At Risk
CUST8865,13,6145,ORD096659,96659,3341,4,4,3,Loyal
CUST8866,12,4308,ORD091342,91342,8658,2,4,1,At Risk
CUST8867,11,4603,ORD098870,98870,1130,5,3,2,Loyal
CUST8868,9,8410,ORD094846,94846,5154,3,2,4,Potential Loyalists
CUST8869,17,8950,ORD099093,99093,907,5,5,5,Champions
CUST8870,12,5656,ORD096098,96098,3902,4,4,2,Loyal
CUST8871,19,10736,ORD084387,84387,15613,1,5,5,At Risk
CUST8872,13,7210,ORD097579,97579,2421,4,4,4,Champions
CUST8873,10,5591,ORD086959,86959,13041,2,3,2,At Risk
CUST8874,8,5595,ORD095692,95692,4308,4,2,2,New Customers
CUST8875,10,5457,ORD095621,95621,4379,4,3,2,Loyal
CUST8876,11,4740,ORD093656,93656,6344,3,3,2,Loyal
CUST8877,20,13673,ORD097393,97393,2607,4,5,5,Champions
CUST8878,15,8608,ORD098525,98525,1475,5,5,5,Champions
CUST8879,8,5141,ORD087156,87156,12844,2,2,2,Promising
CUST8880,7,5148,ORD080999,80999,19001,1,1,2,Lost
CUST8881,12,5901,ORD091941,91941,8059,3,4,3,Loyal
CUST8882,9,5222,ORD090018,90018,9982,2,2,2,Promising
CUST8883,12,5871,ORD092337,92337,7663,3,4,3,Loyal
CUST8884,14,7083,ORD096731,96731,3269,4,5,4,Champions
CUST8885,11,5168,ORD099285,99285,715,5,3,2,Loyal
CUST8886,8,6438,ORD094576,94576,5424,3,2,3,Potential Loyalists
CUST8887,16,10619,ORD099125,99125,875,5,5,5,Champions
CUST8888,13,6579,ORD092824,92824,7176,3,4,3,Loyal
CUST8889,9,6428,ORD094274,94274,5726,3,2,3,Potential Loyalists
CUST8890,15,9916,ORD098394,98394,1606,5,5,5,Champions
CUST8891,7,4482,ORD085733,85733,14267,2,1,1,Promising
CUST8892,9,4840,ORD087941,87941,12059,2,2,2,Promising
CUST8893,5,3339,ORD085105,85105,14895,1,1,1,Lost
CUST8894,13,9950,ORD093730,93730,6270,3,4,5,Loyal
CUST8895,11,9605,ORD099168,99168,832,5,3,5,Loyal
CUST8896,6,3654,ORD042247,42247,57753,1,1,1,Lost
CUST8897,10,5711,ORD097880,97880,2120,4,3,2,Loyal
CUST8898,11,5201,ORD087203,87203,12797,2,3,2,At Risk
CUST8899,14,7688,ORD097643,97643,2357,4,5,4,Champions
CUST8900,11,7884,ORD078754,78754,21246,1,3,4,At Risk
CUST8901,8,3271,ORD097460,97460,2540,4,2,1,New Customers
CUST8902,8,4472,ORD094439,94439,5561,3,2,1,Promising
CUST8903,14,6839,ORD083493,83493,16507,1,5,3,At Risk
CUST8904,10,6419,ORD068467,68467,31533,1,3,3,At Risk
CUST8905,13,7170,ORD091897,91897,8103,3,4,4,Loyal
CUST8906,18,12082,ORD098915,98915,1085,5,5,5,Champions
CUST8907,12,8020,ORD090838,90838,9162,2,4,4,At Risk
CUST8908,9,4149,ORD099446,99446,554,5,2,1,New Customers
CUST8909,7,3868,ORD099931,99931,69,5,1,1,New Customers
CUST8910,14,8108,ORD099017,99017,983,5,5,4,Champions
CUST8911,10,5372,ORD099052,99052,948,5,3,2,Loyal
CUST8912,13,7839,ORD098279,98279,1721,5,4,4,Champions
CUST8913,17,11372,ORD099388,99388,612,5,5,5,Champions
CUST8914,8,4944,ORD075207,75207,24793,1,2,2,Promising
CUST8915,14,7953,ORD086047,86047,13953,2,5,4,At Risk
CUST8916,11,5279,ORD096760,96760,3240,4,3,2,Loyal
CUST8917,10,5211,ORD099960,99960,40,5,3,2,Loyal
CUST8918,16,10855,ORD099160,99160,840,5,5,5,Champions
CUST8919,13,7223,ORD096019,96019,3981,4,4,4,Champions
CUST8920,10,8844,ORD090960,90960,9040,2,3,5,At Risk
CUST8921,13,6527,ORD077641,77641,22359,1,4,3,At Risk
CUST8922,10,5097,ORD092360,92360,7640,3,3,2,Loyal
CUST8923,8,3995,ORD092808,92808,7192,3,2,1,Promising
CUST8924,13,7417,ORD088273,88273,11727,2,4,4,At Risk
CUST8925,18,11130,ORD094288,94288,5712,3,5,5,Loyal
CUST8926,11,4705,ORD086066,86066,13934,2,3,2,At Risk
CUST8927,11,5869,ORD096914,96914,3086,4,3,3,Loyal
CUST8928,9,5313,ORD082705,82705,17295,1,2,2,Promising
CUST8929,7,2717,ORD085852,85852,14148,2,1,1,Promising
CUST8930,13,9411,ORD099574,99574,426,5,4,5,Champions
CUST8931,11,7351,ORD096041,96041,3959,4,3,4,Loyal
CUST8932,11,5366,ORD088915,88915,11085,2,3,2,At Risk
CUST8933,13,10729,ORD094746,94746,5254,3,4,5,Loyal
CUST8934,11,10208,ORD096087,96087,3913,4,3,5,Loyal
CUST8935,11,5736,ORD076453,76453,23547,1,3,2,At Risk
CUST8936,16,7793,ORD099370,99370,630,5,5,4,Champions
CUST8937,10,5150,ORD097567,97567,2433,4,3,2,Loyal
CUST8938,14,8655,ORD096627,96627,3373,4,5,5,Champions
CUST8939,16,7662,ORD094329,94329,5671,3,5,4,Loyal
CUST8940,8,5403,ORD096973,96973,3027,4,2,2,New Customers
CUST8941,15,8843,ORD097151,97151,2849,4,5,5,Champions
CUST8942,9,4340,ORD066023,66023,33977,1,2,1,Promising
CUST8943,7,2362,ORD099683,99683,317,5,1,1,New Customers
CUST8944,15,8964,ORD081154,81154,18846,1,5,5,At Risk
CUST8945,10,8156,ORD086882,86882,13118,2,3,4,At Risk
CUST8946,14,10209,ORD099369,99369,631,5,5,5,Champions
CUST8947,9,4754,ORD097865,97865,2135,4,2,2,New Customers
CUST8948,13,8532,ORD096686,96686,3314,4,4,4,Champions
CUST8949,6,1998,ORD090117,90117,9883,2,1,1,Promising
CUST8950,15,6723,ORD097226,97226,2774,4,5,3,Loyal
CUST8951,12,8626,ORD097390,97390,2610,4,4,5,Champions
CUST8952,12,6700,ORD096126,96126,3874,4,4,3,Loyal
CUST8953,14,7027,ORD099100,99100,900,5,5,4,Champions
CUST8954,12,6036,ORD090468,90468,9532,2,4,3,At Risk
CUST8955,8,6420,ORD094263,94263,5737,3,2,3,Potential Loyalists
CUST8956,12,6391,ORD096821,96821,3179,4,4,3,Loyal
CUST8957,8,4059,ORD084352,84352,15648,1,2,1,Promising
CUST8958,7,3503,ORD096792,96792,3208,4,1,1,New Customers
CUST8959,9,4373,ORD090621,90621,9379,2,2,1,Promising
CUST8960,16,9485,ORD096729,96729,3271,4,5,5,Champions
CUST8961,11,6967,ORD074510,74510,25490,1,3,3,At Risk
CUST8962,12,6687,ORD097222,97222,2778,4,4,3,Loyal
CUST8963,8,5353,ORD098353,98353,1647,5,2,2,New Customers
CUST8964,10,5755,ORD099335,99335,665,5,3,3,Loyal
CUST8965,10,4760,ORD071460,71460,28540,1,3,2,At Risk
CUST8966,12,6272,ORD088873,88873,11127,2,4,3,At Risk
CUST8967,14,9359,ORD083991,83991,16009,1,5,5,At Risk
CUST8968,11,5605,ORD093346,93346,6654,3,3,2,Loyal
CUST8969,5,2935,ORD072653,72653,27347,1,1,1,Lost
CUST8970,11,6702,ORD089629,89629,10371,2,3,3,At Risk
CUST8971,14,8017,ORD089329,89329,10671,2,5,4,At Risk
CUST8972,11,7751,ORD093811,93811,6189,3,3,4,Loyal
CUST8973,15,9869,ORD081379,81379,18621,1,5,5,At Risk
CUST8974,10,4614,ORD095226,95226,4774,3,3,2,Loyal
CUST8975,15,11237,ORD096183,96183,3817,4,5,5,Champions
CUST8976,15,7967,ORD096305,96305,3695,4,5,4,Champions
CUST8977,10,6017,ORD094095,94095,5905,3,3,3,Loyal
CUST8978,13,7005,ORD087969,87969,12031,2,4,4,At Risk
CUST8979,5,5090,ORD078278,78278,21722,1,1,2,Lost
CUST8980,6,4928,ORD075686,75686,24314,1,1,2,Lost
CUST8981,8,5585,ORD092125,92125,7875,3,2,2,Promising
CUST8982,10,6115,ORD047979,47979,52021,1,3,3,At Risk
CUST8983,7,4688,ORD086632,86632,13368,2,1,2,Promising
CUST8984,8,3656,ORD052752,52752,47248,1,2,1,Promising
CUST8985,10,3872,ORD071759,71759,28241,1,3,1,At Risk
CUST8986,14,8020,ORD094880,94880,5120,3,5,4,Loyal
CUST8987,12,7480,ORD091781,91781,8219,3,4,4,Loyal
CUST8988,12,9716,ORD091821,91821,8179,3,4,5,Loyal
CUST8989,13,7985,ORD087637,87637,12363,2,4,4,At Risk
CUST8990,4,3368,ORD089930,89930,10070,2,1,1,Promising
CUST8991,8,6958,ORD076352,76352,23648,1,2,3,Hibernating
CUST8992,15,5752,ORD096289,96289,3711,4,5,2,Loyal
CUST8993,9,4348,ORD083172,83172,16828,1,2,1,Promising
CUST8994,10,5040,ORD098773,98773,1227,5,3,2,Loyal
CUST8995,9,4956,ORD089343,89343,10657,2,2,2,Promising
CUST8996,8,4629,ORD089870,89870,10130,2,2,2,Promising
CUST8997,18,10371,ORD089020,89020,10980,2,5,5,At Risk
CUST8998,16,9219,ORD098511,98511,1489,5,5,5,Champions
CUST8999,17,10742,ORD093257,93257,6743,3,5,5,Loyal
CUST9000,17,9001,ORD096522,96522,3478,4,5,5,Champions
CUST9001,6,4002,ORD085839,85839,14161,2,1,1,Promising
CUST9002,10,6264,ORD096893,96893,3107,4,3,3,Loyal
CUST9003,8,4766,ORD099750,99750,250,5,2,2,New Customers
CUST9004,16,9424,ORD099368,99368,632,5,5,5,Champions
CUST9005,11,6123,ORD091361,91361,8639,2,3,3,At Risk
CUST9006,9,3092,ORD093925,93925,6075,3,2,1,Promising
CUST9007,5,3672,ORD054424,54424,45576,1,1,1,Lost
CUST9008,15,10354,ORD096446,96446,3554,4,5,5,Champions
CUST9009,12,6224,ORD095857,95857,4143,4,4,3,Loyal
CUST9010,13,6419,ORD098069,98069,1931,5,4,3,Loyal
CUST9011,13,5371,ORD098006,98006,1994,5,4,2,Loyal
CUST9012,12,8061,ORD083504,83504,16496,1,4,4,At Risk
CUST9013,14,9120,ORD087058,87058,12942,2,5,5,At Risk
CUST9014,10,5317,ORD091145,91145,8855,2,3,2,At Risk
CUST9015,14,7291,ORD093975,93975,6025,3,5,4,Loyal
CUST9016,15,7186,ORD099719,99719,281,5,5,4,Champions
CUST9017,11,5894,ORD096656,96656,3344,4,3,3,Loyal
CUST9018,7,5816,ORD093154,93154,6846,3,1,3,Promising
CUST9019,15,10673,ORD098030,98030,1970,5,5,5,Champions
CUST9020,11,4622,ORD085061,85061,14939,1,3,2,At Risk
CUST9021,15,7488,ORD086948,86948,13052,2,5,4,At Risk
CUST9022,8,4630,ORD099657,99657,343,5,2,2,New Customers
CUST9023,6,2997,ORD087067,87067,12933,2,1,1,Promising
CUST9024,7,4137,ORD096884,96884,3116,4,1,1,New Customers
CUST9025,9,4187,ORD099404,99404,596,5,2,1,New Customers
CUST9026,12,7044,ORD097095,97095,2905,4,4,4,Champions
CUST9027,10,9028,ORD084228,84228,15772,1,3,5,At Risk
CUST9028,12,6319,ORD094593,94593,5407,3,4,3,Loyal
CUST9029,18,8700,ORD085810,85810,14190,2,5,5,At Risk
CUST9030,5,3521,ORD085442,85442,14558,1,1,1,Lost
CUST9031,13,9452,ORD090348,90348,9652,2,4,5,At Risk
CUST9032,9,6542,ORD087949,87949,12051,2,2,3,Hibernating
CUST9033,14,7680,ORD092463,92463,7537,3,5,4,Loyal
CUST9034,20,13825,ORD099614,99614,386,5,5,5,Champions
CUST9035,9,4290,ORD085802,85802,14198,2,2,1,Promising
CUST9036,12,9070,ORD094118,94118,5882,3,4,5,Loyal
CUST9037,14,8181,ORD089798,89798,10202,2,5,4,At Risk
CUST9038,11,5255,ORD099067,99067,933,5,3,2,Loyal
CUST9039,12,4433,ORD092694,92694,7306,3,4,1,Loyal
CUST9040,17,7922,ORD091629,91629,8371,2,5,4,At Risk
CUST9041,11,5271,ORD099557,99557,443,5,3,2,Loyal
CUST9042,11,6926,ORD084903,84903,15097,1,3,3,At Risk
CUST9043,15,6067,ORD075126,75126,24874,1,5,3,At Risk
CUST9044,10,5278,ORD086537,86537,13463,2,3,2,At Risk
CUST9045,13,8365,ORD079307,79307,20693,1,4,4,At Risk
CUST9046,15,8465,ORD098187,98187,1813,5,5,4,Champions
CUST9047,11,7033,ORD098162,98162,1838,5,3,4,Loyal
CUST9048,4,2058,ORD045153,45153,54847,1,1,1,Lost
CUST9049,16,9037,ORD096730,96730,3270,4,5,5,Champions
CUST9050,12,4927,ORD097591,97591,2409,4,4,2,Loyal
CUST9051,14,8027,ORD097589,97589,2411,4,5,4,Champions
CUST9052,8,3636,ORD095674,95674,4326,4,2,1,New Customers
CUST9053,10,6888,ORD092016,92016,7984,3,3,3,Loyal
CUST9054,13,5674,ORD086956,86956,13044,2,4,2,At Risk
CUST9055,19,12779,ORD097523,97523,2477,4,5,5,Champions
CUST9056,14,10621,ORD097291,97291,2709,4,5,5,Champions
CUST9057,13,7358,ORD089314,89314,10686,2,4,4,At Risk
CUST9058,5,2928,ORD069527,69527,30473,1,1,1,Lost
CUST9059,15,9511,ORD097282,97282,2718,4,5,5,Champions
CUST9060,12,6565,ORD099548,99548,452,5,4,3,Loyal
CUST9061,14,8232,ORD097339,97339,2661,4,5,4,Champions
CUST9062,8,4084,ORD085395,85395,14605,1,2,1,Promising
CUST9063,10,6812,ORD089840,89840,10160,2,3,3,At Risk
CUST9064,14,10551,ORD088121,88121,11879,2,5,5,At Risk
CUST9065,6,3928,ORD067918,67918,32082,1,1,1,Lost
CUST9066,8,4417,ORD081646,81646,18354,1,2,1,Promising
CUST9067,10,5824,ORD093737,93737,6263,3,3,3,Loyal
CUST9068,12,9923,ORD089459,89459,10541,2,4,5,At Risk
CUST9069,10,7394,ORD096797,96797,3203,4,3,4,Loyal
CUST9070,12,7956,ORD095860,95860,4140,4,4,4,Champions
CUST9071,10,7269,ORD072672,72672,27328,1,3,4,At Risk
CUST9072,11,8617,ORD078618,78618,21382,1,3,5,At Risk
CUST9073,9,5029,ORD081976,81976,18024,1,2,2,Promising
CUST9074,17,9882,ORD098889,98889,1111,5,5,5,Champions
CUST9075,9,4779,ORD090016,90016,9984,2,2,2,Promising
CUST9076,19,9243,ORD099806,99806,194,5,5,5,Champions
CUST9077,17,11984,ORD095761,95761,4239,4,5,5,Champions
CUST9078,17,8945,ORD096684,96684,3316,4,5,5,Champions
CUST9079,11,6876,ORD097059,97059,2941,4,3,3,Loyal
CUST9080,6,2305,ORD083050,83050,16950,1,1,1,Lost
CUST9081,8,6932,ORD094484,94484,5516,3,2,3,Potential Loyalists
CUST9082,10,6587,ORD090861,90861,9139,2,3,3,At Risk
CUST9083,13,8584,ORD098177,98177,1823,5,4,5,Champions
CUST9084,20,15547,ORD095343,95343,4657,4,5,5,Champions
CUST9085,10,7547,ORD097096,97096,2904,4,3,4,Loyal
CUST9086,10,6381,ORD098504,98504,1496,5,3,3,Loyal
CUST9087,13,6489,ORD099429,99429,571,5,4,3,Loyal
CUST9088,8,4610,ORD088717,88717,11283,2,2,2,Promising
CUST9089,11,5474,ORD097347,97347,2653,4,3,2,Loyal
CUST9090,16,10550,ORD098562,98562,1438,5,5,5,Champions
CUST9091,9,5460,ORD092608,92608,7392,3,2,2,Promising
CUST9092,8,6121,ORD083826,83826,16174,1,2,3,Hibernating
CUST9093,10,5389,ORD093943,93943,6057,3,3,2,Loyal
CUST9094,10,5329,ORD090722,90722,9278,2,3,2,At Risk
CUST9095,16,8200,ORD099366,99366,634,5,5,4,Champions
CUST9096,9,5540,ORD091761,91761,8239,3,2,2,Promising
CUST9097,14,6961,ORD094473,94473,5527,3,5,3,Loyal
CUST9098,12,8230,ORD099288,99288,712,5,4,4,Champions
CUST9099,16,10400,ORD083690,83690,16310,1,5,5,At Risk
CUST9100,10,5010,ORD095008,95008,4992,3,3,2,Loyal
CUST9101,10,4086,ORD080491,80491,19509,1,3,1,At Risk
CUST9102,10,6093,ORD099707,99707,293,5,3,3,Loyal
CUST9103,7,4335,ORD098538,98538,1462,5,1,1,New Customers
CUST9104,10,5151,ORD096222,96222,3778,4,3,2,Loyal
CUST9105,11,5977,ORD099084,99084,916,5,3,3,Loyal
CUST9106,10,5126,ORD089996,89996,10004,2,3,2,At Risk
CUST9107,11,6773,ORD098604,98604,1396,5,3,3,Loyal
CUST9108,17,10405,ORD085418,85418,14582,1,5,5,At Risk
CUST9109,15,8340,ORD086647,86647,13353,2,5,4,At Risk
CUST9110,11,7661,ORD099629,99629,371,5,3,4,Loyal
CUST9111,3,2524,ORD043670,43670,56330,1,1,1,Lost
CUST9112,10,7203,ORD085020,85020,14980,1,3,4,At Risk
CUST9113,8,5094,ORD095933,95933,4067,4,2,2,New Customers
CUST9114,16,8968,ORD090998,90998,9002,2,5,5,At Risk
CUST9115,19,11297,ORD099950,99950,50,5,5,5,Champions
CUST9116,12,7617,ORD092488,92488,7512,3,4,4,Loyal
CUST9117,18,10116,ORD096658,96658,3342,4,5,5,Champions
CUST9118,7,3217,ORD098823,98823,1177,5,1,1,New Customers
CUST9119,18,9960,ORD098519,98519,1481,5,5,5,Champions
CUST9120,8,5110,ORD090462,90462,9538,2,2,2,Promising
CUST9121,11,6661,ORD098142,98142,1858,5,3,3,Loyal
CUST9122,17,10805,ORD092309,92309,7691,3,5,5,Loyal
CUST9123,12,8212,ORD071579,71579,28421,1,4,4,At Risk
CUST9124,6,2231,ORD089877,89877,10123,2,1,1,Promising
CUST9125,12,6451,ORD089906,89906,10094,2,4,3,At Risk
CUST9126,14,7906,ORD069440,69440,30560,1,5,4,At Risk
CUST9127,6,2581,ORD086377,86377,13623,2,1,1,Promising
CUST9128,9,6499,ORD099505,99505,495,5,2,3,New Customers
CUST9129,17,7530,ORD098594,98594,1406,5,5,4,Champions
CUST9130,14,8164,ORD098869,98869,1131,5,5,4,Champions
CUST9131,13,8751,ORD094522,94522,5478,3,4,5,Loyal
CUST9132,14,8074,ORD099543,99543,457,5,5,4,Champions
CUST9133,15,8907,ORD075190,75190,24810,1,5,5,At Risk
CUST9134,9,5994,ORD086394,86394,13606,2,2,3,Hibernating
CUST9135,10,4578,ORD098878,98878,1122,5,3,2,Loyal
CUST9136,9,6519,ORD096410,96410,3590,4,2,3,New Customers
CUST9137,15,8594,ORD092906,92906,7094,3,5,5,Loyal
CUST9138,7,4828,ORD089530,89530,10470,2,1,2,Promising
CUST9139,10,3921,ORD076678,76678,23322,1,3,1,At Risk
CUST9140,12,6807,ORD095659,95659,4341,4,4,3,Loyal
CUST9141,12,8140,ORD088560,88560,11440,2,4,4,At Risk
CUST9142,9,3621,ORD090827,90827,9173,2,2,1,Promising
CUST9143,13,7413,ORD096065,96065,3935,4,4,4,Champions
CUST9144,11,6348,ORD097093,97093,2907,4,3,3,Loyal
CUST9145,7,2695,ORD095030,95030,4970,3,1,1,Promising
CUST9146,14,8383,ORD091082,91082,8918,2,5,4,At Risk
CUST9147,6,2952,ORD060486,60486,39514,1,1,1,Lost
CUST9148,11,6398,ORD072393,72393,27607,1,3,3,At Risk
CUST9149,6,4244,ORD092715,92715,7285,3,1,1,Promising
CUST9150,6,5902,ORD059439,59439,40561,1,1,3,Hibernating
CUST9151,17,11809,ORD098327,98327,1673,5,5,5,Champions
CUST9152,7,4156,ORD090607,90607,9393,2,1,1,Promising
CUST9153,6,4176,ORD053100,53100,46900,1,1,1,Lost
CUST9154,17,11499,ORD082642,82642,17358,1,5,5,At Risk
CUST9155,6,4141,ORD087726,87726,12274,2,1,1,Promising
CUST9156,18,10465,ORD099439,99439,561,5,5,5,Champions
CUST9157,9,5700,ORD094195,94195,5805,3,2,2,Promising
CUST9158,11,5244,ORD085122,85122,14878,1,3,2,At Risk
CUST9159,13,7449,ORD094055,94055,5945,3,4,4,Loyal
CUST9160,10,7034,ORD088957,88957,11043,2,3,4,At Risk
CUST9161,12,11211,ORD099553,99553,447,5,4,5,Champions
CUST9162,12,5817,ORD096770,96770,3230,4,4,3,Loyal
CUST9163,7,4427,ORD086452,86452,13548,2,1,1,Promising
CUST9164,5,3195,ORD079624,79624,20376,1,1,1,Lost
CUST9165,15,11190,ORD091596,91596,8404,2,5,5,At Risk
CUST9166,9,6263,ORD085390,85390,14610,1,2,3,Hibernating
CUST9167,4,3686,ORD043439,43439,56561,1,1,1,Lost
CUST9168,8,5471,ORD089219,89219,10781,2,2,2,Promising
CUST9169,14,7487,ORD091444,91444,8556,2,5,4,At Risk
CUST9170,12,6450,ORD094512,94512,5488,3,4,3,Loyal
CUST9171,15,9509,ORD096911,96911,3089,4,5,5,Champions
CUST9172,16,11705,ORD087616,87616,12384,2,5,5,At Risk
CUST9173,8,3023,ORD095712,95712,4288,4,2,1,New Customers
CUST9174,10,4618,ORD078747,78747,21253,1,3,2,At Risk
CUST9175,10,7835,ORD082924,82924,17076,1,3,4,At Risk
CUST9176,9,3803,ORD098303,98303,1697,5,2,1,New Customers
CUST9177,13,6827,ORD099263,99263,737,5,4,3,Loyal
CUST9178,2,2383,ORD071001,71001,28999,1,1,1,Lost
CUST9179,14,5620,ORD075986,75986,24014,1,5,2,At Risk
CUST9180,7,6616,ORD072593,72593,27407,1,1,3,Hibernating
CUST9181,8,4884,ORD093230,93230,6770,3,2,2,Promising
CUST9182,14,7140,ORD099947,99947,53,5,5,4,Champions
CUST9183,14,9420,ORD098108,98108,1892,5,5,5,Champions
CUST9184,13,10264,ORD095506,95506,4494,4,4,5,Champions
CUST9185,22,10172,ORD098868,98868,1132,5,5,5,Champions
CUST9186,14,8980,ORD087499,87499,12501,2,5,5,At Risk
CUST9187,12,9532,ORD088513,88513,11487,2,4,5,At Risk
CUST9188,12,6807,ORD097205,97205,2795,4,4,3,Loyal
CUST9189,12,6448,ORD081895,81895,18105,1,4,3,At Risk
CUST9190,6,3373,ORD092307,92307,7693,3,1,1,Promising
CUST9191,9,3933,ORD090895,90895,9105,2,2,1,Promising
CUST9192,10,5167,ORD097434,97434,2566,4,3,2,Loyal
CUST9193,11,5239,ORD086000,86000,14000,2,3,2,At Risk
CUST9194,7,3949,ORD099511,99511,489,5,1,1,New Customers
CUST9195,17,11929,ORD092316,92316,7684,3,5,5,Loyal
CUST9196,11,5338,ORD097101,97101,2899,4,3,2,Loyal
CUST9197,7,2964,ORD078481,78481,21519,1,1,1,Lost
CUST9198,6,4310,ORD080745,80745,19255,1,1,1,Lost
CUST9199,16,12036,ORD090386,90386,9614,2,5,5,At Risk
CUST9200,15,12251,ORD099320,99320,680,5,5,5,Champions
CUST9201,21,9631,ORD092677,92677,7323,3,5,5,Loyal
CUST9202,12,5093,ORD096499,96499,3501,4,4,2,Loyal
CUST9203,6,2594,ORD080116,80116,19884,1,1,1,Lost
CUST9204,8,4930,ORD099705,99705,295,5,2,2,New Customers
CUST9205,13,8352,ORD098953,98953,1047,5,4,4,Champions
CUST9206,7,5072,ORD073125,73125,26875,1,1,2,Lost
CUST9207,10,4999,ORD098357,98357,1643,5,3,2,Loyal
CUST9208,11,8473,ORD096159,96159,3841,4,3,4,Loyal
CUST9209,13,6353,ORD095117,95117,4883,3,4,3,Loyal
CUST9210,9,7540,ORD093569,93569,6431,3,2,4,Potential Loyalists
CUST9211,9,7729,ORD099877,99877,123,5,2,4,New Customers
CUST9212,13,8759,ORD074438,74438,25562,1,4,5,At Risk
CUST9213,7,3554,ORD099797,99797,203,5,1,1,New Customers
CUST9214,8,2805,ORD077837,77837,22163,1,2,1,Promising
CUST9215,11,6005,ORD099027,99027,973,5,3,3,Loyal
CUST9216,10,7173,ORD092689,92689,7311,3,3,4,Loyal
CUST9217,11,8808,ORD096171,96171,3829,4,3,5,Loyal
CUST9218,8,4669,ORD087477,87477,12523,2,2,2,Promising
CUST9219,12,6953,ORD099640,99640,360,5,4,3,Loyal
CUST9220,10,8435,ORD086534,86534,13466,2,3,4,At Risk
CUST9221,16,11930,ORD098690,98690,1310,5,5,5,Champions
CUST9222,9,5422,ORD095956,95956,4044,4,2,2,New Customers
CUST9223,8,4769,ORD085310,85310,14690,1,2,2,Promising
CUST9224,12,8462,ORD081928,81928,18072,1,4,4,At Risk
CUST9225,14,7714,ORD087209,87209,12791,2,5,4,At Risk
CUST9226,11,7066,ORD072604,72604,27396,1,3,4,At Risk
CUST9227,12,6586,ORD093886,93886,6114,3,4,3,Loyal
CUST9228,20,12680,ORD099571,99571,429,5,5,5,Champions
CUST9229,12,8253,ORD099012,99012,988,5,4,4,Champions
CUST9230,15,6032,ORD082332,82332,17668,1,5,3,At Risk
CUST9231,14,7318,ORD096662,96662,3338,4,5,4,Champions
CUST9232,10,5969,ORD082676,82676,17324,1,3,3,At Risk
CUST9233,8,5436,ORD096632,96632,3368,4,2,2,New Customers
CUST9234,11,5447,ORD098465,98465,1535,5,3,2,Loyal
CUST9235,14,7559,ORD094351,94351,5649,3,5,4,Loyal
CUST9236,8,4256,ORD099744,99744,256,5,2,1,New Customers
CUST9237,16,7454,ORD097421,97421,2579,4,5,4,Champions
CUST9238,10,4272,ORD098395,98395,1605,5,3,1,Loyal
CUST9239,6,2414,ORD077041,77041,22959,1,1,1,Lost
CUST9240,10,7815,ORD093934,93934,6066,3,3,4,Loyal
CUST9241,7,5536,ORD093150,93150,6850,3,1,2,Promising
CUST9242,6,5852,ORD099660,99660,340,5,1,3,New Customers
CUST9243,16,12051,ORD093783,93783,6217,3,5,5,Loyal
CUST9244,11,6648,ORD098174,98174,1826,5,3,3,Loyal
CUST9245,10,4578,ORD086783,86783,13217,2,3,2,At Risk
CUST9246,16,10735,ORD095771,95771,4229,4,5,5,Champions
CUST9247,14,8256,ORD093328,93328,6672,3,5,4,Loyal
CUST9248,20,10234,ORD098887,98887,1113,5,5,5,Champions
CUST9249,12,5598,ORD098578,98578,1422,5,4,2,Loyal
CUST9250,12,5786,ORD097521,97521,2479,4,4,3,Loyal
CUST9251,8,5421,ORD095103,95103,4897,3,2,2,Promising
CUST9252,8,6159,ORD073640,73640,26360,1,2,3,Hibernating
CUST9253,18,11118,ORD096288,96288,3712,4,5,5,Champions
CUST9254,11,6695,ORD097259,97259,2741,4,3,3,Loyal
CUST9255,18,11385,ORD097773,97773,2227,4,5,5,Champions
CUST9256,10,3840,ORD096424,96424,3576,4,3,1,Loyal
CUST9257,14,7274,ORD095199,95199,4801,3,5,4,Loyal
CUST9258,5,2366,ORD095296,95296,4704,3,1,1,Promising
CUST9259,5,3235,ORD070051,70051,29949,1,1,1,Lost
CUST9260,14,9639,ORD099894,99894,106,5,5,5,Champions
CUST9261,13,6791,ORD099934,99934,66,5,4,3,Loyal
CUST9262,12,6543,ORD094348,94348,5652,3,4,3,Loyal
CUST9263,12,5941,ORD093113,93113,6887,3,4,3,Loyal
CUST9264,14,7399,ORD099980,99980,20,5,5,4,Champions
CUST9265,10,6141,ORD096447,96447,3553,4,3,3,Loyal
CUST9266,7,4065,ORD066759,66759,33241,1,1,1,Lost
CUST9267,13,6391,ORD098736,98736,1264,5,4,3,Loyal
CUST9268,11,5183,ORD098364,98364,1636,5,3,2,Loyal
CUST9269,7,4089,ORD094763,94763,5237,3,1,1,Promising
CUST9270,6,3954,ORD094422,94422,5578,3,1,1,Promising
CUST9271,9,7880,ORD092624,92624,7376,3,2,4,Potential Loyalists
CUST9272,12,8291,ORD094871,94871,5129,3,4,4,Loyal
CUST9273,8,4161,ORD098256,98256,1744,5,2,1,New Customers
CUST9274,15,7879,ORD096500,96500,3500,4,5,4,Champions
CUST9275,16,8722,ORD099338,99338,662,5,5,5,Champions
CUST9276,10,5626,ORD099537,99537,463,5,3,2,Loyal
CUST9277,8,4081,ORD096147,96147,3853,4,2,1,New Customers
CUST9278,10,5189,ORD095480,95480,4520,4,3,2,Loyal
CUST9279,9,6609,ORD084570,84570,15430,1,2,3,Hibernating
CUST9280,5,2465,ORD078797,78797,21203,1,1,1,Lost
CUST9281,13,7615,ORD090693,90693,9307,2,4,4,At Risk
CUST9282,8,5733,ORD089118,89118,10882,2,2,2,Promising
CUST9283,13,8763,ORD096724,96724,3276,4,4,5,Champions
CUST9284,17,11242,ORD094296,94296,5704,3,5,5,Loyal
CUST9285,9,3695,ORD088207,88207,11793,2,2,1,Promising
CUST9286,11,6991,ORD098857,98857,1143,5,3,3,Loyal
CUST9287,10,3630,ORD086235,86235,13765,2,3,1,At Risk
CUST9288,8,4469,ORD061410,61410,38590,1,2,1,Promising
CUST9289,15,9552,ORD094984,94984,5016,3,5,5,Loyal
CUST9290,15,6293,ORD098521,98521,1479,5,5,3,Loyal
CUST9291,10,4865,ORD099360,99360,640,5,3,2,Loyal
CUST9292,10,6746,ORD089882,89882,10118,2,3,3,At Risk
CUST9293,8,4615,ORD075815,75815,24185,1,2,2,Promising
CUST9294,17,11776,ORD093633,93633,6367,3,5,5,Loyal
CUST9295,11,3603,ORD096466,96466,3534,4,3,1,Loyal
CUST9296,6,4525,ORD083017,83017,16983,1,1,2,Lost
CUST9297,16,6785,ORD097514,97514,2486,4,5,3,Loyal
CUST9298,6,6031,ORD081808,81808,18192,1,1,3,Hibernating
CUST9299,14,8408,ORD097971,97971,2029,4,5,4,Champions
CUST9300,9,2704,ORD094285,94285,5715,3,2,1,Promising
CUST9301,12,4981,ORD095035,95035,4965,3,4,2,Loyal
CUST9302,13,6711,ORD099024,99024,976,5,4,3,Loyal
CUST9303,9,7287,ORD099763,99763,237,5,2,4,New Customers
CUST9304,12,6282,ORD099422,99422,578,5,4,3,Loyal
CUST9305,14,5945,ORD086502,86502,13498,2,5,3,At Risk
CUST9306,15,9751,ORD095985,95985,4015,4,5,5,Champions
CUST9307,15,10364,ORD095134,95134,4866,3,5,5,Loyal
CUST9308,14,7770,ORD084789,84789,15211,1,5,4,At Risk
CUST9309,11,8703,ORD090092,90092,9908,2,3,5,At Risk
CUST9310,14,9308,ORD093233,93233,6767,3,5,5,Loyal
CUST9311,16,8824,ORD098060,98060,1940,5,5,5,Champions
CUST9312,12,7104,ORD067800,67800,32200,1,4,4,At Risk
CUST9313,11,5460,ORD073531,73531,26469,1,3,2,At Risk
CUST9314,12,6441,ORD069614,69614,30386,1,4,3,At Risk
CUST9315,10,7424,ORD081360,81360,18640,1,3,4,At Risk
CUST9316,19,9094,ORD098854,98854,1146,5,5,5,Champions
CUST9317,13,7191,ORD093685,93685,6315,3,4,4,Loyal
CUST9318,10,8651,ORD096590,96590,3410,4,3,5,Loyal
CUST9319,8,3683,ORD093653,93653,6347,3,2,1,Promising
CUST9320,9,6018,ORD097569,97569,2431,4,2,3,New Customers
CUST9321,7,3397,ORD082157,82157,17843,1,1,1,Lost
CUST9322,12,6821,ORD094374,94374,5626,3,4,3,Loyal
CUST9323,9,4323,ORD098056,98056,1944,5,2,1,New Customers
CUST9324,9,5959,ORD082296,82296,17704,1,2,3,Hibernating
CUST9325,11,4960,ORD093545,93545,6455,3,3,2,Loyal
CUST9326,11,6126,ORD083426,83426,16574,1,3,3,At Risk
CUST9327,17,10450,ORD099662,99662,338,5,5,5,Champions
CUST9328,14,8195,ORD078838,78838,21162,1,5,4,At Risk
CUST9329,11,6378,ORD098358,98358,1642,5,3,3,Loyal
CUST9330,9,7735,ORD096340,96340,3660,4,2,4,New Customers
CUST9331,10,6597,ORD094753,94753,5247,3,3,3,Loyal
CUST9332,9,3678,ORD099187,99187,813,5,2,1,New Customers
CUST9333,7,4843,ORD083806,83806,16194,1,1,2,Lost
CUST9334,16,14019,ORD096321,96321,3679,4,5,5,Champions
CUST9335,17,9811,ORD096439,96439,3561,4,5,5,Champions
CUST9336,10,4946,ORD093477,93477,6523,3,3,2,Loyal
CUST9337,9,4597,ORD098570,98570,1430,5,2,2,New Customers
CUST9338,17,11258,ORD076421,76421,23579,1,5,5,At Risk
CUST9339,9,5851,ORD098483,98483,1517,5,2,3,New Customers
CUST9340,10,9874,ORD089633,89633,10367,2,3,5,At Risk
CUST9341,10,8598,ORD099527,99527,473,5,3,5,Loyal
CUST9342,6,4022,ORD069821,69821,30179,1,1,1,Lost
CUST9343,9,5162,ORD096385,96385,3615,4,2,2,New Customers
CUST9344,11,5546,ORD090857,90857,9143,2,3,2,At Risk
CUST9345,7,5345,ORD084361,84361,15639,1,1,2,Lost
CUST9346,11,8158,ORD090274,90274,9726,2,3,4,At Risk
CUST9347,6,2531,ORD064948,64948,35052,1,1,1,Lost
CUST9348,12,6542,ORD090147,90147,9853,2,4,3,At Risk
CUST9349,9,2553,ORD085903,85903,14097,2,2,1,Promising
CUST9350,11,7971,ORD097143,97143,2857,4,3,4,Loyal
CUST9351,11,5674,ORD095253,95253,4747,3,3,2,Loyal
CUST9352,5,2781,ORD093786,93786,6214,3,1,1,Promising
CUST9353,13,5914,ORD096074,96074,3926,4,4,3,Loyal
CUST9354,12,5467,ORD088770,88770,11230,2,4,2,At Risk
CUST9355,14,6074,ORD092999,92999,7001,3,5,3,Loyal
CUST9356,5,3782,ORD070835,70835,29165,1,1,1,Lost
CUST9357,9,4570,ORD097825,97825,2175,4,2,2,New Customers
CUST9358,14,6317,ORD099374,99374,626,5,5,3,Loyal
CUST9359,15,12262,ORD090620,90620,9380,2,5,5,At Risk
CUST9360,12,8385,ORD092904,92904,7096,3,4,4,Loyal
CUST9361,11,7500,ORD091086,91086,8914,2,3,4,At Risk
CUST9362,12,10143,ORD089539,89539,10461,2,4,5,At Risk
CUST9363,6,4703,ORD094630,94630,5370,3,1,2,Promising
CUST9364,16,9023,ORD096300,96300,3700,4,5,5,Champions
CUST9365,8,4716,ORD096628,96628,3372,4,2,2,New Customers
CUST9366,15,8392,ORD095912,95912,4088,4,5,4,Champions
CUST9367,11,3938,ORD096489,96489,3511,4,3,1,Loyal
CUST9368,12,6478,ORD091603,91603,8397,2,4,3,At Risk
CUST9369,11,5589,ORD098484,98484,1516,5,3,2,Loyal
CUST9370,16,13659,ORD088705,88705,11295,2,5,5,At Risk
CUST9371,9,6096,ORD081224,81224,18776,1,2,3,Hibernating
CUST9372,14,10449,ORD095217,95217,4783,3,5,5,Loyal
CUST9373,7,5886,ORD089037,89037,10963,2,1,3,Hibernating
CUST9374,16,8258,ORD094072,94072,5928,3,5,4,Loyal
CUST9375,16,10087,ORD088732,88732,11268,2,5,5,At Risk
CUST9376,14,9672,ORD085844,85844,14156,2,5,5,At Risk
CUST9377,9,4463,ORD098088,98088,1912,5,2,1,New Customers
CUST9378,12,9620,ORD092995,92995,7005,3,4,5,Loyal
CUST9379,18,11210,ORD090165,90165,9835,2,5,5,At Risk
CUST9380,15,7746,ORD098623,98623,1377,5,5,4,Champions
CUST9381,12,8755,ORD089351,89351,10649,2,4,5,At Risk
CUST9382,14,7938,ORD087536,87536,12464,2,5,4,At Risk
CUST9383,12,6141,ORD085414,85414,14586,1,4,3,At Risk
CUST9384,15,10043,ORD095962,95962,4038,4,5,5,Champions
CUST9385,7,2968,ORD085803,85803,14197,2,1,1,Promising
CUST9386,12,7936,ORD099834,99834,166,5,4,4,Champions
CUST9387,5,3435,ORD092150,92150,7850,3,1,1,Promising
CUST9388,14,8594,ORD093377,93377,6623,3,5,5,Loyal
CUST9389,9,5085,ORD090020,90020,9980,2,2,2,Promising
CUST9390,13,7445,ORD090699,90699,9301,2,4,4,At Risk
CUST9391,7,3596,ORD094524,94524,5476,3,1,1,Promising
CUST9392,15,7291,ORD097581,97581,2419,4,5,4,Champions
CUST9393,7,3280,ORD093749,93749,6251,3,1,1,Promising
CUST9394,17,9380,ORD096144,96144,3856,4,5,5,Champions
CUST9395,8,3019,ORD092853,92853,7147,3,2,1,Promising
CUST9396,13,8618,ORD074215,74215,25785,1,4,5,At Risk
CUST9397,15,9861,ORD092257,92257,7743,3,5,5,Loyal
CUST9398,15,6248,ORD087696,87696,12304,2,5,3,At Risk
CUST9399,18,12268,ORD094937,94937,5063,3,5,5,Loyal
CUST9400,11,8042,ORD096241,96241,3759,4,3,4,Loyal
CUST9401,14,8859,ORD092659,92659,7341,3,5,5,Loyal
CUST9402,10,4197,ORD090454,90454,9546,2,3,1,At Risk
CUST9403,11,4927,ORD098553,98553,1447,5,3,2,Loyal
CUST9404,14,8218,ORD095472,95472,4528,4,5,4,Champions
CUST9405,8,6113,ORD099800,99800,200,5,2,3,New Customers
CUST9406,8,4140,ORD082258,82258,17742,1,2,1,Promising
CUST9407,6,3899,ORD098954,98954,1046,5,1,1,New Customers
CUST9408,16,11459,ORD098616,98616,1384,5,5,5,Champions
CUST9409,13,8040,ORD099277,99277,723,5,4,4,Champions
CUST9410,9,5234,ORD096955,96955,3045,4,2,2,New Customers
CUST9411,16,12637,ORD092992,92992,7008,3,5,5,Loyal
CUST9412,9,3697,ORD087673,87673,12327,2,2,1,Promising
CUST9413,18,10038,ORD092595,92595,7405,3,5,5,Loyal
CUST9414,9,4125,ORD099684,99684,316,5,2,1,New Customers
CUST9415,6,5001,ORD065689,65689,34311,1,1,2,Lost
CUST9416,8,4510,ORD086763,86763,13237,2,2,2,Promising
CUST9417,9,4802,ORD096060,96060,3940,4,2,2,New Customers
CUST9418,13,9102,ORD098640,98640,1360,5,4,5,Champions
CUST9419,11,3528,ORD097026,97026,2974,4,3,1,Loyal
CUST9420,13,8029,ORD095605,95605,4395,4,4,4,Champions
CUST9421,7,3608,ORD092067,92067,7933,3,1,1,Promising
CUST9422,14,7249,ORD099014,99014,986,5,5,4,Champions
CUST9423,17,13180,ORD089547,89547,10453,2,5,5,At Risk
CUST9424,11,7652,ORD092383,92383,7617,3,3,4,Loyal
CUST9425,13,6217,ORD090564,90564,9436,2,4,3,At Risk
CUST9426,9,5240,ORD099565,99565,435,5,2,2,New Customers
CUST9427,8,4888,ORD096128,96128,3872,4,2,2,New Customers
CUST9428,11,7874,ORD083565,83565,16435,1,3,4,At Risk
CUST9429,8,3949,ORD096909,96909,3091,4,2,1,New Customers
CUST9430,5,2962,ORD095723,95723,4277,4,1,1,New Customers
CUST9431,9,6413,ORD095748,95748,4252,4,2,3,New Customers
CUST9432,14,7283,ORD081253,81253,18747,1,5,4,At Risk
CUST9433,10,4580,ORD068173,68173,31827,1,3,2,At Risk
CUST9434,10,6826,ORD098643,98643,1357,5,3,3,Loyal
CUST9435,7,4812,ORD080845,80845,19155,1,1,2,Lost
CUST9436,16,8256,ORD087302,87302,12698,2,5,4,At Risk
CUST9437,13,6314,ORD094001,94001,5999,3,4,3,Loyal
CUST9438,10,4906,ORD076065,76065,23935,1,3,2,At Risk
CUST9439,10,5979,ORD091824,91824,8176,3,3,3,Loyal
CUST9440,8,3468,ORD099627,99627,373,5,2,1,New Customers
CUST9441,10,7195,ORD093327,93327,6673,3,3,4,Loyal
CUST9442,11,6299,ORD087084,87084,12916,2,3,3,At Risk
CUST9443,12,6583,ORD096456,96456,3544,4,4,3,Loyal
CUST9444,14,4813,ORD095315,95315,4685,4,5,2,Loyal
CUST9445,7,6674,ORD092728,92728,7272,3,1,3,Promising
CUST9446,9,3357,ORD098014,98014,1986,5,2,1,New Customers
CUST9447,17,7564,ORD098392,98392,1608,5,5,4,Champions
CUST9448,10,7471,ORD099371,99371,629,5,3,4,Loyal
CUST9449,14,7350,ORD096757,96757,3243,4,5,4,Champions
CUST9450,6,1974,ORD057582,57582,42418,1,1,1,Lost
CUST9451,10,5341,ORD078137,78137,21863,1,3,2,At Risk
CUST9452,12,8411,ORD083692,83692,16308,1,4,4,At Risk
CUST9453,10,8663,ORD096082,96082,3918,4,3,5,Loyal
CUST9454,8,5325,ORD097486,97486,2514,4,2,2,New Customers
CUST9455,10,8411,ORD093873,93873,6127,3,3,4,Loyal
CUST9456,13,7185,ORD098371,98371,1629,5,4,4,Champions
CUST9457,12,6522,ORD094571,94571,5429,3,4,3,Loyal
CUST9458,11,5706,ORD092050,92050,7950,3,3,2,Loyal
CUST9459,19,13023,ORD096943,96943,3057,4,5,5,Champions
CUST9460,6,6460,ORD084677,84677,15323,1,1,3,Hibernating
CUST9461,5,2423,ORD092781,92781,7219,3,1,1,Promising
CUST9462,15,6467,ORD089266,89266,10734,2,5,3,At Risk
CUST9463,10,5923,ORD093504,93504,6496,3,3,3,Loyal
CUST9464,7,4915,ORD094998,94998,5002,3,1,2,Promising
CUST9465,9,8068,ORD094628,94628,5372,3,2,4,Potential Loyalists
CUST9466,17,12740,ORD094511,94511,5489,3,5,5,Loyal
CUST9467,9,6288,ORD076595,76595,23405,1,2,3,Hibernating
CUST9468,12,9609,ORD093450,93450,6550,3,4,5,Loyal
CUST9469,3,1494,ORD092432,92432,7568,3,1,1,Promising
CUST9470,19,11836,ORD097358,97358,2642,4,5,5,Champions
CUST9471,17,10159,ORD094169,94169,5831,3,5,5,Loyal
CUST9472,6,3574,ORD096229,96229,3771,4,1,1,New Customers
CUST9473,9,4194,ORD096750,96750,3250,4,2,1,New Customers
CUST9474,12,8377,ORD097002,97002,2998,4,4,4,Champions
CUST9475,9,7042,ORD096615,96615,3385,4,2,4,New Customers
CUST9476,13,8033,ORD096003,96003,3997,4,4,4,Champions
CUST9477,10,5525,ORD099694,99694,306,5,3,2,Loyal
CUST9478,11,8235,ORD099253,99253,747,5,3,4,Loyal
CUST9479,13,7357,ORD096107,96107,3893,4,4,4,Champions
CUST9480,8,6844,ORD085604,85604,14396,2,2,3,Hibernating
CUST9481,8,4524,ORD060929,60929,39071,1,2,2,Promising
CUST9482,18,14545,ORD085696,85696,14304,2,5,5,At Risk
CUST9483,9,8159,ORD094333,94333,5667,3,2,4,Potential Loyalists
CUST9484,10,4744,ORD095859,95859,4141,4,3,2,Loyal
CUST9485,8,4474,ORD097831,97831,2169,4,2,1,New Customers
CUST9486,11,5377,ORD092555,92555,7445,3,3,2,Loyal
CUST9487,10,7261,ORD093314,93314,6686,3,3,4,Loyal
CUST9488,7,4582,ORD098638,98638,1362,5,1,2,New Customers
CUST9489,8,4708,ORD097473,97473,2527,4,2,2,New Customers
CUST9490,12,8309,ORD078575,78575,21425,1,4,4,At Risk
CUST9491,9,5617,ORD097885,97885,2115,4,2,2,New Customers
CUST9492,13,7733,ORD095722,95722,4278,4,4,4,Champions
CUST9493,7,6008,ORD083473,83473,16527,1,1,3,Hibernating
CUST9494,13,6221,ORD098757,98757,1243,5,4,3,Loyal
CUST9495,9,5668,ORD098966,98966,1034,5,2,2,New Customers
CUST9496,10,5048,ORD088687,88687,11313,2,3,2,At Risk
CUST9497,10,4240,ORD089771,89771,10229,2,3,1,At Risk
CUST9498,10,4901,ORD095671,95671,4329,4,3,2,Loyal
CUST9499,10,3713,ORD094513,94513,5487,3,3,1,Loyal
CUST9500,15,8503,ORD088857,88857,11143,2,5,4,At Risk
CUST9501,20,11833,ORD099615,99615,385,5,5,5,Champions
CUST9502,10,5823,ORD088901,88901,11099,2,3,3,At Risk
CUST9503,11,5264,ORD099379,99379,621,5,3,2,Loyal
CUST9504,14,6534,ORD090440,90440,9560,2,5,3,At Risk
CUST9505,8,5757,ORD084084,84084,15916,1,2,3,Hibernating
CUST9506,5,2818,ORD095651,95651,4349,4,1,1,New Customers
CUST9507,7,3459,ORD091236,91236,8764,2,1,1,Promising
CUST9508,13,9532,ORD098723,98723,1277,5,4,5,Champions
CUST9509,15,9180,ORD071874,71874,28126,1,5,5,At Risk
CUST9510,16,10621,ORD099525,99525,475,5,5,5,Champions
CUST9511,7,4098,ORD092377,92377,7623,3,1,1,Promising
CUST9512,8,3429,ORD092078,92078,7922,3,2,1,Promising
CUST9513,10,7383,ORD096002,96002,3998,4,3,4,Loyal
CUST9514,18,9773,ORD099080,99080,920,5,5,5,Champions
CUST9515,13,8400,ORD076494,76494,23506,1,4,4,At Risk
CUST9516,13,9774,ORD081188,81188,18812,1,4,5,At Risk
CUST9517,6,1990,ORD092753,92753,7247,3,1,1,Promising
CUST9518,15,8396,ORD096740,96740,3260,4,5,4,Champions
CUST9519,6,2363,ORD087179,87179,12821,2,1,1,Promising
CUST9520,8,2461,ORD061000,61000,39000,1,2,1,Promising
CUST9521,9,5149,ORD087704,87704,12296,2,2,2,Promising
CUST9522,10,6496,ORD099946,99946,54,5,3,3,Loyal
CUST9523,10,8309,ORD090741,90741,9259,2,3,4,At Risk
CUST9524,13,6051,ORD098127,98127,1873,5,4,3,Loyal
CUST9525,11,10052,ORD094147,94147,5853,3,3,5,Loyal
CUST9526,8,5013,ORD093837,93837,6163,3,2,2,Promising
CUST9527,8,5170,ORD085201,85201,14799,1,2,2,Promising
CUST9528,14,8234,ORD094986,94986,5014,3,5,4,Loyal
CUST9529,17,8941,ORD097001,97001,2999,4,5,5,Champions
CUST9530,21,12340,ORD097550,97550,2450,4,5,5,Champions
CUST9531,19,11910,ORD092560,92560,7440,3,5,5,Loyal
CUST9532,10,3877,ORD097126,97126,2874,4,3,1,Loyal
CUST9533,9,5012,ORD096210,96210,3790,4,2,2,New Customers
CUST9534,14,10541,ORD096154,96154,3846,4,5,5,Champions
CUST9535,10,8917,ORD095443,95443,4557,4,3,5,Loyal
CUST9536,13,8423,ORD097171,97171,2829,4,4,4,Champions
CUST9537,16,9593,ORD094008,94008,5992,3,5,5,Loyal
CUST9538,13,8303,ORD098318,98318,1682,5,4,4,Champions
CUST9539,13,8083,ORD099101,99101,899,5,4,4,Champions
CUST9540,10,7379,ORD071043,71043,28957,1,3,4,At Risk
CUST9541,9,4435,ORD094676,94676,5324,3,2,1,Promising
CUST9542,8,6576,ORD080276,80276,19724,1,2,3,Hibernating
CUST9543,9,6270,ORD081561,81561,18439,1,2,3,Hibernating
CUST9544,6,2798,ORD092526,92526,7474,3,1,1,Promising
CUST9545,5,2745,ORD095233,95233,4767,3,1,1,Promising
CUST9546,5,2891,ORD099203,99203,797,5,1,1,New Customers
CUST9547,11,7959,ORD089042,89042,10958,2,3,4,At Risk
CUST9548,14,7289,ORD081694,81694,18306,1,5,4,At Risk
CUST9549,9,7224,ORD096712,96712,3288,4,2,4,New Customers
CUST9550,11,7611,ORD096038,96038,3962,4,3,4,Loyal
CUST9551,14,9499,ORD087382,87382,12618,2,5,5,At Risk
CUST9552,14,7463,ORD095833,95833,4167,4,5,4,Champions
CUST9553,12,6773,ORD098774,98774,1226,5,4,3,Loyal
CUST9554,8,2805,ORD092415,92415,7585,3,2,1,Promising
CUST9555,11,3295,ORD084817,84817,15183,1,3,1,At Risk
CUST9556,14,8023,ORD092601,92601,7399,3,5,4,Loyal
CUST9557,12,6650,ORD089130,89130,10870,2,4,3,At Risk
CUST9558,10,4633,ORD093794,93794,6206,3,3,2,Loyal
CUST9559,11,4923,ORD096912,96912,3088,4,3,2,Loyal
CUST9560,12,6463,ORD094427,94427,5573,3,4,3,Loyal
CUST9561,12,6223,ORD099839,99839,161,5,4,3,Loyal
CUST9562,11,5977,ORD096904,96904,3096,4,3,3,Loyal
CUST9563,9,6118,ORD053177,53177,46823,1,2,3,Hibernating
CUST9564,13,8196,ORD091624,91624,8376,2,4,4,At Risk
CUST9565,12,6171,ORD087016,87016,12984,2,4,3,At Risk
CUST9566,12,4541,ORD083250,83250,16750,1,4,2,At Risk
CUST9567,5,3108,ORD090436,90436,9564,2,1,1,Promising
CUST9568,13,5988,ORD091738,91738,8262,2,4,3,At Risk
CUST9569,15,9255,ORD095982,95982,4018,4,5,5,Champions
CUST9570,10,3936,ORD089256,89256,10744,2,3,1,At Risk
CUST9571,8,4101,ORD098656,98656,1344,5,2,1,New Customers
CUST9572,11,5955,ORD097907,97907,2093,4,3,3,Loyal
CUST9573,13,10239,ORD089439,89439,10561,2,4,5,At Risk
CUST9574,14,8304,ORD087077,87077,12923,2,5,4,At Risk
CUST9575,12,7225,ORD099106,99106,894,5,4,4,Champions
CUST9576,9,3867,ORD092647,92647,7353,3,2,1,Promising
CUST9577,9,6001,ORD064523,64523,35477,1,2,3,Hibernating
CUST9578,13,5968,ORD089584,89584,10416,2,4,3,At Risk
CUST9579,5,2678,ORD093938,93938,6062,3,1,1,Promising
CUST9580,12,6698,ORD099570,99570,430,5,4,3,Loyal
CUST9581,11,3866,ORD098762,98762,1238,5,3,1,Loyal
CUST9582,11,7737,ORD097436,97436,2564,4,3,4,Loyal
CUST9583,11,8377,ORD071839,71839,28161,1,3,4,At Risk
CUST9584,12,9957,ORD093084,93084,6916,3,4,5,Loyal
CUST9585,13,8904,ORD077814,77814,22186,1,4,5,At Risk
CUST9586,5,3275,ORD041331,41331,58669,1,1,1,Lost
CUST9587,9,3692,ORD094894,94894,5106,3,2,1,Promising
CUST9588,9,3863,ORD092409,92409,7591,3,2,1,Promising
CUST9589,15,9453,ORD097737,97737,2263,4,5,5,Champions
CUST9590,8,4397,ORD099851,99851,149,5,2,1,New Customers
CUST9591,11,7019,ORD096376,96376,3624,4,3,4,Loyal
CUST9592,16,7855,ORD086693,86693,13307,2,5,4,At Risk
CUST9593,17,11881,ORD095531,95531,4469,4,5,5,Champions
CUST9594,8,5650,ORD090159,90159,9841,2,2,2,Promising
CUST9595,11,9734,ORD093912,93912,6088,3,3,5,Loyal
CUST9596,13,9774,ORD080182,80182,19818,1,4,5,At Risk
CUST9597,12,9713,ORD099126,99126,874,5,4,5,Champions
CUST9598,14,11112,ORD093068,93068,6932,3,5,5,Loyal
CUST9599,10,8229,ORD098164,98164,1836,5,3,4,Loyal
CUST9600,9,4187,ORD095810,95810,4190,4,2,1,New Customers
CUST9601,8,3262,ORD094856,94856,5144,3,2,1,Promising
CUST9602,11,5081,ORD086370,86370,13630,2,3,2,At Risk
CUST9603,9,5441,ORD088386,88386,11614,2,2,2,Promising
CUST9604,11,8393,ORD099829,99829,171,5,3,4,Loyal
CUST9605,15,8314,ORD093989,93989,6011,3,5,4,Loyal
CUST9606,15,9970,ORD099158,99158,842,5,5,5,Champions
CUST9607,10,5756,ORD080635,80635,19365,1,3,3,At Risk
CUST9608,9,6838,ORD092946,92946,7054,3,2,3,Potential Loyalists
CUST9609,14,7646,ORD089423,89423,10577,2,5,4,At Risk
CUST9610,11,5943,ORD094419,94419,5581,3,3,3,Loyal
CUST9611,13,7735,ORD080130,80130,19870,1,4,4,At Risk
CUST9612,10,5134,ORD099506,99506,494,5,3,2,Loyal
CUST9613,14,7176,ORD098379,98379,1621,5,5,4,Champions
CUST9614,8,5251,ORD099935,99935,65,5,2,2,New Customers
CUST9615,16,12198,ORD097729,97729,2271,4,5,5,Champions
CUST9616,8,3413,ORD096637,96637,3363,4,2,1,New Customers
CUST9617,13,6436,ORD089833,89833,10167,2,4,3,At Risk
CUST9618,11,5612,ORD096788,96788,3212,4,3,2,Loyal
CUST9619,8,4148,ORD096094,96094,3906,4,2,1,New Customers
CUST9620,11,5395,ORD097629,97629,2371,4,3,2,Loyal
CUST9621,17,8445,ORD098700,98700,1300,5,5,4,Champions
CUST9622,12,6247,ORD070331,70331,29669,1,4,3,At Risk
CUST9623,12,7903,ORD092684,92684,7316,3,4,4,Loyal
CUST9624,15,10289,ORD093350,93350,6650,3,5,5,Loyal
CUST9625,12,10865,ORD083209,83209,16791,1,4,5,At Risk
CUST9626,9,3709,ORD099667,99667,333,5,2,1,New Customers
CUST9627,11,5540,ORD093638,93638,6362,3,3,2,Loyal
CUST9628,7,2049,ORD091467,91467,8533,2,1,1,Promising
CUST9629,7,5641,ORD082625,82625,17375,1,1,2,Lost
CUST9630,11,5941,ORD085646,85646,14354,2,3,3,At Risk
CUST9631,7,2940,ORD077843,77843,22157,1,1,1,Lost
CUST9632,10,6909,ORD088350,88350,11650,2,3,3,At Risk
CUST9633,10,7785,ORD092029,92029,7971,3,3,4,Loyal
CUST9634,8,3861,ORD097808,97808,2192,4,2,1,New Customers
CUST9635,12,7057,ORD079619,79619,20381,1,4,4,At Risk
CUST9636,8,3764,ORD095461,95461,4539,4,2,1,New Customers
CUST9637,12,8766,ORD091859,91859,8141,3,4,5,Loyal
CUST9638,9,6000,ORD093693,93693,6307,3,2,3,Potential Loyalists
CUST9639,9,7562,ORD098062,98062,1938,5,2,4,New Customers
CUST9640,9,5054,ORD086805,86805,13195,2,2,2,Promising
CUST9641,9,3912,ORD087791,87791,12209,2,2,1,Promising
CUST9642,9,7969,ORD096367,96367,3633,4,2,4,New Customers
CUST9643,8,4216,ORD095292,95292,4708,3,2,1,Promising
CUST9644,6,3709,ORD093870,93870,6130,3,1,1,Promising
CUST9645,13,7094,ORD098651,98651,1349,5,4,4,Champions
CUST9646,15,7603,ORD094968,94968,5032,3,5,4,Loyal
CUST9647,14,7065,ORD084059,84059,15941,1,5,4,At Risk
CUST9648,12,7231,ORD079221,79221,20779,1,4,4,At Risk
CUST9649,9,4882,ORD089739,89739,10261,2,2,2,Promising
CUST9650,8,4413,ORD097272,97272,2728,4,2,1,New Customers
CUST9651,4,1110,ORD079941,79941,20059,1,1,1,Lost
CUST9652,13,5155,ORD094489,94489,5511,3,4,2,Loyal
CUST9653,15,9786,ORD086933,86933,13067,2,5,5,At Risk
CUST9654,10,5678,ORD096218,96218,3782,4,3,2,Loyal
CUST9655,9,7173,ORD096506,96506,3494,4,2,4,New Customers
CUST9656,18,12069,ORD093901,93901,6099,3,5,5,Loyal
CUST9657,8,3002,ORD093030,93030,6970,3,2,1,Promising
CUST9658,5,4220,ORD093370,93370,6630,3,1,1,Promising
CUST9659,12,8747,ORD085989,85989,14011,2,4,5,At Risk
CUST9660,11,7674,ORD095811,95811,4189,4,3,4,Loyal
CUST9661,11,6015,ORD099576,99576,424,5,3,3,Loyal
CUST9662,12,8782,ORD094477,94477,5523,3,4,5,Loyal
CUST9663,8,5951,ORD086970,86970,13030,2,2,3,Hibernating
CUST9664,10,7288,ORD085951,85951,14049,2,3,4,At Risk
CUST9665,14,9128,ORD092970,92970,7030,3,5,5,Loyal
CUST9666,12,5567,ORD097397,97397,2603,4,4,2,Loyal
CUST9667,15,8970,ORD095160,95160,4840,3,5,5,Loyal
CUST9668,11,6473,ORD098630,98630,1370,5,3,3,Loyal
CUST9669,14,9949,ORD096488,96488,3512,4,5,5,Champions
CUST9670,17,6453,ORD099186,99186,814,5,5,3,Loyal
CUST9671,6,3774,ORD090848,90848,9152,2,1,1,Promising
CUST9672,8,4158,ORD090300,90300,9700,2,2,1,Promising
CUST9673,15,8119,ORD094102,94102,5898,3,5,4,Loyal
CUST9674,9,6343,ORD099568,99568,432,5,2,3,New Customers
CUST9675,7,3354,ORD083359,83359,16641,1,1,1,Lost
CUST9676,7,3047,ORD097443,97443,2557,4,1,1,New Customers
CUST9677,16,7533,ORD094653,94653,5347,3,5,4,Loyal
CUST9678,4,2241,ORD068484,68484,31516,1,1,1,Lost
CUST9679,8,5029,ORD069082,69082,30918,1,2,2,Promising
CUST9680,12,6148,ORD088788,88788,11212,2,4,3,At Risk
CUST9681,10,6100,ORD087375,87375,12625,2,3,3,At Risk
CUST9682,16,16255,ORD094175,94175,5825,3,5,5,Loyal
CUST9683,5,3675,ORD095821,95821,4179,4,1,1,New Customers
CUST9684,12,8995,ORD097162,97162,2838,4,4,5,Champions
CUST9685,9,4987,ORD090659,90659,9341,2,2,2,Promising
CUST9686,8,6582,ORD096976,96976,3024,4,2,3,New Customers
CUST9687,7,5428,ORD087164,87164,12836,2,1,2,Promising
CUST9688,6,3862,ORD099188,99188,812,5,1,1,New Customers
CUST9689,12,6803,ORD086341,86341,13659,2,4,3,At Risk
CUST9690,16,8411,ORD096951,96951,3049,4,5,4,Champions
CUST9691,12,7516,ORD075311,75311,24689,1,4,4,At Risk
CUST9692,9,5299,ORD088760,88760,11240,2,2,2,Promising
CUST9693,12,6167,ORD080850,80850,19150,1,4,3,At Risk
CUST9694,14,9050,ORD089575,89575,10425,2,5,5,At Risk
CUST9695,12,11448,ORD096467,96467,3533,4,4,5,Champions
CUST9696,8,4569,ORD076550,76550,23450,1,2,2,Promising
CUST9697,17,12281,ORD094334,94334,5666,3,5,5,Loyal
CUST9698,15,9849,ORD095348,95348,4652,4,5,5,Champions
CUST9699,12,5484,ORD094106,94106,5894,3,4,2,Loyal
CUST9700,13,8150,ORD093702,93702,6298,3,4,4,Loyal
CUST9701,11,6980,ORD090572,90572,9428,2,3,3,At Risk
CUST9702,13,6279,ORD092187,92187,7813,3,4,3,Loyal
CUST9703,9,5367,ORD092171,92171,7829,3,2,2,Promising
CUST9704,12,5797,ORD089918,89918,10082,2,4,3,At Risk
CUST9705,3,1975,ORD098369,98369,1631,5,1,1,New Customers
CUST9706,7,3947,ORD089008,89008,10992,2,1,1,Promising
CUST9707,6,2936,ORD088820,88820,11180,2,1,1,Promising
CUST9708,12,7831,ORD095918,95918,4082,4,4,4,Champions
CUST9709,9,4719,ORD093857,93857,6143,3,2,2,Promising
CUST9710,9,3894,ORD097784,97784,2216,4,2,1,New Customers
CUST9711,12,7982,ORD086810,86810,13190,2,4,4,At Risk
CUST9712,6,6378,ORD085857,85857,14143,2,1,3,Hibernating
CUST9713,8,4156,ORD091192,91192,8808,2,2,1,Promising
CUST9714,13,5379,ORD094969,94969,5031,3,4,2,Loyal
CUST9715,10,5821,ORD090562,90562,9438,2,3,3,At Risk
CUST9716,8,3259,ORD091682,91682,8318,2,2,1,Promising
CUST9717,7,5326,ORD091752,91752,8248,3,1,2,Promising
CUST9718,8,3587,ORD099595,99595,405,5,2,1,New Customers
CUST9719,8,5268,ORD077297,77297,22703,1,2,2,Promising
CUST9720,12,7621,ORD094340,94340,5660,3,4,4,Loyal
CUST9721,11,4824,ORD099599,99599,401,5,3,2,Loyal
CUST9722,10,7599,ORD093649,93649,6351,3,3,4,Loyal
CUST9723,13,11762,ORD097890,97890,2110,4,4,5,Champions
CUST9724,12,6576,ORD095243,95243,4757,3,4,3,Loyal
CUST9725,11,7026,ORD088729,88729,11271,2,3,4,At Risk
CUST9726,9,6549,ORD098599,98599,1401,5,2,3,New Customers
CUST9727,9,5577,ORD095031,95031,4969,3,2,2,Promising
CUST9728,7,3359,ORD076379,76379,23621,1,1,1,Lost
CUST9729,9,6120,ORD088477,88477,11523,2,2,3,Hibernating
CUST9730,11,5039,ORD093149,93149,6851,3,3,2,Loyal
CUST9731,13,9092,ORD097838,97838,2162,4,4,5,Champions
CUST9732,11,7530,ORD097937,97937,2063,4,3,4,Loyal
CUST9733,14,7919,ORD088094,88094,11906,2,5,4,At Risk
CUST9734,11,3758,ORD094416,94416,5584,3,3,1,Loyal
CUST9735,10,8737,ORD070076,70076,29924,1,3,5,At Risk
CUST9736,12,8023,ORD098712,98712,1288,5,4,4,Champions
CUST9737,8,5925,ORD080626,80626,19374,1,2,3,Hibernating
CUST9738,6,4191,ORD096595,96595,3405,4,1,1,New Customers
CUST9739,12,6941,ORD098843,98843,1157,5,4,3,Loyal
CUST9740,13,8545,ORD095302,95302,4698,3,4,4,Loyal
CUST9741,11,6826,ORD089643,89643,10357,2,3,3,At Risk
CUST9742,8,2970,ORD088291,88291,11709,2,2,1,Promising
CUST9743,11,6570,ORD042840,42840,57160,1,3,3,At Risk
CUST9744,8,3855,ORD090158,90158,9842,2,2,1,Promising
CUST9745,14,7327,ORD098903,98903,1097,5,5,4,Champions
CUST9746,11,4657,ORD097961,97961,2039,4,3,2,Loyal
CUST9747,9,5906,ORD099094,99094,906,5,2,3,New Customers
CUST9748,14,7686,ORD096646,96646,3354,4,5,4,Champions
CUST9749,12,6077,ORD091869,91869,8131,3,4,3,Loyal
CUST9750,13,7000,ORD083390,83390,16610,1,4,4,At Risk
CUST9751,20,13220,ORD091906,91906,8094,3,5,5,Loyal
CUST9752,12,6490,ORD086282,86282,13718,2,4,3,At Risk
CUST9753,19,9746,ORD093935,93935,6065,3,5,5,Loyal
CUST9754,7,3352,ORD091543,91543,8457,2,1,1,Promising
CUST9755,13,6441,ORD095104,95104,4896,3,4,3,Loyal
CUST9756,7,2653,ORD076750,76750,23250,1,1,1,Lost
CUST9757,11,5482,ORD098961,98961,1039,5,3,2,Loyal
CUST9758,11,5175,ORD098566,98566,1434,5,3,2,Loyal
CUST9759,10,6622,ORD080442,80442,19558,1,3,3,At Risk
CUST9760,6,3928,ORD094424,94424,5576,3,1,1,Promising
CUST9761,13,8276,ORD095904,95904,4096,4,4,4,Champions
CUST9762,18,9926,ORD090884,90884,9116,2,5,5,At Risk
CUST9763,12,6012,ORD095237,95237,4763,3,4,3,Loyal
CUST9764,11,8913,ORD098888,98888,1112,5,3,5,Loyal
CUST9765,15,7263,ORD096531,96531,3469,4,5,4,Champions
CUST9766,9,4453,ORD083644,83644,16356,1,2,1,Promising
CUST9767,12,6586,ORD093467,93467,6533,3,4,3,Loyal
CUST9768,11,7115,ORD085921,85921,14079,2,3,4,At Risk
CUST9769,9,4222,ORD088129,88129,11871,2,2,1,Promising
CUST9770,9,4413,ORD089794,89794,10206,2,2,1,Promising
CUST9771,12,6105,ORD096405,96405,3595,4,4,3,Loyal
CUST9772,14,8240,ORD090442,90442,9558,2,5,4,At Risk
CUST9773,16,10697,ORD090362,90362,9638,2,5,5,At Risk
CUST9774,7,3264,ORD065968,65968,34032,1,1,1,Lost
CUST9775,11,5482,ORD091290,91290,8710,2,3,2,At Risk
CUST9776,12,7141,ORD098510,98510,1490,5,4,4,Champions
CUST9777,12,8015,ORD094405,94405,5595,3,4,4,Loyal
CUST9778,9,4269,ORD099318,99318,682,5,2,1,New Customers
CUST9779,13,10820,ORD094032,94032,5968,3,4,5,Loyal
CUST9780,10,5282,ORD089799,89799,10201,2,3,2,At Risk
CUST9781,7,2453,ORD098248,98248,1752,5,1,1,New Customers
CUST9782,13,10343,ORD090233,90233,9767,2,4,5,At Risk
CUST9783,10,5535,ORD096336,96336,3664,4,3,2,Loyal
CUST9784,9,4317,ORD092459,92459,7541,3,2,1,Promising
CUST9785,13,5397,ORD087407,87407,12593,2,4,2,At Risk
CUST9786,12,5982,ORD099907,99907,93,5,4,3,Loyal
CUST9787,14,7592,ORD099046,99046,954,5,5,4,Champions
CUST9788,12,7760,ORD079064,79064,20936,1,4,4,At Risk
CUST9789,12,6617,ORD099702,99702,298,5,4,3,Loyal
CUST9790,12,6960,ORD097895,97895,2105,4,4,3,Loyal
CUST9791,9,6648,ORD072950,72950,27050,1,2,3,Hibernating
CUST9792,9,5132,ORD095608,95608,4392,4,2,2,New Customers
CUST9793,9,4067,ORD096011,96011,3989,4,2,1,New Customers
CUST9794,6,1801,ORD077055,77055,22945,1,1,1,Lost
CUST9795,7,4205,ORD073731,73731,26269,1,1,1,Lost
CUST9796,12,9554,ORD098421,98421,1579,5,4,5,Champions
CUST9797,9,4801,ORD087560,87560,12440,2,2,2,Promising
CUST9798,12,9247,ORD060489,60489,39511,1,4,5,At Risk
CUST9799,9,6019,ORD093877,93877,6123,3,2,3,Potential Loyalists
CUST9800,9,4691,ORD077743,77743,22257,1,2,2,Promising
CUST9801,10,5039,ORD098093,98093,1907,5,3,2,Loyal
CUST9802,15,9356,ORD093433,93433,6567,3,5,5,Loyal
CUST9803,9,6248,ORD088009,88009,11991,2,2,3,Hibernating
CUST9804,16,8366,ORD088892,88892,11108,2,5,4,At Risk
CUST9805,13,6287,ORD089487,89487,10513,2,4,3,At Risk
CUST9806,11,4285,ORD065259,65259,34741,1,3,1,At Risk
CUST9807,12,6037,ORD083531,83531,16469,1,4,3,At Risk
CUST9808,10,5134,ORD086972,86972,13028,2,3,2,At Risk
CUST9809,4,1493,ORD098654,98654,1346,5,1,1,New Customers
CUST9810,19,12058,ORD082708,82708,17292,1,5,5,At Risk
CUST9811,8,5597,ORD097348,97348,2652,4,2,2,New Customers
CUST9812,11,5236,ORD092497,92497,7503,3,3,2,Loyal
CUST9813,9,4161,ORD067414,67414,32586,1,2,1,Promising
CUST9814,12,10076,ORD094372,94372,5628,3,4,5,Loyal
CUST9815,11,7207,ORD092937,92937,7063,3,3,4,Loyal
CUST9816,6,2854,ORD076693,76693,23307,1,1,1,Lost
CUST9817,8,4405,ORD087497,87497,12503,2,2,1,Promising
CUST9818,16,11279,ORD094226,94226,5774,3,5,5,Loyal
CUST9819,12,6443,ORD092280,92280,7720,3,4,3,Loyal
CUST9820,10,3117,ORD089808,89808,10192,2,3,1,At Risk
CUST9821,12,6177,ORD080843,80843,19157,1,4,3,At Risk
CUST9822,12,7605,ORD092651,92651,7349,3,4,4,Loyal
CUST9823,7,3715,ORD085653,85653,14347,2,1,1,Promising
CUST9824,12,9239,ORD080809,80809,19191,1,4,5,At Risk
CUST9825,8,5888,ORD089384,89384,10616,2,2,3,Hibernating
CUST9826,11,7232,ORD098238,98238,1762,5,3,4,Loyal
CUST9827,15,9384,ORD077454,77454,22546,1,5,5,At Risk
CUST9828,11,7904,ORD089966,89966,10034,2,3,4,At Risk
CUST9829,16,5102,ORD099324,99324,676,5,5,2,Loyal
CUST9830,12,5827,ORD089113,89113,10887,2,4,3,At Risk
CUST9831,14,6811,ORD087899,87899,12101,2,5,3,At Risk
CUST9832,10,5541,ORD075273,75273,24727,1,3,2,At Risk
CUST9833,8,3084,ORD083125,83125,16875,1,2,1,Promising
CUST9834,11,5954,ORD097366,97366,2634,4,3,3,Loyal
CUST9835,7,4999,ORD060284,60284,39716,1,1,2,Lost
CUST9836,9,2760,ORD083541,83541,16459,1,2,1,Promising
CUST9837,18,11077,ORD099764,99764,236,5,5,5,Champions
CUST9838,11,10903,ORD093505,93505,6495,3,3,5,Loyal
CUST9839,10,5407,ORD099492,99492,508,5,3,2,Loyal
CUST9840,7,5720,ORD058117,58117,41883,1,1,2,Lost
CUST9841,16,11320,ORD093399,93399,6601,3,5,5,Loyal
CUST9842,14,7315,ORD098766,98766,1234,5,5,4,Champions
CUST9843,8,5348,ORD083515,83515,16485,1,2,2,Promising
CUST9844,11,7382,ORD087457,87457,12543,2,3,4,At Risk
CUST9845,16,7754,ORD088373,88373,11627,2,5,4,At Risk
CUST9846,15,9342,ORD092401,92401,7599,3,5,5,Loyal
CUST9847,10,3533,ORD079057,79057,20943,1,3,1,At Risk
CUST9848,14,7090,ORD096977,96977,3023,4,5,4,Champions
CUST9849,9,4391,ORD094052,94052,5948,3,2,1,Promising
CUST9850,13,7122,ORD079886,79886,20114,1,4,4,At Risk
CUST9851,9,6791,ORD096471,96471,3529,4,2,3,New Customers
CUST9852,12,6619,ORD071426,71426,28574,1,4,3,At Risk
CUST9853,13,8662,ORD099232,99232,768,5,4,5,Champions
CUST9854,12,7388,ORD077615,77615,22385,1,4,4,At Risk
CUST9855,6,5209,ORD065215,65215,34785,1,1,2,Lost
CUST9856,15,7309,ORD062963,62963,37037,1,5,4,At Risk
CUST9857,9,4857,ORD098561,98561,1439,5,2,2,New Customers
CUST9858,7,3134,ORD084850,84850,15150,1,1,1,Lost
CUST9859,9,2478,ORD099970,99970,30,5,2,1,New Customers
CUST9860,10,7556,ORD098356,98356,1644,5,3,4,Loyal
CUST9861,19,10635,ORD085329,85329,14671,1,5,5,At Risk
CUST9862,8,4680,ORD092211,92211,7789,3,2,2,Promising
CUST9863,18,10796,ORD099745,99745,255,5,5,5,Champions
CUST9864,12,4851,ORD095727,95727,4273,4,4,2,Loyal
CUST9865,10,4559,ORD093383,93383,6617,3,3,2,Loyal
CUST9866,11,5193,ORD099214,99214,786,5,3,2,Loyal
CUST9867,9,4193,ORD087752,87752,12248,2,2,1,Promising
CUST9868,10,4936,ORD096584,96584,3416,4,3,2,Loyal
CUST9869,12,8104,ORD087406,87406,12594,2,4,4,At Risk
CUST9870,11,5044,ORD098463,98463,1537,5,3,2,Loyal
CUST9871,17,10693,ORD095642,95642,4358,4,5,5,Champions
CUST9872,8,4099,ORD089866,89866,10134,2,2,1,Promising
CUST9873,8,3947,ORD077890,77890,22110,1,2,1,Promising
CUST9874,11,9931,ORD093606,93606,6394,3,3,5,Loyal
CUST9875,13,7185,ORD097599,97599,2401,4,4,4,Champions
CUST9876,16,7569,ORD094033,94033,5967,3,5,4,Loyal
CUST9877,14,11700,ORD098895,98895,1105,5,5,5,Champions
CUST9878,6,4128,ORD081927,81927,18073,1,1,1,Lost
CUST9879,14,8355,ORD092986,92986,7014,3,5,4,Loyal
CUST9880,13,6325,ORD098333,98333,1667,5,4,3,Loyal
CUST9881,7,4840,ORD083362,83362,16638,1,1,2,Lost
CUST9882,13,5454,ORD097464,97464,2536,4,4,2,Loyal
CUST9883,13,7996,ORD092770,92770,7230,3,4,4,Loyal
CUST9884,11,6282,ORD094068,94068,5932,3,3,3,Loyal
CUST9885,8,4729,ORD093153,93153,6847,3,2,2,Promising
CUST9886,9,7700,ORD086547,86547,13453,2,2,4,Hibernating
CUST9887,9,4166,ORD091983,91983,8017,3,2,1,Promising
CUST9888,6,4072,ORD066191,66191,33809,1,1,1,Lost
CUST9889,4,2608,ORD096681,96681,3319,4,1,1,New Customers
CUST9890,10,7239,ORD086150,86150,13850,2,3,4,At Risk
CUST9891,10,5579,ORD091691,91691,8309,2,3,2,At Risk
CUST9892,19,11058,ORD093062,93062,6938,3,5,5,Loyal
CUST9893,12,8479,ORD084663,84663,15337,1,4,4,At Risk
CUST9894,7,4457,ORD097619,97619,2381,4,1,1,New Customers
CUST9895,8,4701,ORD095493,95493,4507,4,2,2,New Customers
CUST9896,10,5752,ORD094898,94898,5102,3,3,2,Loyal
CUST9897,14,8006,ORD096737,96737,3263,4,5,4,Champions
CUST9898,8,2964,ORD088510,88510,11490,2,2,1,Promising
CUST9899,12,6364,ORD086846,86846,13154,2,4,3,At Risk
CUST9900,12,4840,ORD077563,77563,22437,1,4,2,At Risk
CUST9901,15,9759,ORD096173,96173,3827,4,5,5,Champions
CUST9902,8,5164,ORD097068,97068,2932,4,2,2,New Customers
CUST9903,17,12137,ORD088157,88157,11843,2,5,5,At Risk
CUST9904,11,6975,ORD085867,85867,14133,2,3,3,At Risk
CUST9905,11,3203,ORD085542,85542,14458,2,3,1,At Risk
CUST9906,11,8198,ORD095036,95036,4964,3,3,4,Loyal
CUST9907,14,4501,ORD096037,96037,3963,4,5,2,Loyal
CUST9908,16,8358,ORD096329,96329,3671,4,5,4,Champions
CUST9909,6,1706,ORD089315,89315,10685,2,1,1,Promising
CUST9910,6,3044,ORD091216,91216,8784,2,1,1,Promising
CUST9911,12,7926,ORD098003,98003,1997,5,4,4,Champions
CUST9912,11,7095,ORD084344,84344,15656,1,3,4,At Risk
CUST9913,9,6266,ORD094799,94799,5201,3,2,3,Potential Loyalists
CUST9914,15,10970,ORD090858,90858,9142,2,5,5,At Risk
CUST9915,12,6350,ORD094037,94037,5963,3,4,3,Loyal
CUST9916,7,4810,ORD093305,93305,6695,3,1,2,Promising
CUST9917,6,3480,ORD072573,72573,27427,1,1,1,Lost
CUST9918,11,8626,ORD092848,92848,7152,3,3,5,Loyal
CUST9919,15,10888,ORD095875,95875,4125,4,5,5,Champions
CUST9920,14,9810,ORD091515,91515,8485,2,5,5,At Risk
CUST9921,13,7959,ORD099419,99419,581,5,4,4,Champions
CUST9922,11,7112,ORD099220,99220,780,5,3,4,Loyal
CUST9923,10,5235,ORD081729,81729,18271,1,3,2,At Risk
CUST9924,8,6202,ORD060943,60943,39057,1,2,3,Hibernating
CUST9925,12,6338,ORD097121,97121,2879,4,4,3,Loyal
CUST9926,9,4184,ORD092066,92066,7934,3,2,1,Promising
CUST9927,4,2961,ORD085263,85263,14737,1,1,1,Lost
CUST9928,6,3328,ORD097260,97260,2740,4,1,1,New Customers
CUST9929,10,4481,ORD091599,91599,8401,2,3,1,At Risk
CUST9930,9,5061,ORD077222,77222,22778,1,2,2,Promising
CUST9931,12,8913,ORD091004,91004,8996,2,4,5,At Risk
CUST9932,6,3808,ORD099357,99357,643,5,1,1,New Customers
CUST9933,11,5311,ORD097783,97783,2217,4,3,2,Loyal
CUST9934,12,4759,ORD097904,97904,2096,4,4,2,Loyal
CUST9935,5,1876,ORD090582,90582,9418,2,1,1,Promising
CUST9936,13,7517,ORD088101,88101,11899,2,4,4,At Risk
CUST9937,9,8270,ORD078365,78365,21635,1,2,4,Hibernating
CUST9938,14,8729,ORD096464,96464,3536,4,5,5,Champions
CUST9939,9,4836,ORD096233,96233,3767,4,2,2,New Customers
CUST9940,12,7657,ORD080438,80438,19562,1,4,4,At Risk
CUST9941,12,7100,ORD078285,78285,21715,1,4,4,At Risk
CUST9942,8,5679,ORD090941,90941,9059,2,2,2,Promising
CUST9943,9,5076,ORD095027,95027,4973,3,2,2,Promising
CUST9944,13,11635,ORD094640,94640,5360,3,4,5,Loyal
CUST9945,6,3729,ORD093792,93792,6208,3,1,1,Promising
CUST9946,17,9142,ORD095847,95847,4153,4,5,5,Champions
CUST9947,10,6427,ORD094886,94886,5114,3,3,3,Loyal
CUST9948,19,9820,ORD098939,98939,1061,5,5,5,Champions
CUST9949,4,1254,ORD092041,92041,7959,3,1,1,Promising
CUST9950,16,11522,ORD093146,93146,6854,3,5,5,Loyal
CUST9951,18,11726,ORD094902,94902,5098,3,5,5,Loyal
CUST9952,8,2734,ORD087937,87937,12063,2,2,1,Promising
CUST9953,8,5104,ORD082192,82192,17808,1,2,2,Promising
CUST9954,12,5589,ORD097968,97968,2032,4,4,2,Loyal
CUST9955,13,11061,ORD078216,78216,21784,1,4,5,At Risk
CUST9956,11,6216,ORD095995,95995,4005,4,3,3,Loyal
CUST9957,11,5399,ORD099892,99892,108,5,3,2,Loyal
CUST9958,10,6907,ORD082652,82652,17348,1,3,3,At Risk
CUST9959,12,7202,ORD092223,92223,7777,3,4,4,Loyal
CUST9960,7,6809,ORD094701,94701,5299,3,1,3,Promising
CUST9961,9,4369,ORD093639,93639,6361,3,2,1,Promising
CUST9962,11,6780,ORD096947,96947,3053,4,3,3,Loyal
CUST9963,9,4303,ORD096605,96605,3395,4,2,1,New Customers
CUST9964,18,11354,ORD095665,95665,4335,4,5,5,Champions
CUST9965,11,4450,ORD092240,92240,7760,3,3,1,Loyal
CUST9966,7,2857,ORD091369,91369,8631,2,1,1,Promising
CUST9967,9,4326,ORD096744,96744,3256,4,2,1,New Customers
CUST9968,4,2170,ORD072215,72215,27785,1,1,1,Lost
CUST9969,8,5075,ORD092768,92768,7232,3,2,2,Promising
CUST9970,16,6106,ORD098332,98332,1668,5,5,3,Loyal
CUST9971,19,11912,ORD099661,99661,339,5,5,5,Champions
CUST9972,13,6716,ORD098795,98795,1205,5,4,3,Loyal
CUST9973,10,6501,ORD097788,97788,2212,4,3,3,Loyal
CUST9974,6,4038,ORD089129,89129,10871,2,1,1,Promising
CUST9975,8,5591,ORD099999,99999,1,5,2,2,New Customers
CUST9976,7,6385,ORD099561,99561,439,5,1,3,New Customers
CUST9977,15,8337,ORD099938,99938,62,5,5,4,Champions
CUST9978,15,7756,ORD087175,87175,12825,2,5,4,At Risk
CUST9979,13,8353,ORD099270,99270,730,5,4,4,Champions
CUST9980,10,5365,ORD097023,97023,2977,4,3,2,Loyal
CUST9981,14,5442,ORD093475,93475,6525,3,5,2,Loyal
CUST9982,6,3288,ORD079395,79395,20605,1,1,1,Lost
CUST9983,11,6053,ORD099025,99025,975,5,3,3,Loyal
CUST9984,14,6839,ORD099619,99619,381,5,5,3,Loyal
CUST9985,8,4105,ORD092248,92248,7752,3,2,1,Promising
CUST9986,13,6928,ORD091700,91700,8300,2,4,3,At Risk
CUST9987,8,4883,ORD080664,80664,19336,1,2,2,Promising
CUST9988,10,5474,ORD080146,80146,19854,1,3,2,At Risk
CUST9989,10,6025,ORD092844,92844,7156,3,3,3,Loyal
CUST9990,9,4584,ORD097112,97112,2888,4,2,2,New Customers
CUST9991,14,9603,ORD096121,96121,3879,4,5,5,Champions
CUST9992,10,4816,ORD092837,92837,7163,3,3,2,Loyal
CUST9993,14,8908,ORD090579,90579,9421,2,5,5,At Risk
CUST9994,8,7038,ORD094287,94287,5713,3,2,4,Potential Loyalists
CUST9995,9,6148,ORD090096,90096,9904,2,2,3,Hibernating
CUST9996,11,6714,ORD099143,99143,857,5,3,3,Loyal
CUST9997,7,3402,ORD090969,90969,9031,2,1,1,Promising
CUST9998,7,4072,ORD098408,98408,1592,5,1,1,New Customers
CUST9999,11,7444,ORD095000,95000,5000,3,3,4,Loyal
